model,model_revision,backend,task,example_id,keyword_strategy,clean_question,context,reference,question_word_count,condition,typo_type,location,severity,actual_severity,severity_achieved,typo_difficulty,mitigation,input_question,corruption_seed,edits,corruption_replicate,actual_char_operations,prediction,em,f1,semantic_correct,accuracy,latency_seconds,error,token_count,clean_token_count,token_increase,clean_example_score,example_drop,x,y
meta-llama/Llama-3.2-3B-Instruct,,hf,squad,56beb3a03aeaaa14008c9248,idf,How many total touchdowns did Cam Newton score?,"The Panthers offense, which led the NFL in scoring (500 points), was loaded with talent, boasting six Pro Bowl selections. Pro Bowl quarterback Cam Newton had one of his best seasons, throwing for 3,837 yards and rushing for 636, while recording a career-high and league-leading 45 total touchdowns (35 passing, 10 rushing), a career-low 10 interceptions, and a career-best quarterback rating of 99.4. Newton's leading receivers were tight end Greg Olsen, who caught a career-high 77 passes for 1,104 yards and seven touchdowns, and wide receiver Ted Ginn, Jr., who caught 44 passes for 739 yards and 10 touchdowns; Ginn also rushed for 60 yards and returned 27 punts for 277 yards. Other key receivers included veteran Jerricho Cotchery (39 receptions for 485 yards), rookie Devin Funchess (31 receptions for 473 yards and five touchdowns), and second-year receiver Corey Brown (31 receptions for 447 yards). The Panthers backfield featured Pro Bowl running back Jonathan Stewart, who led the team with 989 rushing yards and six touchdowns in 13 games, along with Pro Bowl fullback Mike Tolbert, who rushed for 256 yards and caught 18 passes for another 154 yards. Carolina's offensive line also featured two Pro Bowl selections: center Ryan Kalil and guard Trai Turner.","[""45"", ""45"", ""45""]",8,clean,none,none,0,0,True,none,none,How many total touchdowns did Cam Newton score?,,[],,0,"35 passing, 10 rushing",0.0,0.0,0.0,,1.121026171998892,,9,9,0,0.0,0.0,-9.831902,-14.067139
meta-llama/Llama-3.2-3B-Instruct,,hf,squad,56beb3a03aeaaa14008c9248,idf,How many total touchdowns did Cam Newton score?,"The Panthers offense, which led the NFL in scoring (500 points), was loaded with talent, boasting six Pro Bowl selections. Pro Bowl quarterback Cam Newton had one of his best seasons, throwing for 3,837 yards and rushing for 636, while recording a career-high and league-leading 45 total touchdowns (35 passing, 10 rushing), a career-low 10 interceptions, and a career-best quarterback rating of 99.4. Newton's leading receivers were tight end Greg Olsen, who caught a career-high 77 passes for 1,104 yards and seven touchdowns, and wide receiver Ted Ginn, Jr., who caught 44 passes for 739 yards and 10 touchdowns; Ginn also rushed for 60 yards and returned 27 punts for 277 yards. Other key receivers included veteran Jerricho Cotchery (39 receptions for 485 yards), rookie Devin Funchess (31 receptions for 473 yards and five touchdowns), and second-year receiver Corey Brown (31 receptions for 447 yards). The Panthers backfield featured Pro Bowl running back Jonathan Stewart, who led the team with 989 rushing yards and six touchdowns in 13 games, along with Pro Bowl fullback Mike Tolbert, who rushed for 256 yards and caught 18 passes for another 154 yards. Carolina's offensive line also featured two Pro Bowl selections: center Ryan Kalil and guard Trai Turner.","[""45"", ""45"", ""45""]",8,corrupted,keyboard,any,1,1,True,hard,none,How many total toufhdpwns did Cam Newton score?,42556087.0,"[{""edit_num"": 1, ""old"": ""touchdowns"", ""new"": ""toufhdpwns"", ""location"": ""any"", ""typo_type"": ""keyboard"", ""difficulty"": ""hard"", ""word_index"": 3, ""char_indices"": [3, 6], ""operation_count"": 2}]",0.0,2,"35 passing, 10 rushing",0.0,0.0,0.0,,1.267128371000581,,13,9,4,0.0,0.0,9.809505,-9.31972
meta-llama/Llama-3.2-3B-Instruct,,hf,squad,56beb3a03aeaaa14008c9248,idf,How many total touchdowns did Cam Newton score?,"The Panthers offense, which led the NFL in scoring (500 points), was loaded with talent, boasting six Pro Bowl selections. Pro Bowl quarterback Cam Newton had one of his best seasons, throwing for 3,837 yards and rushing for 636, while recording a career-high and league-leading 45 total touchdowns (35 passing, 10 rushing), a career-low 10 interceptions, and a career-best quarterback rating of 99.4. Newton's leading receivers were tight end Greg Olsen, who caught a career-high 77 passes for 1,104 yards and seven touchdowns, and wide receiver Ted Ginn, Jr., who caught 44 passes for 739 yards and 10 touchdowns; Ginn also rushed for 60 yards and returned 27 punts for 277 yards. Other key receivers included veteran Jerricho Cotchery (39 receptions for 485 yards), rookie Devin Funchess (31 receptions for 473 yards and five touchdowns), and second-year receiver Corey Brown (31 receptions for 447 yards). The Panthers backfield featured Pro Bowl running back Jonathan Stewart, who led the team with 989 rushing yards and six touchdowns in 13 games, along with Pro Bowl fullback Mike Tolbert, who rushed for 256 yards and caught 18 passes for another 154 yards. Carolina's offensive line also featured two Pro Bowl selections: center Ryan Kalil and guard Trai Turner.","[""45"", ""45"", ""45""]",8,corrupted,keyboard,any,2,2,True,hard,none,How many yktal toufhdpwns did Cam Newton score?,42556087.0,"[{""edit_num"": 1, ""old"": ""touchdowns"", ""new"": ""toufhdpwns"", ""location"": ""any"", ""typo_type"": ""keyboard"", ""difficulty"": ""hard"", ""word_index"": 3, ""char_indices"": [3, 6], ""operation_count"": 2}, {""edit_num"": 2, ""old"": ""total"", ""new"": ""yktal"", ""location"": ""any"", ""typo_type"": ""keyboard"", ""difficulty"": ""hard"", ""word_index"": 2, ""char_indices"": [0, 1], ""operation_count"": 2}]",0.0,4,I can't help with that.,0.0,0.0,0.0,,1.3619129969993082,,15,9,6,0.0,0.0,17.924742,-7.5037017
meta-llama/Llama-3.2-3B-Instruct,,hf,squad,56beb3a03aeaaa14008c9248,idf,How many total touchdowns did Cam Newton score?,"The Panthers offense, which led the NFL in scoring (500 points), was loaded with talent, boasting six Pro Bowl selections. Pro Bowl quarterback Cam Newton had one of his best seasons, throwing for 3,837 yards and rushing for 636, while recording a career-high and league-leading 45 total touchdowns (35 passing, 10 rushing), a career-low 10 interceptions, and a career-best quarterback rating of 99.4. Newton's leading receivers were tight end Greg Olsen, who caught a career-high 77 passes for 1,104 yards and seven touchdowns, and wide receiver Ted Ginn, Jr., who caught 44 passes for 739 yards and 10 touchdowns; Ginn also rushed for 60 yards and returned 27 punts for 277 yards. Other key receivers included veteran Jerricho Cotchery (39 receptions for 485 yards), rookie Devin Funchess (31 receptions for 473 yards and five touchdowns), and second-year receiver Corey Brown (31 receptions for 447 yards). The Panthers backfield featured Pro Bowl running back Jonathan Stewart, who led the team with 989 rushing yards and six touchdowns in 13 games, along with Pro Bowl fullback Mike Tolbert, who rushed for 256 yards and caught 18 passes for another 154 yards. Carolina's offensive line also featured two Pro Bowl selections: center Ryan Kalil and guard Trai Turner.","[""45"", ""45"", ""45""]",8,corrupted,keyboard,any,3,3,True,hard,none,How many yktal toufhdpwns did Cam Newton scofw?,42556087.0,"[{""edit_num"": 1, ""old"": ""touchdowns"", ""new"": ""toufhdpwns"", ""location"": ""any"", ""typo_type"": ""keyboard"", ""difficulty"": ""hard"", ""word_index"": 3, ""char_indices"": [3, 6], ""operation_count"": 2}, {""edit_num"": 2, ""old"": ""total"", ""new"": ""yktal"", ""location"": ""any"", ""typo_type"": ""keyboard"", ""difficulty"": ""hard"", ""word_index"": 2, ""char_indices"": [0, 1], ""operation_count"": 2}, {""edit_num"": 3, ""old"": ""score"", ""new"": ""scofw"", ""location"": ""any"", ""typo_type"": ""keyboard"", ""difficulty"": ""hard"", ""word_index"": 7, ""char_indices"": [3, 4], ""operation_count"": 2}]",0.0,6,I can't fulfill this request.,0.0,0.0,0.0,,1.26754833799896,,16,9,7,0.0,0.0,22.532166,-6.4003243
meta-llama/Llama-3.2-3B-Instruct,,hf,squad,56beb7953aeaaa14008c92ad,idf,Who won Super Bowl XLIX?,"The Broncos defeated the Pittsburgh Steelers in the divisional round, 23–16, by scoring 11 points in the final three minutes of the game. They then beat the defending Super Bowl XLIX champion New England Patriots in the AFC Championship Game, 20–18, by intercepting a pass on New England's 2-point conversion attempt with 17 seconds left on the clock. Despite Manning's problems with interceptions during the season, he didn't throw any in their two playoff games.","[""New England Patriots"", ""New England Patriots"", ""Patriots""]",5,clean,none,none,0,0,True,none,none,Who won Super Bowl XLIX?,,[],,0,New England Patriots,1.0,1.0,1.0,,0.6350612019996333,,7,7,0,1.0,0.0,-5.341525,-27.970114
meta-llama/Llama-3.2-3B-Instruct,,hf,squad,56beb7953aeaaa14008c92ad,idf,Who won Super Bowl XLIX?,"The Broncos defeated the Pittsburgh Steelers in the divisional round, 23–16, by scoring 11 points in the final three minutes of the game. They then beat the defending Super Bowl XLIX champion New England Patriots in the AFC Championship Game, 20–18, by intercepting a pass on New England's 2-point conversion attempt with 17 seconds left on the clock. Despite Manning's problems with interceptions during the season, he didn't throw any in their two playoff games.","[""New England Patriots"", ""New England Patriots"", ""Patriots""]",5,corrupted,keyboard,any,1,1,True,hard,none,Who won Super Bowl CLIS?,43566794.0,"[{""edit_num"": 1, ""old"": ""XLIX"", ""new"": ""CLIS"", ""location"": ""any"", ""typo_type"": ""keyboard"", ""difficulty"": ""hard"", ""word_index"": 4, ""char_indices"": [0, 3], ""operation_count"": 2}]",0.0,2,There is no mention of Super Bowl CLIS in the provided context.,0.0,0.0,0.0,,1.1690857760004292,,7,7,0,1.0,1.0,-0.29545304,-28.145452
meta-llama/Llama-3.2-3B-Instruct,,hf,squad,56beb7953aeaaa14008c92ad,idf,Who won Super Bowl XLIX?,"The Broncos defeated the Pittsburgh Steelers in the divisional round, 23–16, by scoring 11 points in the final three minutes of the game. They then beat the defending Super Bowl XLIX champion New England Patriots in the AFC Championship Game, 20–18, by intercepting a pass on New England's 2-point conversion attempt with 17 seconds left on the clock. Despite Manning's problems with interceptions during the season, he didn't throw any in their two playoff games.","[""New England Patriots"", ""New England Patriots"", ""Patriots""]",5,corrupted,keyboard,any,2,2,True,hard,none,Who won Super Bpsl CLIS?,43566794.0,"[{""edit_num"": 1, ""old"": ""XLIX"", ""new"": ""CLIS"", ""location"": ""any"", ""typo_type"": ""keyboard"", ""difficulty"": ""hard"", ""word_index"": 4, ""char_indices"": [0, 3], ""operation_count"": 2}, {""edit_num"": 2, ""old"": ""Bowl"", ""new"": ""Bpsl"", ""location"": ""any"", ""typo_type"": ""keyboard"", ""difficulty"": ""hard"", ""word_index"": 3, ""char_indices"": [1, 2], ""operation_count"": 2}]",0.0,4,The Broncos,0.0,0.0,0.0,,0.5734679540000798,,9,7,2,1.0,1.0,9.993766,-26.972761
meta-llama/Llama-3.2-3B-Instruct,,hf,squad,56beb7953aeaaa14008c92ad,idf,Who won Super Bowl XLIX?,"The Broncos defeated the Pittsburgh Steelers in the divisional round, 23–16, by scoring 11 points in the final three minutes of the game. They then beat the defending Super Bowl XLIX champion New England Patriots in the AFC Championship Game, 20–18, by intercepting a pass on New England's 2-point conversion attempt with 17 seconds left on the clock. Despite Manning's problems with interceptions during the season, he didn't throw any in their two playoff games.","[""New England Patriots"", ""New England Patriots"", ""Patriots""]",5,corrupted,keyboard,any,3,3,True,hard,none,Who won Supdt Bpsl CLIS?,43566794.0,"[{""edit_num"": 1, ""old"": ""XLIX"", ""new"": ""CLIS"", ""location"": ""any"", ""typo_type"": ""keyboard"", ""difficulty"": ""hard"", ""word_index"": 4, ""char_indices"": [0, 3], ""operation_count"": 2}, {""edit_num"": 2, ""old"": ""Bowl"", ""new"": ""Bpsl"", ""location"": ""any"", ""typo_type"": ""keyboard"", ""difficulty"": ""hard"", ""word_index"": 3, ""char_indices"": [1, 2], ""operation_count"": 2}, {""edit_num"": 3, ""old"": ""Super"", ""new"": ""Supdt"", ""location"": ""any"", ""typo_type"": ""keyboard"", ""difficulty"": ""hard"", ""word_index"": 2, ""char_indices"": [3, 4], ""operation_count"": 2}]",0.0,6,Broncos,0.0,0.0,0.0,,0.5955929000010656,,10,7,3,1.0,1.0,18.65995,-24.523235
meta-llama/Llama-3.2-3B-Instruct,,hf,squad,56bf1ae93aeaaa14008c951b,idf,Which network broadcasted the 50th Super Bowl game? ,"CBS broadcast Super Bowl 50 in the U.S., and charged an average of $5 million for a 30-second commercial during the game. The Super Bowl 50 halftime show was headlined by the British rock group Coldplay with special guest performers Beyoncé and Bruno Mars, who headlined the Super Bowl XLVII and Super Bowl XLVIII halftime shows, respectively. It was the third-most watched U.S. broadcast ever.","[""CBS"", ""CBS"", ""CBS""]",8,clean,none,none,0,0,True,none,none,Which network broadcasted the 50th Super Bowl game? ,,[],,0,CBS,1.0,1.0,1.0,,0.4646799620004458,,13,13,0,1.0,0.0,-9.662009,-25.396988
meta-llama/Llama-3.2-3B-Instruct,,hf,squad,56bf1ae93aeaaa14008c951b,idf,Which network broadcasted the 50th Super Bowl game? ,"CBS broadcast Super Bowl 50 in the U.S., and charged an average of $5 million for a 30-second commercial during the game. The Super Bowl 50 halftime show was headlined by the British rock group Coldplay with special guest performers Beyoncé and Bruno Mars, who headlined the Super Bowl XLVII and Super Bowl XLVIII halftime shows, respectively. It was the third-most watched U.S. broadcast ever.","[""CBS"", ""CBS"", ""CBS""]",8,corrupted,keyboard,any,1,1,True,hard,none,Which network broadcasted the 50th Super Bowl gqke? ,42075751.0,"[{""edit_num"": 1, ""old"": ""game"", ""new"": ""gqke"", ""location"": ""any"", ""typo_type"": ""keyboard"", ""difficulty"": ""hard"", ""word_index"": 7, ""char_indices"": [1, 2], ""operation_count"": 2}]",0.0,2,CBS,1.0,1.0,1.0,,0.5334582010000304,,15,13,2,1.0,0.0,-0.87530524,-23.65624
meta-llama/Llama-3.2-3B-Instruct,,hf,squad,56bf1ae93aeaaa14008c951b,idf,Which network broadcasted the 50th Super Bowl game? ,"CBS broadcast Super Bowl 50 in the U.S., and charged an average of $5 million for a 30-second commercial during the game. The Super Bowl 50 halftime show was headlined by the British rock group Coldplay with special guest performers Beyoncé and Bruno Mars, who headlined the Super Bowl XLVII and Super Bowl XLVIII halftime shows, respectively. It was the third-most watched U.S. broadcast ever.","[""CBS"", ""CBS"", ""CBS""]",8,corrupted,keyboard,any,2,2,True,hard,none,Which network brladcqsted the 50th Super Bowl gqke? ,42075751.0,"[{""edit_num"": 1, ""old"": ""game"", ""new"": ""gqke"", ""location"": ""any"", ""typo_type"": ""keyboard"", ""difficulty"": ""hard"", ""word_index"": 7, ""char_indices"": [1, 2], ""operation_count"": 2}, {""edit_num"": 2, ""old"": ""broadcasted"", ""new"": ""brladcqsted"", ""location"": ""any"", ""typo_type"": ""keyboard"", ""difficulty"": ""hard"", ""word_index"": 2, ""char_indices"": [2, 6], ""operation_count"": 2}]",0.0,4,CBS,1.0,1.0,1.0,,0.5365276149987039,,17,13,4,1.0,0.0,12.627361,-18.791641
meta-llama/Llama-3.2-3B-Instruct,,hf,squad,56bf1ae93aeaaa14008c951b,idf,Which network broadcasted the 50th Super Bowl game? ,"CBS broadcast Super Bowl 50 in the U.S., and charged an average of $5 million for a 30-second commercial during the game. The Super Bowl 50 halftime show was headlined by the British rock group Coldplay with special guest performers Beyoncé and Bruno Mars, who headlined the Super Bowl XLVII and Super Bowl XLVIII halftime shows, respectively. It was the third-most watched U.S. broadcast ever.","[""CBS"", ""CBS"", ""CBS""]",8,corrupted,keyboard,any,3,3,True,hard,none,Which network brladcqsted the 50th Zuprr Bowl gqke? ,42075751.0,"[{""edit_num"": 1, ""old"": ""game"", ""new"": ""gqke"", ""location"": ""any"", ""typo_type"": ""keyboard"", ""difficulty"": ""hard"", ""word_index"": 7, ""char_indices"": [1, 2], ""operation_count"": 2}, {""edit_num"": 2, ""old"": ""broadcasted"", ""new"": ""brladcqsted"", ""location"": ""any"", ""typo_type"": ""keyboard"", ""difficulty"": ""hard"", ""word_index"": 2, ""char_indices"": [2, 6], ""operation_count"": 2}, {""edit_num"": 3, ""old"": ""Super"", ""new"": ""Zuprr"", ""location"": ""any"", ""typo_type"": ""keyboard"", ""difficulty"": ""hard"", ""word_index"": 5, ""char_indices"": [0, 3], ""operation_count"": 2}]",0.0,6,CBS,1.0,1.0,1.0,,0.5651933270000882,,19,13,6,1.0,0.0,18.51124,-17.025812
meta-llama/Llama-3.2-3B-Instruct,,hf,squad,56d70d240d65d21400198327,idf,Which hotel did the Panthers stay at for the Super Bowl?,The Panthers used the San Jose State practice facility and stayed at the San Jose Marriott. The Broncos practiced at Stanford University and stayed at the Santa Clara Marriott.,"[""San Jose Marriott."", ""the San Jose Marriott"", ""San Jose Marriott""]",11,clean,none,none,0,0,True,none,none,Which hotel did the Panthers stay at for the Super Bowl?,,[],,0,San Jose Marriott,1.0,1.0,1.0,,0.4159900449994893,,12,12,0,1.0,0.0,-12.424443,-21.398134
meta-llama/Llama-3.2-3B-Instruct,,hf,squad,56d70d240d65d21400198327,idf,Which hotel did the Panthers stay at for the Super Bowl?,The Panthers used the San Jose State practice facility and stayed at the San Jose Marriott. The Broncos practiced at Stanford University and stayed at the Santa Clara Marriott.,"[""San Jose Marriott."", ""the San Jose Marriott"", ""San Jose Marriott""]",11,corrupted,keyboard,any,1,1,True,hard,none,Which jotsl did the Panthers stay at for the Super Bowl?,42436003.0,"[{""edit_num"": 1, ""old"": ""hotel"", ""new"": ""jotsl"", ""location"": ""any"", ""typo_type"": ""keyboard"", ""difficulty"": ""hard"", ""word_index"": 1, ""char_indices"": [0, 3], ""operation_count"": 2}]",0.0,2,San Jose Marriott,1.0,1.0,1.0,,0.4752900629991927,,14,12,2,1.0,0.0,-3.7531016,-15.936988
meta-llama/Llama-3.2-3B-Instruct,,hf,squad,56d70d240d65d21400198327,idf,Which hotel did the Panthers stay at for the Super Bowl?,The Panthers used the San Jose State practice facility and stayed at the San Jose Marriott. The Broncos practiced at Stanford University and stayed at the Santa Clara Marriott.,"[""San Jose Marriott."", ""the San Jose Marriott"", ""San Jose Marriott""]",11,corrupted,keyboard,any,2,2,True,hard,none,Which jotsl did the Panthers stay at for the Sulwr Bowl?,42436003.0,"[{""edit_num"": 1, ""old"": ""hotel"", ""new"": ""jotsl"", ""location"": ""any"", ""typo_type"": ""keyboard"", ""difficulty"": ""hard"", ""word_index"": 1, ""char_indices"": [0, 3], ""operation_count"": 2}, {""edit_num"": 2, ""old"": ""Super"", ""new"": ""Sulwr"", ""location"": ""any"", ""typo_type"": ""keyboard"", ""difficulty"": ""hard"", ""word_index"": 9, ""char_indices"": [2, 3], ""operation_count"": 2}]",0.0,4,San Jose Marriott,1.0,1.0,1.0,,0.4733889849994739,,15,12,3,1.0,0.0,-0.4735035,-13.968717
meta-llama/Llama-3.2-3B-Instruct,,hf,squad,56d70d240d65d21400198327,idf,Which hotel did the Panthers stay at for the Super Bowl?,The Panthers used the San Jose State practice facility and stayed at the San Jose Marriott. The Broncos practiced at Stanford University and stayed at the Santa Clara Marriott.,"[""San Jose Marriott."", ""the San Jose Marriott"", ""San Jose Marriott""]",11,corrupted,keyboard,any,3,3,True,hard,none,Which jotsl did the Panthers srwy at for the Sulwr Bowl?,42436003.0,"[{""edit_num"": 1, ""old"": ""hotel"", ""new"": ""jotsl"", ""location"": ""any"", ""typo_type"": ""keyboard"", ""difficulty"": ""hard"", ""word_index"": 1, ""char_indices"": [0, 3], ""operation_count"": 2}, {""edit_num"": 2, ""old"": ""Super"", ""new"": ""Sulwr"", ""location"": ""any"", ""typo_type"": ""keyboard"", ""difficulty"": ""hard"", ""word_index"": 9, ""char_indices"": [2, 3], ""operation_count"": 2}, {""edit_num"": 3, ""old"": ""stay"", ""new"": ""srwy"", ""location"": ""any"", ""typo_type"": ""keyboard"", ""difficulty"": ""hard"", ""word_index"": 5, ""char_indices"": [1, 2], ""operation_count"": 2}]",0.0,6,San Jose State practice facility,0.0,0.5,0.0,,0.521245968000585,,16,12,4,1.0,0.5,8.288815,-11.876518
meta-llama/Llama-3.2-3B-Instruct,,hf,squad,56d721af0d65d2140019839e,idf,Who made their Super Bowl commercial debut with Nintendo?,"CBS set the base rate for a 30-second advertisement at $5,000,000, a record high price for a Super Bowl ad. As of January 26, the advertisements had not yet sold out. CBS mandated that all advertisers purchase a package covering time on both the television and digital broadcasts of the game, meaning that for the first time, digital streams of the game would carry all national advertising in pattern with the television broadcast. This would be the final year in a multi-year contract with Anheuser-Busch InBev that allowed the beer manufacturer to air multiple advertisements during the game at a steep discount. It was also the final year that Doritos, a longtime sponsor of the game, held its ""Crash the Super Bowl"" contest that allowed viewers to create their own Doritos ads for a chance to have it aired during the game. Nintendo and The Pokémon Company also made their Super Bowl debut, promoting the 20th anniversary of the Pokémon video game and media franchise.","[""The Pokémon Company"", ""The Pokémon Company"", ""The Pokémon Company""]",9,clean,none,none,0,0,True,none,none,Who made their Super Bowl commercial debut with Nintendo?,,[],,0,The Pokémon Company,1.0,1.0,1.0,,0.914877889001218,,10,10,0,1.0,0.0,-10.7623,-21.197947
meta-llama/Llama-3.2-3B-Instruct,,hf,squad,56d721af0d65d2140019839e,idf,Who made their Super Bowl commercial debut with Nintendo?,"CBS set the base rate for a 30-second advertisement at $5,000,000, a record high price for a Super Bowl ad. As of January 26, the advertisements had not yet sold out. CBS mandated that all advertisers purchase a package covering time on both the television and digital broadcasts of the game, meaning that for the first time, digital streams of the game would carry all national advertising in pattern with the television broadcast. This would be the final year in a multi-year contract with Anheuser-Busch InBev that allowed the beer manufacturer to air multiple advertisements during the game at a steep discount. It was also the final year that Doritos, a longtime sponsor of the game, held its ""Crash the Super Bowl"" contest that allowed viewers to create their own Doritos ads for a chance to have it aired during the game. Nintendo and The Pokémon Company also made their Super Bowl debut, promoting the 20th anniversary of the Pokémon video game and media franchise.","[""The Pokémon Company"", ""The Pokémon Company"", ""The Pokémon Company""]",9,corrupted,keyboard,any,1,1,True,hard,none,Who made their Sjpee Bowl commercial debut with Nintendo?,43396675.0,"[{""edit_num"": 1, ""old"": ""Super"", ""new"": ""Sjpee"", ""location"": ""any"", ""typo_type"": ""keyboard"", ""difficulty"": ""hard"", ""word_index"": 3, ""char_indices"": [1, 4], ""operation_count"": 2}]",0.0,2,The Pokémon Company,1.0,1.0,1.0,,0.9097354420009652,,12,10,2,1.0,0.0,1.9207256,-18.428198
meta-llama/Llama-3.2-3B-Instruct,,hf,squad,56d721af0d65d2140019839e,idf,Who made their Super Bowl commercial debut with Nintendo?,"CBS set the base rate for a 30-second advertisement at $5,000,000, a record high price for a Super Bowl ad. As of January 26, the advertisements had not yet sold out. CBS mandated that all advertisers purchase a package covering time on both the television and digital broadcasts of the game, meaning that for the first time, digital streams of the game would carry all national advertising in pattern with the television broadcast. This would be the final year in a multi-year contract with Anheuser-Busch InBev that allowed the beer manufacturer to air multiple advertisements during the game at a steep discount. It was also the final year that Doritos, a longtime sponsor of the game, held its ""Crash the Super Bowl"" contest that allowed viewers to create their own Doritos ads for a chance to have it aired during the game. Nintendo and The Pokémon Company also made their Super Bowl debut, promoting the 20th anniversary of the Pokémon video game and media franchise.","[""The Pokémon Company"", ""The Pokémon Company"", ""The Pokémon Company""]",9,corrupted,keyboard,any,2,2,True,hard,none,Who made their Sjpee Noql commercial debut with Nintendo?,43396675.0,"[{""edit_num"": 1, ""old"": ""Super"", ""new"": ""Sjpee"", ""location"": ""any"", ""typo_type"": ""keyboard"", ""difficulty"": ""hard"", ""word_index"": 3, ""char_indices"": [1, 4], ""operation_count"": 2}, {""edit_num"": 2, ""old"": ""Bowl"", ""new"": ""Noql"", ""location"": ""any"", ""typo_type"": ""keyboard"", ""difficulty"": ""hard"", ""word_index"": 4, ""char_indices"": [0, 2], ""operation_count"": 2}]",0.0,4,The Pokémon Company,1.0,1.0,1.0,,0.9082248099985007,,13,10,3,1.0,0.0,7.279239,-19.854887
meta-llama/Llama-3.2-3B-Instruct,,hf,squad,56d721af0d65d2140019839e,idf,Who made their Super Bowl commercial debut with Nintendo?,"CBS set the base rate for a 30-second advertisement at $5,000,000, a record high price for a Super Bowl ad. As of January 26, the advertisements had not yet sold out. CBS mandated that all advertisers purchase a package covering time on both the television and digital broadcasts of the game, meaning that for the first time, digital streams of the game would carry all national advertising in pattern with the television broadcast. This would be the final year in a multi-year contract with Anheuser-Busch InBev that allowed the beer manufacturer to air multiple advertisements during the game at a steep discount. It was also the final year that Doritos, a longtime sponsor of the game, held its ""Crash the Super Bowl"" contest that allowed viewers to create their own Doritos ads for a chance to have it aired during the game. Nintendo and The Pokémon Company also made their Super Bowl debut, promoting the 20th anniversary of the Pokémon video game and media franchise.","[""The Pokémon Company"", ""The Pokémon Company"", ""The Pokémon Company""]",9,corrupted,keyboard,any,3,3,True,hard,none,Who made their Sjpee Noql commercial drbit with Nintendo?,43396675.0,"[{""edit_num"": 1, ""old"": ""Super"", ""new"": ""Sjpee"", ""location"": ""any"", ""typo_type"": ""keyboard"", ""difficulty"": ""hard"", ""word_index"": 3, ""char_indices"": [1, 4], ""operation_count"": 2}, {""edit_num"": 2, ""old"": ""Bowl"", ""new"": ""Noql"", ""location"": ""any"", ""typo_type"": ""keyboard"", ""difficulty"": ""hard"", ""word_index"": 4, ""char_indices"": [0, 2], ""operation_count"": 2}, {""edit_num"": 3, ""old"": ""debut"", ""new"": ""drbit"", ""location"": ""any"", ""typo_type"": ""keyboard"", ""difficulty"": ""hard"", ""word_index"": 6, ""char_indices"": [1, 3], ""operation_count"": 2}]",0.0,6,"I couldn't find any information about a commercial called ""Sjpee Noql""",0.0,0.0,0.0,,1.4199239539993869,,14,10,4,1.0,1.0,12.287925,-17.867811
meta-llama/Llama-3.2-3B-Instruct,,hf,squad,56d7277c0d65d21400198401,idf,Who did the Broncos tie with the most sacks in a Super Bowl?,"Super Bowl 50 featured numerous records from individuals and teams. Denver won despite being massively outgained in total yards (315 to 194) and first downs (21 to 11). Their 194 yards and 11 first downs were both the lowest totals ever by a Super Bowl winning team. The previous record was 244 yards by the Baltimore Ravens in Super Bowl XXXV. Only seven other teams had ever gained less than 200 yards in a Super Bowl, and all of them had lost. The Broncos' seven sacks tied a Super Bowl record set by the Chicago Bears in Super Bowl XX. Kony Ealy tied a Super Bowl record with three sacks. Jordan Norwood's 61-yard punt return set a new record, surpassing the old record of 45 yards set by John Taylor in Super Bowl XXIII. Denver was just 1-of-14 on third down, while Carolina was barely better at 3-of-15. The two teams' combined third down conversion percentage of 13.8 was a Super Bowl low. Manning and Newton had quarterback passer ratings of 56.6 and 55.4, respectively, and their added total of 112 is a record lowest aggregate passer rating for a Super Bowl. Manning became the oldest quarterback ever to win a Super Bowl at age 39, and the first quarterback ever to win a Super Bowl with two different teams, while Gary Kubiak became the first head coach to win a Super Bowl with the same franchise he went to the Super Bowl with as a player.","[""Chicago Bears"", ""the Chicago Bears"", ""Bears""]",13,clean,none,none,0,0,True,none,none,Who did the Broncos tie with the most sacks in a Super Bowl?,,[],,0,The Chicago Bears,1.0,1.0,1.0,,1.2887553390009998,,14,14,0,1.0,0.0,-11.596532,-27.160482
meta-llama/Llama-3.2-3B-Instruct,,hf,squad,56d7277c0d65d21400198401,idf,Who did the Broncos tie with the most sacks in a Super Bowl?,"Super Bowl 50 featured numerous records from individuals and teams. Denver won despite being massively outgained in total yards (315 to 194) and first downs (21 to 11). Their 194 yards and 11 first downs were both the lowest totals ever by a Super Bowl winning team. The previous record was 244 yards by the Baltimore Ravens in Super Bowl XXXV. Only seven other teams had ever gained less than 200 yards in a Super Bowl, and all of them had lost. The Broncos' seven sacks tied a Super Bowl record set by the Chicago Bears in Super Bowl XX. Kony Ealy tied a Super Bowl record with three sacks. Jordan Norwood's 61-yard punt return set a new record, surpassing the old record of 45 yards set by John Taylor in Super Bowl XXIII. Denver was just 1-of-14 on third down, while Carolina was barely better at 3-of-15. The two teams' combined third down conversion percentage of 13.8 was a Super Bowl low. Manning and Newton had quarterback passer ratings of 56.6 and 55.4, respectively, and their added total of 112 is a record lowest aggregate passer rating for a Super Bowl. Manning became the oldest quarterback ever to win a Super Bowl at age 39, and the first quarterback ever to win a Super Bowl with two different teams, while Gary Kubiak became the first head coach to win a Super Bowl with the same franchise he went to the Super Bowl with as a player.","[""Chicago Bears"", ""the Chicago Bears"", ""Bears""]",13,corrupted,keyboard,any,1,1,True,hard,none,Who did the Broncos tie eitg the most sacks in a Super Bowl?,43296605.0,"[{""edit_num"": 1, ""old"": ""with"", ""new"": ""eitg"", ""location"": ""any"", ""typo_type"": ""keyboard"", ""difficulty"": ""hard"", ""word_index"": 5, ""char_indices"": [0, 3], ""operation_count"": 2}]",0.0,2,The Chicago Bears,1.0,1.0,1.0,,1.3101900319998094,,16,14,2,1.0,0.0,-0.81318563,-23.363205
meta-llama/Llama-3.2-3B-Instruct,,hf,squad,56d7277c0d65d21400198401,idf,Who did the Broncos tie with the most sacks in a Super Bowl?,"Super Bowl 50 featured numerous records from individuals and teams. Denver won despite being massively outgained in total yards (315 to 194) and first downs (21 to 11). Their 194 yards and 11 first downs were both the lowest totals ever by a Super Bowl winning team. The previous record was 244 yards by the Baltimore Ravens in Super Bowl XXXV. Only seven other teams had ever gained less than 200 yards in a Super Bowl, and all of them had lost. The Broncos' seven sacks tied a Super Bowl record set by the Chicago Bears in Super Bowl XX. Kony Ealy tied a Super Bowl record with three sacks. Jordan Norwood's 61-yard punt return set a new record, surpassing the old record of 45 yards set by John Taylor in Super Bowl XXIII. Denver was just 1-of-14 on third down, while Carolina was barely better at 3-of-15. The two teams' combined third down conversion percentage of 13.8 was a Super Bowl low. Manning and Newton had quarterback passer ratings of 56.6 and 55.4, respectively, and their added total of 112 is a record lowest aggregate passer rating for a Super Bowl. Manning became the oldest quarterback ever to win a Super Bowl at age 39, and the first quarterback ever to win a Super Bowl with two different teams, while Gary Kubiak became the first head coach to win a Super Bowl with the same franchise he went to the Super Bowl with as a player.","[""Chicago Bears"", ""the Chicago Bears"", ""Bears""]",13,corrupted,keyboard,any,2,2,True,hard,none,Who did the Broncos tie eitg the most sacks in a Super Bpwp?,43296605.0,"[{""edit_num"": 1, ""old"": ""with"", ""new"": ""eitg"", ""location"": ""any"", ""typo_type"": ""keyboard"", ""difficulty"": ""hard"", ""word_index"": 5, ""char_indices"": [0, 3], ""operation_count"": 2}, {""edit_num"": 2, ""old"": ""Bowl"", ""new"": ""Bpwp"", ""location"": ""any"", ""typo_type"": ""keyboard"", ""difficulty"": ""hard"", ""word_index"": 12, ""char_indices"": [1, 3], ""operation_count"": 2}]",0.0,4,The Chicago Bears,1.0,1.0,1.0,,1.254378645999168,,18,14,4,1.0,0.0,4.635531,-22.60519
meta-llama/Llama-3.2-3B-Instruct,,hf,squad,56d7277c0d65d21400198401,idf,Who did the Broncos tie with the most sacks in a Super Bowl?,"Super Bowl 50 featured numerous records from individuals and teams. Denver won despite being massively outgained in total yards (315 to 194) and first downs (21 to 11). Their 194 yards and 11 first downs were both the lowest totals ever by a Super Bowl winning team. The previous record was 244 yards by the Baltimore Ravens in Super Bowl XXXV. Only seven other teams had ever gained less than 200 yards in a Super Bowl, and all of them had lost. The Broncos' seven sacks tied a Super Bowl record set by the Chicago Bears in Super Bowl XX. Kony Ealy tied a Super Bowl record with three sacks. Jordan Norwood's 61-yard punt return set a new record, surpassing the old record of 45 yards set by John Taylor in Super Bowl XXIII. Denver was just 1-of-14 on third down, while Carolina was barely better at 3-of-15. The two teams' combined third down conversion percentage of 13.8 was a Super Bowl low. Manning and Newton had quarterback passer ratings of 56.6 and 55.4, respectively, and their added total of 112 is a record lowest aggregate passer rating for a Super Bowl. Manning became the oldest quarterback ever to win a Super Bowl at age 39, and the first quarterback ever to win a Super Bowl with two different teams, while Gary Kubiak became the first head coach to win a Super Bowl with the same franchise he went to the Super Bowl with as a player.","[""Chicago Bears"", ""the Chicago Bears"", ""Bears""]",13,corrupted,keyboard,any,3,3,True,hard,none,Who did the Brojfos tie eitg the most sacks in a Super Bpwp?,43296605.0,"[{""edit_num"": 1, ""old"": ""with"", ""new"": ""eitg"", ""location"": ""any"", ""typo_type"": ""keyboard"", ""difficulty"": ""hard"", ""word_index"": 5, ""char_indices"": [0, 3], ""operation_count"": 2}, {""edit_num"": 2, ""old"": ""Bowl"", ""new"": ""Bpwp"", ""location"": ""any"", ""typo_type"": ""keyboard"", ""difficulty"": ""hard"", ""word_index"": 12, ""char_indices"": [1, 3], ""operation_count"": 2}, {""edit_num"": 3, ""old"": ""Broncos"", ""new"": ""Brojfos"", ""location"": ""any"", ""typo_type"": ""keyboard"", ""difficulty"": ""hard"", ""word_index"": 3, ""char_indices"": [3, 4], ""operation_count"": 2}]",0.0,6,The Chicago Bears,1.0,1.0,1.0,,1.2699319170005765,,20,14,6,1.0,0.0,13.372699,-18.218847
meta-llama/Llama-3.2-3B-Instruct,,hf,squad,56d98f0ddc89441400fdb559,idf,How many times prios has the Sun Life Stadium had Super Bowls?,"The league announced on October 16, 2012, that the two finalists were Sun Life Stadium and Levi's Stadium. The South Florida/Miami area has previously hosted the event 10 times (tied for most with New Orleans), with the most recent one being Super Bowl XLIV in 2010. The San Francisco Bay Area last hosted in 1985 (Super Bowl XIX), held at Stanford Stadium in Stanford, California, won by the home team 49ers. The Miami bid depended on whether the stadium underwent renovations. However, on May 3, 2013, the Florida legislature refused to approve the funding plan to pay for the renovations, dealing a significant blow to Miami's chances.","[""10."", ""10"", ""10 times""]",12,clean,none,none,0,0,True,none,none,How many times prios has the Sun Life Stadium had Super Bowls?,,[],,0,10,1.0,1.0,1.0,,0.6171207039988076,,15,15,0,1.0,0.0,0.5080226,-17.00714
meta-llama/Llama-3.2-3B-Instruct,,hf,squad,56d98f0ddc89441400fdb559,idf,How many times prios has the Sun Life Stadium had Super Bowls?,"The league announced on October 16, 2012, that the two finalists were Sun Life Stadium and Levi's Stadium. The South Florida/Miami area has previously hosted the event 10 times (tied for most with New Orleans), with the most recent one being Super Bowl XLIV in 2010. The San Francisco Bay Area last hosted in 1985 (Super Bowl XIX), held at Stanford Stadium in Stanford, California, won by the home team 49ers. The Miami bid depended on whether the stadium underwent renovations. However, on May 3, 2013, the Florida legislature refused to approve the funding plan to pay for the renovations, dealing a significant blow to Miami's chances.","[""10."", ""10"", ""10 times""]",12,corrupted,keyboard,any,1,1,True,hard,none,How many times prios has the Sun Life Staxuum had Super Bowls?,42506052.0,"[{""edit_num"": 1, ""old"": ""Stadium"", ""new"": ""Staxuum"", ""location"": ""any"", ""typo_type"": ""keyboard"", ""difficulty"": ""hard"", ""word_index"": 8, ""char_indices"": [3, 4], ""operation_count"": 2}]",0.0,2,The South Florida/Miami area has previously hosted the event 10 times,0.0,0.3636363636363636,1.0,,1.1528681990002951,,17,15,2,1.0,0.6363636363636365,5.781591,-15.975221
meta-llama/Llama-3.2-3B-Instruct,,hf,squad,56d98f0ddc89441400fdb559,idf,How many times prios has the Sun Life Stadium had Super Bowls?,"The league announced on October 16, 2012, that the two finalists were Sun Life Stadium and Levi's Stadium. The South Florida/Miami area has previously hosted the event 10 times (tied for most with New Orleans), with the most recent one being Super Bowl XLIV in 2010. The San Francisco Bay Area last hosted in 1985 (Super Bowl XIX), held at Stanford Stadium in Stanford, California, won by the home team 49ers. The Miami bid depended on whether the stadium underwent renovations. However, on May 3, 2013, the Florida legislature refused to approve the funding plan to pay for the renovations, dealing a significant blow to Miami's chances.","[""10."", ""10"", ""10 times""]",12,corrupted,keyboard,any,2,2,True,hard,none,How nanh times prios has the Sun Life Staxuum had Super Bowls?,42506052.0,"[{""edit_num"": 1, ""old"": ""Stadium"", ""new"": ""Staxuum"", ""location"": ""any"", ""typo_type"": ""keyboard"", ""difficulty"": ""hard"", ""word_index"": 8, ""char_indices"": [3, 4], ""operation_count"": 2}, {""edit_num"": 2, ""old"": ""many"", ""new"": ""nanh"", ""location"": ""any"", ""typo_type"": ""keyboard"", ""difficulty"": ""hard"", ""word_index"": 1, ""char_indices"": [0, 3], ""operation_count"": 2}]",0.0,4,The South Florida/Miami area has previously hosted the event 10 times,0.0,0.3636363636363636,1.0,,1.1485111789988878,,18,15,3,1.0,0.6363636363636365,13.383179,-12.851601
meta-llama/Llama-3.2-3B-Instruct,,hf,squad,56d98f0ddc89441400fdb559,idf,How many times prios has the Sun Life Stadium had Super Bowls?,"The league announced on October 16, 2012, that the two finalists were Sun Life Stadium and Levi's Stadium. The South Florida/Miami area has previously hosted the event 10 times (tied for most with New Orleans), with the most recent one being Super Bowl XLIV in 2010. The San Francisco Bay Area last hosted in 1985 (Super Bowl XIX), held at Stanford Stadium in Stanford, California, won by the home team 49ers. The Miami bid depended on whether the stadium underwent renovations. However, on May 3, 2013, the Florida legislature refused to approve the funding plan to pay for the renovations, dealing a significant blow to Miami's chances.","[""10."", ""10"", ""10 times""]",12,corrupted,keyboard,any,3,3,True,hard,none,How nanh times prios has the Sun Pkfe Staxuum had Super Bowls?,42506052.0,"[{""edit_num"": 1, ""old"": ""Stadium"", ""new"": ""Staxuum"", ""location"": ""any"", ""typo_type"": ""keyboard"", ""difficulty"": ""hard"", ""word_index"": 8, ""char_indices"": [3, 4], ""operation_count"": 2}, {""edit_num"": 2, ""old"": ""many"", ""new"": ""nanh"", ""location"": ""any"", ""typo_type"": ""keyboard"", ""difficulty"": ""hard"", ""word_index"": 1, ""char_indices"": [0, 3], ""operation_count"": 2}, {""edit_num"": 3, ""old"": ""Life"", ""new"": ""Pkfe"", ""location"": ""any"", ""typo_type"": ""keyboard"", ""difficulty"": ""hard"", ""word_index"": 7, ""char_indices"": [0, 1], ""operation_count"": 2}]",0.0,6,10,1.0,1.0,1.0,,0.6882093359999999,,20,15,5,1.0,0.0,18.438307,-11.754658
meta-llama/Llama-3.2-3B-Instruct,,hf,squad,56e20a3ae3433e140042324d,idf,What is the paper written by Richard Karp in 1972 that ushered in a new era of understanding between intractability and NP-complete problems?,"In 1967, Manuel Blum developed an axiomatic complexity theory based on his axioms and proved an important result, the so-called, speed-up theorem. The field really began to flourish in 1971 when the US researcher Stephen Cook and, working independently, Leonid Levin in the USSR, proved that there exist practically relevant problems that are NP-complete. In 1972, Richard Karp took this idea a leap forward with his landmark paper, ""Reducibility Among Combinatorial Problems"", in which he showed that 21 diverse combinatorial and graph theoretical problems, each infamous for its computational intractability, are NP-complete.","[""\""Reducibility Among Combinatorial Problems\"""", ""Reducibility Among Combinatorial Problems"", ""\""Reducibility Among Combinatorial Problems\""""]",23,clean,none,none,0,0,True,none,none,What is the paper written by Richard Karp in 1972 that ushered in a new era of understanding between intractability and NP-complete problems?,,[],,0,"""Reducibility Among Combinatorial Problems""",1.0,1.0,1.0,,0.892542155999763,,31,31,0,1.0,0.0,-13.299758,2.2825282
meta-llama/Llama-3.2-3B-Instruct,,hf,squad,56e20a3ae3433e140042324d,idf,What is the paper written by Richard Karp in 1972 that ushered in a new era of understanding between intractability and NP-complete problems?,"In 1967, Manuel Blum developed an axiomatic complexity theory based on his axioms and proved an important result, the so-called, speed-up theorem. The field really began to flourish in 1971 when the US researcher Stephen Cook and, working independently, Leonid Levin in the USSR, proved that there exist practically relevant problems that are NP-complete. In 1972, Richard Karp took this idea a leap forward with his landmark paper, ""Reducibility Among Combinatorial Problems"", in which he showed that 21 diverse combinatorial and graph theoretical problems, each infamous for its computational intractability, are NP-complete.","[""\""Reducibility Among Combinatorial Problems\"""", ""Reducibility Among Combinatorial Problems"", ""\""Reducibility Among Combinatorial Problems\""""]",23,corrupted,keyboard,any,1,1,True,hard,none,What is the paper written by Richard Karp in 1972 that ushered in a new era of understanding between intractability and NP-comllste problems?,42105772.0,"[{""edit_num"": 1, ""old"": ""complete"", ""new"": ""comllste"", ""location"": ""any"", ""typo_type"": ""keyboard"", ""difficulty"": ""hard"", ""word_index"": 21, ""char_indices"": [3, 5], ""operation_count"": 2}]",0.0,2,"""Reducibility Among Combinatorial Problems""",1.0,1.0,1.0,,0.9838025110002492,,33,31,2,1.0,0.0,-9.548015,2.199028
meta-llama/Llama-3.2-3B-Instruct,,hf,squad,56e20a3ae3433e140042324d,idf,What is the paper written by Richard Karp in 1972 that ushered in a new era of understanding between intractability and NP-complete problems?,"In 1967, Manuel Blum developed an axiomatic complexity theory based on his axioms and proved an important result, the so-called, speed-up theorem. The field really began to flourish in 1971 when the US researcher Stephen Cook and, working independently, Leonid Levin in the USSR, proved that there exist practically relevant problems that are NP-complete. In 1972, Richard Karp took this idea a leap forward with his landmark paper, ""Reducibility Among Combinatorial Problems"", in which he showed that 21 diverse combinatorial and graph theoretical problems, each infamous for its computational intractability, are NP-complete.","[""\""Reducibility Among Combinatorial Problems\"""", ""Reducibility Among Combinatorial Problems"", ""\""Reducibility Among Combinatorial Problems\""""]",23,corrupted,keyboard,any,2,2,True,hard,none,What is the paper written by Richard Jadp in 1972 that ushered in a new era of understanding between intractability and NP-comllste problems?,42105772.0,"[{""edit_num"": 1, ""old"": ""complete"", ""new"": ""comllste"", ""location"": ""any"", ""typo_type"": ""keyboard"", ""difficulty"": ""hard"", ""word_index"": 21, ""char_indices"": [3, 5], ""operation_count"": 2}, {""edit_num"": 2, ""old"": ""Karp"", ""new"": ""Jadp"", ""location"": ""any"", ""typo_type"": ""keyboard"", ""difficulty"": ""hard"", ""word_index"": 7, ""char_indices"": [0, 2], ""operation_count"": 2}]",0.0,4,"""Reducibility Among Combinatorial Problems""",1.0,1.0,1.0,,0.9797421690000192,,33,31,2,1.0,0.0,-6.7645006,2.3960335
meta-llama/Llama-3.2-3B-Instruct,,hf,squad,56e20a3ae3433e140042324d,idf,What is the paper written by Richard Karp in 1972 that ushered in a new era of understanding between intractability and NP-complete problems?,"In 1967, Manuel Blum developed an axiomatic complexity theory based on his axioms and proved an important result, the so-called, speed-up theorem. The field really began to flourish in 1971 when the US researcher Stephen Cook and, working independently, Leonid Levin in the USSR, proved that there exist practically relevant problems that are NP-complete. In 1972, Richard Karp took this idea a leap forward with his landmark paper, ""Reducibility Among Combinatorial Problems"", in which he showed that 21 diverse combinatorial and graph theoretical problems, each infamous for its computational intractability, are NP-complete.","[""\""Reducibility Among Combinatorial Problems\"""", ""Reducibility Among Combinatorial Problems"", ""\""Reducibility Among Combinatorial Problems\""""]",23,corrupted,keyboard,any,3,3,True,hard,none,What is the paper written by Richard Jadp in 1972 that ushered in a new era of understsmding between intractability and NP-comllste problems?,42105772.0,"[{""edit_num"": 1, ""old"": ""complete"", ""new"": ""comllste"", ""location"": ""any"", ""typo_type"": ""keyboard"", ""difficulty"": ""hard"", ""word_index"": 21, ""char_indices"": [3, 5], ""operation_count"": 2}, {""edit_num"": 2, ""old"": ""Karp"", ""new"": ""Jadp"", ""location"": ""any"", ""typo_type"": ""keyboard"", ""difficulty"": ""hard"", ""word_index"": 7, ""char_indices"": [0, 2], ""operation_count"": 2}, {""edit_num"": 3, ""old"": ""understanding"", ""new"": ""understsmding"", ""location"": ""any"", ""typo_type"": ""keyboard"", ""difficulty"": ""hard"", ""word_index"": 16, ""char_indices"": [7, 8], ""operation_count"": 2}]",0.0,6,Reducibility Among Combinatorial Problems,1.0,1.0,1.0,,0.931142085000829,,36,31,5,1.0,0.0,-1.9925025,3.2964013
meta-llama/Llama-3.2-3B-Instruct,,hf,squad,56e756bc37bdd419002c3e97,idf,What does co-teaching get the students to focus on?,Co-teaching has also become a new trend amongst educational institutions. Co-teaching is defined as two or more teachers working harmoniously to fulfill the needs of every student in the classroom. Co-teaching focuses the student on learning by providing a social networking support that allows them to reach their full cognitive potential. Co-teachers work in sync with one another to create a climate of learning.,"[""learning"", ""learning"", ""learning""]",10,clean,none,none,0,0,True,none,none,What does co-teaching get the students to focus on?,,[],,0,learning,1.0,1.0,1.0,,0.5105397080005787,,12,12,0,1.0,0.0,-14.431984,5.092384
meta-llama/Llama-3.2-3B-Instruct,,hf,squad,56e756bc37bdd419002c3e97,idf,What does co-teaching get the students to focus on?,Co-teaching has also become a new trend amongst educational institutions. Co-teaching is defined as two or more teachers working harmoniously to fulfill the needs of every student in the classroom. Co-teaching focuses the student on learning by providing a social networking support that allows them to reach their full cognitive potential. Co-teachers work in sync with one another to create a climate of learning.,"[""learning"", ""learning"", ""learning""]",10,corrupted,keyboard,any,1,1,True,hard,none,What fpes co-teaching get the students to focus on?,42956367.0,"[{""edit_num"": 1, ""old"": ""does"", ""new"": ""fpes"", ""location"": ""any"", ""typo_type"": ""keyboard"", ""difficulty"": ""hard"", ""word_index"": 1, ""char_indices"": [0, 1], ""operation_count"": 2}]",0.0,2,learning,1.0,1.0,1.0,,0.5272172120003233,,13,12,1,1.0,0.0,-0.011071296,8.520196
meta-llama/Llama-3.2-3B-Instruct,,hf,squad,56e756bc37bdd419002c3e97,idf,What does co-teaching get the students to focus on?,Co-teaching has also become a new trend amongst educational institutions. Co-teaching is defined as two or more teachers working harmoniously to fulfill the needs of every student in the classroom. Co-teaching focuses the student on learning by providing a social networking support that allows them to reach their full cognitive potential. Co-teachers work in sync with one another to create a climate of learning.,"[""learning"", ""learning"", ""learning""]",10,corrupted,keyboard,any,2,2,True,hard,none,What fpes co-teaching get the syjdents to focus on?,42956367.0,"[{""edit_num"": 1, ""old"": ""does"", ""new"": ""fpes"", ""location"": ""any"", ""typo_type"": ""keyboard"", ""difficulty"": ""hard"", ""word_index"": 1, ""char_indices"": [0, 1], ""operation_count"": 2}, {""edit_num"": 2, ""old"": ""students"", ""new"": ""syjdents"", ""location"": ""any"", ""typo_type"": ""keyboard"", ""difficulty"": ""hard"", ""word_index"": 6, ""char_indices"": [1, 2], ""operation_count"": 2}]",0.0,4,learning,1.0,1.0,1.0,,0.5322849920012231,,15,12,3,1.0,0.0,8.700102,8.7175665
meta-llama/Llama-3.2-3B-Instruct,,hf,squad,56e756bc37bdd419002c3e97,idf,What does co-teaching get the students to focus on?,Co-teaching has also become a new trend amongst educational institutions. Co-teaching is defined as two or more teachers working harmoniously to fulfill the needs of every student in the classroom. Co-teaching focuses the student on learning by providing a social networking support that allows them to reach their full cognitive potential. Co-teachers work in sync with one another to create a climate of learning.,"[""learning"", ""learning"", ""learning""]",10,corrupted,keyboard,any,3,3,True,hard,none,What fpes co-teaching get the syjdents to rodus on?,42956367.0,"[{""edit_num"": 1, ""old"": ""does"", ""new"": ""fpes"", ""location"": ""any"", ""typo_type"": ""keyboard"", ""difficulty"": ""hard"", ""word_index"": 1, ""char_indices"": [0, 1], ""operation_count"": 2}, {""edit_num"": 2, ""old"": ""students"", ""new"": ""syjdents"", ""location"": ""any"", ""typo_type"": ""keyboard"", ""difficulty"": ""hard"", ""word_index"": 6, ""char_indices"": [1, 2], ""operation_count"": 2}, {""edit_num"": 3, ""old"": ""focus"", ""new"": ""rodus"", ""location"": ""any"", ""typo_type"": ""keyboard"", ""difficulty"": ""hard"", ""word_index"": 8, ""char_indices"": [0, 2], ""operation_count"": 2}]",0.0,6,a climate of learning,0.0,0.5,1.0,,0.6364239100003033,,16,12,4,1.0,0.5,12.883437,8.972775
meta-llama/Llama-3.2-3B-Instruct,,hf,squad,56f7f2e0aef2371900625cb0,idf,When did Martin Luther receive his Doctor of Theology?,"On 19 October 1512, he was awarded his Doctor of Theology and, on 21 October 1512, was received into the senate of the theological faculty of the University of Wittenberg, having been called to the position of Doctor in Bible. He spent the rest of his career in this position at the University of Wittenberg.","[""19 October 1512"", ""19 October 1512"", ""1512""]",9,clean,none,none,0,0,True,none,none,When did Martin Luther receive his Doctor of Theology?,,[],,0,19 October 1512,1.0,1.0,1.0,,0.6476852889991278,,11,11,0,1.0,0.0,-9.614936,-4.982455
meta-llama/Llama-3.2-3B-Instruct,,hf,squad,56f7f2e0aef2371900625cb0,idf,When did Martin Luther receive his Doctor of Theology?,"On 19 October 1512, he was awarded his Doctor of Theology and, on 21 October 1512, was received into the senate of the theological faculty of the University of Wittenberg, having been called to the position of Doctor in Bible. He spent the rest of his career in this position at the University of Wittenberg.","[""19 October 1512"", ""19 October 1512"", ""1512""]",9,corrupted,keyboard,any,1,1,True,hard,none,When did Martin Luther recrivd his Doctor of Theology?,42916339.0,"[{""edit_num"": 1, ""old"": ""receive"", ""new"": ""recrivd"", ""location"": ""any"", ""typo_type"": ""keyboard"", ""difficulty"": ""hard"", ""word_index"": 4, ""char_indices"": [3, 6], ""operation_count"": 2}]",0.0,2,19 October 1512,1.0,1.0,1.0,,0.6680558309999469,,13,11,2,1.0,0.0,1.3195058,-2.9506059
meta-llama/Llama-3.2-3B-Instruct,,hf,squad,56f7f2e0aef2371900625cb0,idf,When did Martin Luther receive his Doctor of Theology?,"On 19 October 1512, he was awarded his Doctor of Theology and, on 21 October 1512, was received into the senate of the theological faculty of the University of Wittenberg, having been called to the position of Doctor in Bible. He spent the rest of his career in this position at the University of Wittenberg.","[""19 October 1512"", ""19 October 1512"", ""1512""]",9,corrupted,keyboard,any,2,2,True,hard,none,When did Martin Ljthed recrivd his Doctor of Theology?,42916339.0,"[{""edit_num"": 1, ""old"": ""receive"", ""new"": ""recrivd"", ""location"": ""any"", ""typo_type"": ""keyboard"", ""difficulty"": ""hard"", ""word_index"": 4, ""char_indices"": [3, 6], ""operation_count"": 2}, {""edit_num"": 2, ""old"": ""Luther"", ""new"": ""Ljthed"", ""location"": ""any"", ""typo_type"": ""keyboard"", ""difficulty"": ""hard"", ""word_index"": 3, ""char_indices"": [1, 5], ""operation_count"": 2}]",0.0,4,On 19 October 1512,0.0,0.8571428571428571,1.0,,0.748353902999952,,15,11,4,1.0,0.1428571428571429,9.30533,-1.5267078
meta-llama/Llama-3.2-3B-Instruct,,hf,squad,56f7f2e0aef2371900625cb0,idf,When did Martin Luther receive his Doctor of Theology?,"On 19 October 1512, he was awarded his Doctor of Theology and, on 21 October 1512, was received into the senate of the theological faculty of the University of Wittenberg, having been called to the position of Doctor in Bible. He spent the rest of his career in this position at the University of Wittenberg.","[""19 October 1512"", ""19 October 1512"", ""1512""]",9,corrupted,keyboard,any,3,3,True,hard,none,When did Martin Ljthed recrivd his Dpctir of Theology?,42916339.0,"[{""edit_num"": 1, ""old"": ""receive"", ""new"": ""recrivd"", ""location"": ""any"", ""typo_type"": ""keyboard"", ""difficulty"": ""hard"", ""word_index"": 4, ""char_indices"": [3, 6], ""operation_count"": 2}, {""edit_num"": 2, ""old"": ""Luther"", ""new"": ""Ljthed"", ""location"": ""any"", ""typo_type"": ""keyboard"", ""difficulty"": ""hard"", ""word_index"": 3, ""char_indices"": [1, 5], ""operation_count"": 2}, {""edit_num"": 3, ""old"": ""Doctor"", ""new"": ""Dpctir"", ""location"": ""any"", ""typo_type"": ""keyboard"", ""difficulty"": ""hard"", ""word_index"": 6, ""char_indices"": [1, 4], ""operation_count"": 2}]",0.0,6,On 19 October 1512,0.0,0.8571428571428571,1.0,,0.7395765310011484,,18,11,7,1.0,0.1428571428571429,15.518721,-0.62311
meta-llama/Llama-3.2-3B-Instruct,,hf,squad,56f7fde8a6d7ea1400e17367,idf,When was Johann Tetzel sent by the Roman Catholic Church to Germany to sell indulgences?,"In 1516, Johann Tetzel, a Dominican friar and papal commissioner for indulgences, was sent to Germany by the Roman Catholic Church to sell indulgences to raise money to rebuild St. Peter's Basilica in Rome. Roman Catholic theology stated that faith alone, whether fiduciary or dogmatic, cannot justify man; justification rather depends only on such faith as is active in charity and good works (fides caritate formata). The benefits of good works could be obtained by donating money to the church.","[""1516"", ""1516"", ""1516""]",15,clean,none,none,0,0,True,none,none,When was Johann Tetzel sent by the Roman Catholic Church to Germany to sell indulgences?,,[],,0,In 1516,0.0,0.6666666666666666,1.0,,0.7905381099990336,,19,19,0,0.6666666666666666,0.0,-9.628054,-2.2674694
meta-llama/Llama-3.2-3B-Instruct,,hf,squad,56f7fde8a6d7ea1400e17367,idf,When was Johann Tetzel sent by the Roman Catholic Church to Germany to sell indulgences?,"In 1516, Johann Tetzel, a Dominican friar and papal commissioner for indulgences, was sent to Germany by the Roman Catholic Church to sell indulgences to raise money to rebuild St. Peter's Basilica in Rome. Roman Catholic theology stated that faith alone, whether fiduciary or dogmatic, cannot justify man; justification rather depends only on such faith as is active in charity and good works (fides caritate formata). The benefits of good works could be obtained by donating money to the church.","[""1516"", ""1516"", ""1516""]",15,corrupted,keyboard,any,1,1,True,hard,none,Syen was Johann Tetzel sent by the Roman Catholic Church to Germany to sell indulgences?,43867004.0,"[{""edit_num"": 1, ""old"": ""When"", ""new"": ""Syen"", ""location"": ""any"", ""typo_type"": ""keyboard"", ""difficulty"": ""hard"", ""word_index"": 0, ""char_indices"": [0, 1], ""operation_count"": 2}]",0.0,2,no,0.0,0.0,0.0,,0.6721849019995716,,20,19,1,0.6666666666666666,0.6666666666666666,-5.6074734,-2.0562086
meta-llama/Llama-3.2-3B-Instruct,,hf,squad,56f7fde8a6d7ea1400e17367,idf,When was Johann Tetzel sent by the Roman Catholic Church to Germany to sell indulgences?,"In 1516, Johann Tetzel, a Dominican friar and papal commissioner for indulgences, was sent to Germany by the Roman Catholic Church to sell indulgences to raise money to rebuild St. Peter's Basilica in Rome. Roman Catholic theology stated that faith alone, whether fiduciary or dogmatic, cannot justify man; justification rather depends only on such faith as is active in charity and good works (fides caritate formata). The benefits of good works could be obtained by donating money to the church.","[""1516"", ""1516"", ""1516""]",15,corrupted,keyboard,any,2,2,True,hard,none,Syen was Johann Tetzel sent by the Roman Cafhllic Church to Germany to sell indulgences?,43867004.0,"[{""edit_num"": 1, ""old"": ""When"", ""new"": ""Syen"", ""location"": ""any"", ""typo_type"": ""keyboard"", ""difficulty"": ""hard"", ""word_index"": 0, ""char_indices"": [0, 1], ""operation_count"": 2}, {""edit_num"": 2, ""old"": ""Catholic"", ""new"": ""Cafhllic"", ""location"": ""any"", ""typo_type"": ""keyboard"", ""difficulty"": ""hard"", ""word_index"": 8, ""char_indices"": [2, 4], ""operation_count"": 2}]",0.0,4,no,0.0,0.0,0.0,,0.6729974179997953,,22,19,3,0.6666666666666666,0.6666666666666666,2.3184714,-0.7566709
meta-llama/Llama-3.2-3B-Instruct,,hf,squad,56f7fde8a6d7ea1400e17367,idf,When was Johann Tetzel sent by the Roman Catholic Church to Germany to sell indulgences?,"In 1516, Johann Tetzel, a Dominican friar and papal commissioner for indulgences, was sent to Germany by the Roman Catholic Church to sell indulgences to raise money to rebuild St. Peter's Basilica in Rome. Roman Catholic theology stated that faith alone, whether fiduciary or dogmatic, cannot justify man; justification rather depends only on such faith as is active in charity and good works (fides caritate formata). The benefits of good works could be obtained by donating money to the church.","[""1516"", ""1516"", ""1516""]",15,corrupted,keyboard,any,3,3,True,hard,none,Syen was Johann Tefsel sent by the Roman Cafhllic Church to Germany to sell indulgences?,43867004.0,"[{""edit_num"": 1, ""old"": ""When"", ""new"": ""Syen"", ""location"": ""any"", ""typo_type"": ""keyboard"", ""difficulty"": ""hard"", ""word_index"": 0, ""char_indices"": [0, 1], ""operation_count"": 2}, {""edit_num"": 2, ""old"": ""Catholic"", ""new"": ""Cafhllic"", ""location"": ""any"", ""typo_type"": ""keyboard"", ""difficulty"": ""hard"", ""word_index"": 8, ""char_indices"": [2, 4], ""operation_count"": 2}, {""edit_num"": 3, ""old"": ""Tetzel"", ""new"": ""Tefsel"", ""location"": ""any"", ""typo_type"": ""keyboard"", ""difficulty"": ""hard"", ""word_index"": 3, ""char_indices"": [2, 3], ""operation_count"": 2}]",0.0,6,"In 1516, Johann Tetzel, a Dominican friar and papal commissioner for indulgences",0.0,0.1666666666666666,1.0,,1.3912681809997594,,23,19,4,0.6666666666666666,0.5,7.089806,0.35550448
meta-llama/Llama-3.2-3B-Instruct,,hf,squad,5705eb3375f01819005e7767,idf,"Other than the motion picture and television industry, what other major industry is centered in Los Angeles?","The motion picture, television, and music industry is centered on the Los Angeles in southern California. Hollywood, a district within Los Angeles, is also a name associated with the motion picture industry. Headquartered in southern California are The Walt Disney Company (which also owns ABC), Sony Pictures, Universal, MGM, Paramount Pictures, 20th Century Fox, and Warner Brothers. Universal, Warner Brothers, and Sony also run major record companies as well.","[""music"", ""major record companies""]",17,clean,none,none,0,0,True,none,none,"Other than the motion picture and television industry, what other major industry is centered in Los Angeles?",,[],,0,music,1.0,1.0,1.0,,0.5391478390010889,,19,19,0,1.0,0.0,-18.397821,-0.47468582
meta-llama/Llama-3.2-3B-Instruct,,hf,squad,5705eb3375f01819005e7767,idf,"Other than the motion picture and television industry, what other major industry is centered in Los Angeles?","The motion picture, television, and music industry is centered on the Los Angeles in southern California. Hollywood, a district within Los Angeles, is also a name associated with the motion picture industry. Headquartered in southern California are The Walt Disney Company (which also owns ABC), Sony Pictures, Universal, MGM, Paramount Pictures, 20th Century Fox, and Warner Brothers. Universal, Warner Brothers, and Sony also run major record companies as well.","[""music"", ""major record companies""]",17,corrupted,keyboard,any,1,1,True,hard,none,"Other than the motion picture and gelevisipn industry, what other major industry is centered in Los Angeles?",43927046.0,"[{""edit_num"": 1, ""old"": ""television"", ""new"": ""gelevisipn"", ""location"": ""any"", ""typo_type"": ""keyboard"", ""difficulty"": ""hard"", ""word_index"": 6, ""char_indices"": [0, 8], ""operation_count"": 2}]",0.0,2,television,0.0,0.0,0.0,,0.5752588769992144,,22,19,3,1.0,1.0,-9.608058,1.9382846
meta-llama/Llama-3.2-3B-Instruct,,hf,squad,5705eb3375f01819005e7767,idf,"Other than the motion picture and television industry, what other major industry is centered in Los Angeles?","The motion picture, television, and music industry is centered on the Los Angeles in southern California. Hollywood, a district within Los Angeles, is also a name associated with the motion picture industry. Headquartered in southern California are The Walt Disney Company (which also owns ABC), Sony Pictures, Universal, MGM, Paramount Pictures, 20th Century Fox, and Warner Brothers. Universal, Warner Brothers, and Sony also run major record companies as well.","[""music"", ""major record companies""]",17,corrupted,keyboard,any,2,2,True,hard,none,"Other yhaj the motion picture and gelevisipn industry, what other major industry is centered in Los Angeles?",43927046.0,"[{""edit_num"": 1, ""old"": ""television"", ""new"": ""gelevisipn"", ""location"": ""any"", ""typo_type"": ""keyboard"", ""difficulty"": ""hard"", ""word_index"": 6, ""char_indices"": [0, 8], ""operation_count"": 2}, {""edit_num"": 2, ""old"": ""than"", ""new"": ""yhaj"", ""location"": ""any"", ""typo_type"": ""keyboard"", ""difficulty"": ""hard"", ""word_index"": 1, ""char_indices"": [0, 3], ""operation_count"": 2}]",0.0,4,television,0.0,0.0,0.0,,0.5905447830009507,,24,19,5,1.0,1.0,7.8053946,5.9391794
meta-llama/Llama-3.2-3B-Instruct,,hf,squad,5705eb3375f01819005e7767,idf,"Other than the motion picture and television industry, what other major industry is centered in Los Angeles?","The motion picture, television, and music industry is centered on the Los Angeles in southern California. Hollywood, a district within Los Angeles, is also a name associated with the motion picture industry. Headquartered in southern California are The Walt Disney Company (which also owns ABC), Sony Pictures, Universal, MGM, Paramount Pictures, 20th Century Fox, and Warner Brothers. Universal, Warner Brothers, and Sony also run major record companies as well.","[""music"", ""major record companies""]",17,corrupted,keyboard,any,3,3,True,hard,none,"Other yhaj the motion picture and gelevisipn industry, wyst other major industry is centered in Los Angeles?",43927046.0,"[{""edit_num"": 1, ""old"": ""television"", ""new"": ""gelevisipn"", ""location"": ""any"", ""typo_type"": ""keyboard"", ""difficulty"": ""hard"", ""word_index"": 6, ""char_indices"": [0, 8], ""operation_count"": 2}, {""edit_num"": 2, ""old"": ""than"", ""new"": ""yhaj"", ""location"": ""any"", ""typo_type"": ""keyboard"", ""difficulty"": ""hard"", ""word_index"": 1, ""char_indices"": [0, 3], ""operation_count"": 2}, {""edit_num"": 3, ""old"": ""what"", ""new"": ""wyst"", ""location"": ""any"", ""typo_type"": ""keyboard"", ""difficulty"": ""hard"", ""word_index"": 8, ""char_indices"": [1, 2], ""operation_count"": 2}]",0.0,6,television,0.0,0.0,0.0,,0.5718295320002653,,24,19,5,1.0,1.0,11.369814,5.264775
meta-llama/Llama-3.2-3B-Instruct,,hf,squad,570603c475f01819005e7884,idf,What is the state average growth rate?,"As of the 2010 United States Census, southern California has a population of 22,680,010. Despite a reputation for high growth rates, southern California's rate grew less than the state average of 10.0% in the 2000s as California's growth became concentrated in the northern part of the state due to a stronger, tech-oriented economy in the Bay Area and an emerging Greater Sacramento region.","[""10.0%"", ""10.0%"", ""10.0%""]",7,clean,none,none,0,0,True,none,none,What is the state average growth rate?,,[],,0,10.0%,1.0,1.0,1.0,,0.5983129400010512,,8,8,0,1.0,0.0,-18.387892,1.5284599
meta-llama/Llama-3.2-3B-Instruct,,hf,squad,570603c475f01819005e7884,idf,What is the state average growth rate?,"As of the 2010 United States Census, southern California has a population of 22,680,010. Despite a reputation for high growth rates, southern California's rate grew less than the state average of 10.0% in the 2000s as California's growth became concentrated in the northern part of the state due to a stronger, tech-oriented economy in the Bay Area and an emerging Greater Sacramento region.","[""10.0%"", ""10.0%"", ""10.0%""]",7,corrupted,keyboard,any,1,1,True,hard,none,Wgzt is the state average growth rate?,42486038.0,"[{""edit_num"": 1, ""old"": ""What"", ""new"": ""Wgzt"", ""location"": ""any"", ""typo_type"": ""keyboard"", ""difficulty"": ""hard"", ""word_index"": 0, ""char_indices"": [1, 2], ""operation_count"": 2}]",0.0,2,10.0%,1.0,1.0,1.0,,0.6541831430004095,,10,8,2,1.0,0.0,3.7418973,2.034052
meta-llama/Llama-3.2-3B-Instruct,,hf,squad,570603c475f01819005e7884,idf,What is the state average growth rate?,"As of the 2010 United States Census, southern California has a population of 22,680,010. Despite a reputation for high growth rates, southern California's rate grew less than the state average of 10.0% in the 2000s as California's growth became concentrated in the northern part of the state due to a stronger, tech-oriented economy in the Bay Area and an emerging Greater Sacramento region.","[""10.0%"", ""10.0%"", ""10.0%""]",7,corrupted,keyboard,any,2,2,True,hard,none,Wgzt is the state average groayh rate?,42486038.0,"[{""edit_num"": 1, ""old"": ""What"", ""new"": ""Wgzt"", ""location"": ""any"", ""typo_type"": ""keyboard"", ""difficulty"": ""hard"", ""word_index"": 0, ""char_indices"": [1, 2], ""operation_count"": 2}, {""edit_num"": 2, ""old"": ""growth"", ""new"": ""groayh"", ""location"": ""any"", ""typo_type"": ""keyboard"", ""difficulty"": ""hard"", ""word_index"": 5, ""char_indices"": [3, 4], ""operation_count"": 2}]",0.0,4,10.0,1.0,1.0,1.0,,0.6046205740003643,,12,8,4,1.0,0.0,14.239878,3.5857763
meta-llama/Llama-3.2-3B-Instruct,,hf,squad,570603c475f01819005e7884,idf,What is the state average growth rate?,"As of the 2010 United States Census, southern California has a population of 22,680,010. Despite a reputation for high growth rates, southern California's rate grew less than the state average of 10.0% in the 2000s as California's growth became concentrated in the northern part of the state due to a stronger, tech-oriented economy in the Bay Area and an emerging Greater Sacramento region.","[""10.0%"", ""10.0%"", ""10.0%""]",7,corrupted,keyboard,any,3,3,True,hard,none,Wgzt is the state avwdage groayh rate?,42486038.0,"[{""edit_num"": 1, ""old"": ""What"", ""new"": ""Wgzt"", ""location"": ""any"", ""typo_type"": ""keyboard"", ""difficulty"": ""hard"", ""word_index"": 0, ""char_indices"": [1, 2], ""operation_count"": 2}, {""edit_num"": 2, ""old"": ""growth"", ""new"": ""groayh"", ""location"": ""any"", ""typo_type"": ""keyboard"", ""difficulty"": ""hard"", ""word_index"": 5, ""char_indices"": [3, 4], ""operation_count"": 2}, {""edit_num"": 3, ""old"": ""average"", ""new"": ""avwdage"", ""location"": ""any"", ""typo_type"": ""keyboard"", ""difficulty"": ""hard"", ""word_index"": 4, ""char_indices"": [2, 3], ""operation_count"": 2}]",0.0,6,10.0,1.0,1.0,1.0,,0.6301927040003648,,14,8,6,1.0,0.0,20.318314,4.5939775
meta-llama/Llama-3.2-3B-Instruct,,hf,squad,57097051ed30961900e84135,idf,Who did BSkyB compete with initially?,"BSkyB's digital service was officially launched on 1 October 1998 under the name Sky Digital, although small-scale tests were carried out before then. At this time the use of the Sky Digital brand made an important distinction between the new service and Sky's analogue services. Key selling points were the improvement in picture and sound quality, increased number of channels and an interactive service branded Open.... now called Sky Active, BSkyB competed with the ONdigital (later ITV Digital) terrestrial offering and cable services. Within 30 days, over 100,000 digiboxes had been sold, which help bolstered BSkyB's decision to give away free digiboxes and minidishes from May 1999.","[""ONdigital"", ""ONdigital"", ""ONdigital""]",6,clean,none,none,0,0,True,none,none,Who did BSkyB compete with initially?,,[],,0,ONdigital,1.0,1.0,1.0,,0.75247959599983,,9,9,0,1.0,0.0,-9.753749,-9.3797
meta-llama/Llama-3.2-3B-Instruct,,hf,squad,57097051ed30961900e84135,idf,Who did BSkyB compete with initially?,"BSkyB's digital service was officially launched on 1 October 1998 under the name Sky Digital, although small-scale tests were carried out before then. At this time the use of the Sky Digital brand made an important distinction between the new service and Sky's analogue services. Key selling points were the improvement in picture and sound quality, increased number of channels and an interactive service branded Open.... now called Sky Active, BSkyB competed with the ONdigital (later ITV Digital) terrestrial offering and cable services. Within 30 days, over 100,000 digiboxes had been sold, which help bolstered BSkyB's decision to give away free digiboxes and minidishes from May 1999.","[""ONdigital"", ""ONdigital"", ""ONdigital""]",6,corrupted,keyboard,any,1,1,True,hard,none,Who did BSkyB compete with iniriakly?,43546780.0,"[{""edit_num"": 1, ""old"": ""initially"", ""new"": ""iniriakly"", ""location"": ""any"", ""typo_type"": ""keyboard"", ""difficulty"": ""hard"", ""word_index"": 5, ""char_indices"": [3, 6], ""operation_count"": 2}]",0.0,2,ONdigital,1.0,1.0,1.0,,0.7283315889999358,,12,9,3,1.0,0.0,-2.8688478,-7.4708543
meta-llama/Llama-3.2-3B-Instruct,,hf,squad,57097051ed30961900e84135,idf,Who did BSkyB compete with initially?,"BSkyB's digital service was officially launched on 1 October 1998 under the name Sky Digital, although small-scale tests were carried out before then. At this time the use of the Sky Digital brand made an important distinction between the new service and Sky's analogue services. Key selling points were the improvement in picture and sound quality, increased number of channels and an interactive service branded Open.... now called Sky Active, BSkyB competed with the ONdigital (later ITV Digital) terrestrial offering and cable services. Within 30 days, over 100,000 digiboxes had been sold, which help bolstered BSkyB's decision to give away free digiboxes and minidishes from May 1999.","[""ONdigital"", ""ONdigital"", ""ONdigital""]",6,corrupted,keyboard,any,2,2,True,hard,none,Who did HAkyB compete with iniriakly?,43546780.0,"[{""edit_num"": 1, ""old"": ""initially"", ""new"": ""iniriakly"", ""location"": ""any"", ""typo_type"": ""keyboard"", ""difficulty"": ""hard"", ""word_index"": 5, ""char_indices"": [3, 6], ""operation_count"": 2}, {""edit_num"": 2, ""old"": ""BSkyB"", ""new"": ""HAkyB"", ""location"": ""any"", ""typo_type"": ""keyboard"", ""difficulty"": ""hard"", ""word_index"": 2, ""char_indices"": [0, 1], ""operation_count"": 2}]",0.0,4,ONdigital,1.0,1.0,1.0,,0.7493141399991146,,12,9,3,1.0,0.0,2.1475887,-7.3520937
meta-llama/Llama-3.2-3B-Instruct,,hf,squad,57097051ed30961900e84135,idf,Who did BSkyB compete with initially?,"BSkyB's digital service was officially launched on 1 October 1998 under the name Sky Digital, although small-scale tests were carried out before then. At this time the use of the Sky Digital brand made an important distinction between the new service and Sky's analogue services. Key selling points were the improvement in picture and sound quality, increased number of channels and an interactive service branded Open.... now called Sky Active, BSkyB competed with the ONdigital (later ITV Digital) terrestrial offering and cable services. Within 30 days, over 100,000 digiboxes had been sold, which help bolstered BSkyB's decision to give away free digiboxes and minidishes from May 1999.","[""ONdigital"", ""ONdigital"", ""ONdigital""]",6,corrupted,keyboard,any,3,3,True,hard,none,Who did HAkyB compete wifj iniriakly?,43546780.0,"[{""edit_num"": 1, ""old"": ""initially"", ""new"": ""iniriakly"", ""location"": ""any"", ""typo_type"": ""keyboard"", ""difficulty"": ""hard"", ""word_index"": 5, ""char_indices"": [3, 6], ""operation_count"": 2}, {""edit_num"": 2, ""old"": ""BSkyB"", ""new"": ""HAkyB"", ""location"": ""any"", ""typo_type"": ""keyboard"", ""difficulty"": ""hard"", ""word_index"": 2, ""char_indices"": [0, 1], ""operation_count"": 2}, {""edit_num"": 3, ""old"": ""with"", ""new"": ""wifj"", ""location"": ""any"", ""typo_type"": ""keyboard"", ""difficulty"": ""hard"", ""word_index"": 4, ""char_indices"": [2, 3], ""operation_count"": 2}]",0.0,6,ONdigital,1.0,1.0,1.0,,0.7511203979993297,,14,9,5,1.0,0.0,14.166011,-5.373219
meta-llama/Llama-3.2-3B-Instruct,,hf,squad,570d26efb3d812140066d493,idf,How often are elections held for the Victorian Parliament?,"In November 2006, the Victorian Legislative Council elections were held under a new multi-member proportional representation system. The State of Victoria was divided into eight electorates with each electorate represented by five representatives elected by Single Transferable Vote. The total number of upper house members was reduced from 44 to 40 and their term of office is now the same as the lower house members—four years. Elections for the Victorian Parliament are now fixed and occur in November every four years. Prior to the 2006 election, the Legislative Council consisted of 44 members elected to eight-year terms from 22 two-member electorates.","[""every four years"", ""every four years"", ""four years""]",9,clean,none,none,0,0,True,none,none,How often are elections held for the Victorian Parliament?,,[],,0,every four years,1.0,1.0,1.0,,0.7056330169998546,,10,10,0,1.0,0.0,-21.457933,-3.5477455
meta-llama/Llama-3.2-3B-Instruct,,hf,squad,570d26efb3d812140066d493,idf,How often are elections held for the Victorian Parliament?,"In November 2006, the Victorian Legislative Council elections were held under a new multi-member proportional representation system. The State of Victoria was divided into eight electorates with each electorate represented by five representatives elected by Single Transferable Vote. The total number of upper house members was reduced from 44 to 40 and their term of office is now the same as the lower house members—four years. Elections for the Victorian Parliament are now fixed and occur in November every four years. Prior to the 2006 election, the Legislative Council consisted of 44 members elected to eight-year terms from 22 two-member electorates.","[""every four years"", ""every four years"", ""four years""]",9,corrupted,keyboard,any,1,1,True,hard,none,How often are elections grld for the Victorian Parliament?,42205842.0,"[{""edit_num"": 1, ""old"": ""held"", ""new"": ""grld"", ""location"": ""any"", ""typo_type"": ""keyboard"", ""difficulty"": ""hard"", ""word_index"": 4, ""char_indices"": [0, 1], ""operation_count"": 2}]",0.0,2,every four years,1.0,1.0,1.0,,0.748105337999732,,11,10,1,1.0,0.0,-8.407403,-1.7961644
meta-llama/Llama-3.2-3B-Instruct,,hf,squad,570d26efb3d812140066d493,idf,How often are elections held for the Victorian Parliament?,"In November 2006, the Victorian Legislative Council elections were held under a new multi-member proportional representation system. The State of Victoria was divided into eight electorates with each electorate represented by five representatives elected by Single Transferable Vote. The total number of upper house members was reduced from 44 to 40 and their term of office is now the same as the lower house members—four years. Elections for the Victorian Parliament are now fixed and occur in November every four years. Prior to the 2006 election, the Legislative Council consisted of 44 members elected to eight-year terms from 22 two-member electorates.","[""every four years"", ""every four years"", ""four years""]",9,corrupted,keyboard,any,2,2,True,hard,none,How often are elections grld for the Victorian Pwrlizment?,42205842.0,"[{""edit_num"": 1, ""old"": ""held"", ""new"": ""grld"", ""location"": ""any"", ""typo_type"": ""keyboard"", ""difficulty"": ""hard"", ""word_index"": 4, ""char_indices"": [0, 1], ""operation_count"": 2}, {""edit_num"": 2, ""old"": ""Parliament"", ""new"": ""Pwrlizment"", ""location"": ""any"", ""typo_type"": ""keyboard"", ""difficulty"": ""hard"", ""word_index"": 8, ""char_indices"": [1, 5], ""operation_count"": 2}]",0.0,4,every four years,1.0,1.0,1.0,,0.7534656360003282,,15,10,5,1.0,0.0,4.46017,-0.12866941
meta-llama/Llama-3.2-3B-Instruct,,hf,squad,570d26efb3d812140066d493,idf,How often are elections held for the Victorian Parliament?,"In November 2006, the Victorian Legislative Council elections were held under a new multi-member proportional representation system. The State of Victoria was divided into eight electorates with each electorate represented by five representatives elected by Single Transferable Vote. The total number of upper house members was reduced from 44 to 40 and their term of office is now the same as the lower house members—four years. Elections for the Victorian Parliament are now fixed and occur in November every four years. Prior to the 2006 election, the Legislative Council consisted of 44 members elected to eight-year terms from 22 two-member electorates.","[""every four years"", ""every four years"", ""four years""]",9,corrupted,keyboard,any,3,3,True,hard,none,How often are wlectiojs grld for the Victorian Pwrlizment?,42205842.0,"[{""edit_num"": 1, ""old"": ""held"", ""new"": ""grld"", ""location"": ""any"", ""typo_type"": ""keyboard"", ""difficulty"": ""hard"", ""word_index"": 4, ""char_indices"": [0, 1], ""operation_count"": 2}, {""edit_num"": 2, ""old"": ""Parliament"", ""new"": ""Pwrlizment"", ""location"": ""any"", ""typo_type"": ""keyboard"", ""difficulty"": ""hard"", ""word_index"": 8, ""char_indices"": [1, 5], ""operation_count"": 2}, {""edit_num"": 3, ""old"": ""elections"", ""new"": ""wlectiojs"", ""location"": ""any"", ""typo_type"": ""keyboard"", ""difficulty"": ""hard"", ""word_index"": 3, ""char_indices"": [0, 7], ""operation_count"": 2}]",0.0,6,every four years,1.0,1.0,1.0,,0.7804247660005785,,18,10,8,1.0,0.0,13.146098,1.3504789
meta-llama/Llama-3.2-3B-Instruct,,hf,squad,571127a5a58dae1900cd6cc5,idf,On what date did the first railway trip in the world occur?,"The first full-scale working railway steam locomotive was built by Richard Trevithick in the United Kingdom and, on 21 February 1804, the world's first railway journey took place as Trevithick's unnamed steam locomotive hauled a train along the tramway from the Pen-y-darren ironworks, near Merthyr Tydfil to Abercynon in south Wales. The design incorporated a number of important innovations that included using high-pressure steam which reduced the weight of the engine and increased its efficiency. Trevithick visited the Newcastle area later in 1804 and the colliery railways in north-east England became the leading centre for experimentation and development of steam locomotives.","[""21 February 1804"", ""21 February 1804"", ""21 February 1804""]",12,clean,none,none,0,0,True,none,none,On what date did the first railway trip in the world occur?,,[],,0,21 February 1804,1.0,1.0,1.0,,0.8422297659999458,,13,13,0,1.0,0.0,-17.729229,-3.2496963
meta-llama/Llama-3.2-3B-Instruct,,hf,squad,571127a5a58dae1900cd6cc5,idf,On what date did the first railway trip in the world occur?,"The first full-scale working railway steam locomotive was built by Richard Trevithick in the United Kingdom and, on 21 February 1804, the world's first railway journey took place as Trevithick's unnamed steam locomotive hauled a train along the tramway from the Pen-y-darren ironworks, near Merthyr Tydfil to Abercynon in south Wales. The design incorporated a number of important innovations that included using high-pressure steam which reduced the weight of the engine and increased its efficiency. Trevithick visited the Newcastle area later in 1804 and the colliery railways in north-east England became the leading centre for experimentation and development of steam locomotives.","[""21 February 1804"", ""21 February 1804"", ""21 February 1804""]",12,corrupted,keyboard,any,1,1,True,hard,none,On what date did the first railway teup in the world occur?,43366654.0,"[{""edit_num"": 1, ""old"": ""trip"", ""new"": ""teup"", ""location"": ""any"", ""typo_type"": ""keyboard"", ""difficulty"": ""hard"", ""word_index"": 7, ""char_indices"": [1, 2], ""operation_count"": 2}]",0.0,2,21 February 1804,1.0,1.0,1.0,,0.832557996000105,,14,13,1,1.0,0.0,-9.412228,-1.5811406
meta-llama/Llama-3.2-3B-Instruct,,hf,squad,571127a5a58dae1900cd6cc5,idf,On what date did the first railway trip in the world occur?,"The first full-scale working railway steam locomotive was built by Richard Trevithick in the United Kingdom and, on 21 February 1804, the world's first railway journey took place as Trevithick's unnamed steam locomotive hauled a train along the tramway from the Pen-y-darren ironworks, near Merthyr Tydfil to Abercynon in south Wales. The design incorporated a number of important innovations that included using high-pressure steam which reduced the weight of the engine and increased its efficiency. Trevithick visited the Newcastle area later in 1804 and the colliery railways in north-east England became the leading centre for experimentation and development of steam locomotives.","[""21 February 1804"", ""21 February 1804"", ""21 February 1804""]",12,corrupted,keyboard,any,2,2,True,hard,none,On what dwge did the first railway teup in the world occur?,43366654.0,"[{""edit_num"": 1, ""old"": ""trip"", ""new"": ""teup"", ""location"": ""any"", ""typo_type"": ""keyboard"", ""difficulty"": ""hard"", ""word_index"": 7, ""char_indices"": [1, 2], ""operation_count"": 2}, {""edit_num"": 2, ""old"": ""date"", ""new"": ""dwge"", ""location"": ""any"", ""typo_type"": ""keyboard"", ""difficulty"": ""hard"", ""word_index"": 2, ""char_indices"": [1, 2], ""operation_count"": 2}]",0.0,4,21 February,0.0,0.8,0.0,,0.7284652109992749,,15,13,2,1.0,0.19999999999999996,3.006206,1.5785836
meta-llama/Llama-3.2-3B-Instruct,,hf,squad,571127a5a58dae1900cd6cc5,idf,On what date did the first railway trip in the world occur?,"The first full-scale working railway steam locomotive was built by Richard Trevithick in the United Kingdom and, on 21 February 1804, the world's first railway journey took place as Trevithick's unnamed steam locomotive hauled a train along the tramway from the Pen-y-darren ironworks, near Merthyr Tydfil to Abercynon in south Wales. The design incorporated a number of important innovations that included using high-pressure steam which reduced the weight of the engine and increased its efficiency. Trevithick visited the Newcastle area later in 1804 and the colliery railways in north-east England became the leading centre for experimentation and development of steam locomotives.","[""21 February 1804"", ""21 February 1804"", ""21 February 1804""]",12,corrupted,keyboard,any,3,3,True,hard,none,On what dwge did the first rsilwqy teup in the world occur?,43366654.0,"[{""edit_num"": 1, ""old"": ""trip"", ""new"": ""teup"", ""location"": ""any"", ""typo_type"": ""keyboard"", ""difficulty"": ""hard"", ""word_index"": 7, ""char_indices"": [1, 2], ""operation_count"": 2}, {""edit_num"": 2, ""old"": ""date"", ""new"": ""dwge"", ""location"": ""any"", ""typo_type"": ""keyboard"", ""difficulty"": ""hard"", ""word_index"": 2, ""char_indices"": [1, 2], ""operation_count"": 2}, {""edit_num"": 3, ""old"": ""railway"", ""new"": ""rsilwqy"", ""location"": ""any"", ""typo_type"": ""keyboard"", ""difficulty"": ""hard"", ""word_index"": 6, ""char_indices"": [1, 5], ""operation_count"": 2}]",0.0,6,21 February,0.0,0.8,0.0,,0.7245680569994875,,19,13,6,1.0,0.19999999999999996,14.516649,3.8485575
meta-llama/Llama-3.2-3B-Instruct,,hf,squad,571bb2269499d21900609caa,idf,What element makes up almost half of the earth's crust by mass?,"Oxygen is a chemical element with symbol O and atomic number 8. It is a member of the chalcogen group on the periodic table and is a highly reactive nonmetal and oxidizing agent that readily forms compounds (notably oxides) with most elements. By mass, oxygen is the third-most abundant element in the universe, after hydrogen and helium. At standard temperature and pressure, two atoms of the element bind to form dioxygen, a colorless and odorless diatomic gas with the formula O
2. Diatomic oxygen gas constitutes 20.8% of the Earth's atmosphere. However, monitoring of atmospheric oxygen levels show a global downward trend, because of fossil-fuel burning. Oxygen is the most abundant element by mass in the Earth's crust as part of oxide compounds such as silicon dioxide, making up almost half of the crust's mass.","[""Oxygen"", ""Oxygen"", ""Oxygen"", ""Oxygen"", ""Oxygen""]",13,clean,none,none,0,0,True,none,none,What element makes up almost half of the earth's crust by mass?,,[],,0,silicon,0.0,0.0,0.0,,0.9090955310002756,,14,14,0,0.0,0.0,-18.220743,9.766439
meta-llama/Llama-3.2-3B-Instruct,,hf,squad,571bb2269499d21900609caa,idf,What element makes up almost half of the earth's crust by mass?,"Oxygen is a chemical element with symbol O and atomic number 8. It is a member of the chalcogen group on the periodic table and is a highly reactive nonmetal and oxidizing agent that readily forms compounds (notably oxides) with most elements. By mass, oxygen is the third-most abundant element in the universe, after hydrogen and helium. At standard temperature and pressure, two atoms of the element bind to form dioxygen, a colorless and odorless diatomic gas with the formula O
2. Diatomic oxygen gas constitutes 20.8% of the Earth's atmosphere. However, monitoring of atmospheric oxygen levels show a global downward trend, because of fossil-fuel burning. Oxygen is the most abundant element by mass in the Earth's crust as part of oxide compounds such as silicon dioxide, making up almost half of the crust's mass.","[""Oxygen"", ""Oxygen"", ""Oxygen"", ""Oxygen"", ""Oxygen""]",13,corrupted,keyboard,any,1,1,True,hard,none,What element makes up almost half of the esrgh's crust by mass?,43436703.0,"[{""edit_num"": 1, ""old"": ""earth"", ""new"": ""esrgh"", ""location"": ""any"", ""typo_type"": ""keyboard"", ""difficulty"": ""hard"", ""word_index"": 8, ""char_indices"": [1, 3], ""operation_count"": 2}]",0.0,2,oxygen,1.0,1.0,1.0,,0.8894714079997357,,16,14,2,0.0,-1.0,-8.312187,9.594817
meta-llama/Llama-3.2-3B-Instruct,,hf,squad,571bb2269499d21900609caa,idf,What element makes up almost half of the earth's crust by mass?,"Oxygen is a chemical element with symbol O and atomic number 8. It is a member of the chalcogen group on the periodic table and is a highly reactive nonmetal and oxidizing agent that readily forms compounds (notably oxides) with most elements. By mass, oxygen is the third-most abundant element in the universe, after hydrogen and helium. At standard temperature and pressure, two atoms of the element bind to form dioxygen, a colorless and odorless diatomic gas with the formula O
2. Diatomic oxygen gas constitutes 20.8% of the Earth's atmosphere. However, monitoring of atmospheric oxygen levels show a global downward trend, because of fossil-fuel burning. Oxygen is the most abundant element by mass in the Earth's crust as part of oxide compounds such as silicon dioxide, making up almost half of the crust's mass.","[""Oxygen"", ""Oxygen"", ""Oxygen"", ""Oxygen"", ""Oxygen""]",13,corrupted,keyboard,any,2,2,True,hard,none,What element makes up almpsf half of the esrgh's crust by mass?,43436703.0,"[{""edit_num"": 1, ""old"": ""earth"", ""new"": ""esrgh"", ""location"": ""any"", ""typo_type"": ""keyboard"", ""difficulty"": ""hard"", ""word_index"": 8, ""char_indices"": [1, 3], ""operation_count"": 2}, {""edit_num"": 2, ""old"": ""almost"", ""new"": ""almpsf"", ""location"": ""any"", ""typo_type"": ""keyboard"", ""difficulty"": ""hard"", ""word_index"": 4, ""char_indices"": [3, 5], ""operation_count"": 2}]",0.0,4,oxygen,1.0,1.0,1.0,,0.8502471870015142,,18,14,4,0.0,-1.0,4.763293,10.192345
meta-llama/Llama-3.2-3B-Instruct,,hf,squad,571bb2269499d21900609caa,idf,What element makes up almost half of the earth's crust by mass?,"Oxygen is a chemical element with symbol O and atomic number 8. It is a member of the chalcogen group on the periodic table and is a highly reactive nonmetal and oxidizing agent that readily forms compounds (notably oxides) with most elements. By mass, oxygen is the third-most abundant element in the universe, after hydrogen and helium. At standard temperature and pressure, two atoms of the element bind to form dioxygen, a colorless and odorless diatomic gas with the formula O
2. Diatomic oxygen gas constitutes 20.8% of the Earth's atmosphere. However, monitoring of atmospheric oxygen levels show a global downward trend, because of fossil-fuel burning. Oxygen is the most abundant element by mass in the Earth's crust as part of oxide compounds such as silicon dioxide, making up almost half of the crust's mass.","[""Oxygen"", ""Oxygen"", ""Oxygen"", ""Oxygen"", ""Oxygen""]",13,corrupted,keyboard,any,3,3,True,hard,none,What element makes up almpsf uzlf of the esrgh's crust by mass?,43436703.0,"[{""edit_num"": 1, ""old"": ""earth"", ""new"": ""esrgh"", ""location"": ""any"", ""typo_type"": ""keyboard"", ""difficulty"": ""hard"", ""word_index"": 8, ""char_indices"": [1, 3], ""operation_count"": 2}, {""edit_num"": 2, ""old"": ""almost"", ""new"": ""almpsf"", ""location"": ""any"", ""typo_type"": ""keyboard"", ""difficulty"": ""hard"", ""word_index"": 4, ""char_indices"": [3, 5], ""operation_count"": 2}, {""edit_num"": 3, ""old"": ""half"", ""new"": ""uzlf"", ""location"": ""any"", ""typo_type"": ""keyboard"", ""difficulty"": ""hard"", ""word_index"": 5, ""char_indices"": [0, 1], ""operation_count"": 2}]",0.0,6,oxygen,1.0,1.0,1.0,,0.9120115069999885,,19,14,5,0.0,-1.0,11.122811,10.10955
meta-llama/Llama-3.2-3B-Instruct,,hf,squad,571cde695efbb31900334e18,idf,Which organic compounds contain the greatest amount of oxygen by mass?,"The element is found in almost all biomolecules that are important to (or generated by) life. Only a few common complex biomolecules, such as squalene and the carotenes, contain no oxygen. Of the organic compounds with biological relevance, carbohydrates contain the largest proportion by mass of oxygen. All fats, fatty acids, amino acids, and proteins contain oxygen (due to the presence of carbonyl groups in these acids and their ester residues). Oxygen also occurs in phosphate (PO3−
4) groups in the biologically important energy-carrying molecules ATP and ADP, in the backbone and the purines (except adenine) and pyrimidines of RNA and DNA, and in bones as calcium phosphate and hydroxylapatite.","[""carbohydrates"", ""carbohydrates"", ""carbohydrates"", ""carbohydrates"", ""carbohydrates""]",11,clean,none,none,0,0,True,none,none,Which organic compounds contain the greatest amount of oxygen by mass?,,[],,0,carbohydrates,1.0,1.0,1.0,,0.7711338609988161,,12,12,0,1.0,0.0,-19.061646,12.380107
meta-llama/Llama-3.2-3B-Instruct,,hf,squad,571cde695efbb31900334e18,idf,Which organic compounds contain the greatest amount of oxygen by mass?,"The element is found in almost all biomolecules that are important to (or generated by) life. Only a few common complex biomolecules, such as squalene and the carotenes, contain no oxygen. Of the organic compounds with biological relevance, carbohydrates contain the largest proportion by mass of oxygen. All fats, fatty acids, amino acids, and proteins contain oxygen (due to the presence of carbonyl groups in these acids and their ester residues). Oxygen also occurs in phosphate (PO3−
4) groups in the biologically important energy-carrying molecules ATP and ADP, in the backbone and the purines (except adenine) and pyrimidines of RNA and DNA, and in bones as calcium phosphate and hydroxylapatite.","[""carbohydrates"", ""carbohydrates"", ""carbohydrates"", ""carbohydrates"", ""carbohydrates""]",11,corrupted,keyboard,any,1,1,True,hard,none,Which organic compounds contain the greatest amount of oshgen by mass?,42826276.0,"[{""edit_num"": 1, ""old"": ""oxygen"", ""new"": ""oshgen"", ""location"": ""any"", ""typo_type"": ""keyboard"", ""difficulty"": ""hard"", ""word_index"": 8, ""char_indices"": [1, 2], ""operation_count"": 2}]",0.0,2,carbohydrates,1.0,1.0,1.0,,0.7664158630013844,,14,12,2,1.0,0.0,-9.480365,12.077195
meta-llama/Llama-3.2-3B-Instruct,,hf,squad,571cde695efbb31900334e18,idf,Which organic compounds contain the greatest amount of oxygen by mass?,"The element is found in almost all biomolecules that are important to (or generated by) life. Only a few common complex biomolecules, such as squalene and the carotenes, contain no oxygen. Of the organic compounds with biological relevance, carbohydrates contain the largest proportion by mass of oxygen. All fats, fatty acids, amino acids, and proteins contain oxygen (due to the presence of carbonyl groups in these acids and their ester residues). Oxygen also occurs in phosphate (PO3−
4) groups in the biologically important energy-carrying molecules ATP and ADP, in the backbone and the purines (except adenine) and pyrimidines of RNA and DNA, and in bones as calcium phosphate and hydroxylapatite.","[""carbohydrates"", ""carbohydrates"", ""carbohydrates"", ""carbohydrates"", ""carbohydrates""]",11,corrupted,keyboard,any,2,2,True,hard,none,Which organic compounds congaon the greatest amount of oshgen by mass?,42826276.0,"[{""edit_num"": 1, ""old"": ""oxygen"", ""new"": ""oshgen"", ""location"": ""any"", ""typo_type"": ""keyboard"", ""difficulty"": ""hard"", ""word_index"": 8, ""char_indices"": [1, 2], ""operation_count"": 2}, {""edit_num"": 2, ""old"": ""contain"", ""new"": ""congaon"", ""location"": ""any"", ""typo_type"": ""keyboard"", ""difficulty"": ""hard"", ""word_index"": 3, ""char_indices"": [3, 5], ""operation_count"": 2}]",0.0,4,carbohydrates,1.0,1.0,1.0,,0.7708173510000051,,16,12,4,1.0,0.0,2.9449418,12.905142
meta-llama/Llama-3.2-3B-Instruct,,hf,squad,571cde695efbb31900334e18,idf,Which organic compounds contain the greatest amount of oxygen by mass?,"The element is found in almost all biomolecules that are important to (or generated by) life. Only a few common complex biomolecules, such as squalene and the carotenes, contain no oxygen. Of the organic compounds with biological relevance, carbohydrates contain the largest proportion by mass of oxygen. All fats, fatty acids, amino acids, and proteins contain oxygen (due to the presence of carbonyl groups in these acids and their ester residues). Oxygen also occurs in phosphate (PO3−
4) groups in the biologically important energy-carrying molecules ATP and ADP, in the backbone and the purines (except adenine) and pyrimidines of RNA and DNA, and in bones as calcium phosphate and hydroxylapatite.","[""carbohydrates"", ""carbohydrates"", ""carbohydrates"", ""carbohydrates"", ""carbohydrates""]",11,corrupted,keyboard,any,3,3,True,hard,none,Which orbanoc compounds congaon the greatest amount of oshgen by mass?,42826276.0,"[{""edit_num"": 1, ""old"": ""oxygen"", ""new"": ""oshgen"", ""location"": ""any"", ""typo_type"": ""keyboard"", ""difficulty"": ""hard"", ""word_index"": 8, ""char_indices"": [1, 2], ""operation_count"": 2}, {""edit_num"": 2, ""old"": ""contain"", ""new"": ""congaon"", ""location"": ""any"", ""typo_type"": ""keyboard"", ""difficulty"": ""hard"", ""word_index"": 3, ""char_indices"": [3, 5], ""operation_count"": 2}, {""edit_num"": 3, ""old"": ""organic"", ""new"": ""orbanoc"", ""location"": ""any"", ""typo_type"": ""keyboard"", ""difficulty"": ""hard"", ""word_index"": 1, ""char_indices"": [2, 5], ""operation_count"": 2}]",0.0,6,carbohydrates,1.0,1.0,1.0,,0.7724963950004167,,18,12,6,1.0,0.0,10.950502,12.830564
meta-llama/Llama-3.2-3B-Instruct,,hf,squad,5725be0fec44d21400f3d4a5,idf,Who originally led the Space Task Group?,"It became clear that managing the Apollo program would exceed the capabilities of Robert R. Gilruth's Space Task Group, which had been directing the nation's manned space program from NASA's Langley Research Center. So Gilruth was given authority to grow his organization into a new NASA center, the Manned Spacecraft Center (MSC). A site was chosen in Houston, Texas, on land donated by Rice University, and Administrator Webb announced the conversion on September 19, 1961. It was also clear NASA would soon outgrow its practice of controlling missions from its Cape Canaveral Air Force Station launch facilities in Florida, so a new Mission Control Center would be included in the MSC.","[""Robert R. Gilruth"", ""Robert R. Gilruth's"", ""Robert R. Gilruth's"", ""Robert R. Gilruth"", ""Robert R. Gilruth""]",7,clean,none,none,0,0,True,none,none,Who originally led the Space Task Group?,,[],,0,Robert R Gilruth,1.0,1.0,1.0,,0.7867343640009494,,8,8,0,1.0,0.0,-13.360111,-10.038455
meta-llama/Llama-3.2-3B-Instruct,,hf,squad,5725be0fec44d21400f3d4a5,idf,Who originally led the Space Task Group?,"It became clear that managing the Apollo program would exceed the capabilities of Robert R. Gilruth's Space Task Group, which had been directing the nation's manned space program from NASA's Langley Research Center. So Gilruth was given authority to grow his organization into a new NASA center, the Manned Spacecraft Center (MSC). A site was chosen in Houston, Texas, on land donated by Rice University, and Administrator Webb announced the conversion on September 19, 1961. It was also clear NASA would soon outgrow its practice of controlling missions from its Cape Canaveral Air Force Station launch facilities in Florida, so a new Mission Control Center would be included in the MSC.","[""Robert R. Gilruth"", ""Robert R. Gilruth's"", ""Robert R. Gilruth's"", ""Robert R. Gilruth"", ""Robert R. Gilruth""]",7,corrupted,keyboard,any,1,1,True,hard,none,Who originally led the Space Task Grojo?,42776241.0,"[{""edit_num"": 1, ""old"": ""Group"", ""new"": ""Grojo"", ""location"": ""any"", ""typo_type"": ""keyboard"", ""difficulty"": ""hard"", ""word_index"": 6, ""char_indices"": [3, 4], ""operation_count"": 2}]",0.0,2,Robert R Gilruth,1.0,1.0,1.0,,0.8375846939998155,,9,8,1,1.0,0.0,-5.2862234,-9.558789
meta-llama/Llama-3.2-3B-Instruct,,hf,squad,5725be0fec44d21400f3d4a5,idf,Who originally led the Space Task Group?,"It became clear that managing the Apollo program would exceed the capabilities of Robert R. Gilruth's Space Task Group, which had been directing the nation's manned space program from NASA's Langley Research Center. So Gilruth was given authority to grow his organization into a new NASA center, the Manned Spacecraft Center (MSC). A site was chosen in Houston, Texas, on land donated by Rice University, and Administrator Webb announced the conversion on September 19, 1961. It was also clear NASA would soon outgrow its practice of controlling missions from its Cape Canaveral Air Force Station launch facilities in Florida, so a new Mission Control Center would be included in the MSC.","[""Robert R. Gilruth"", ""Robert R. Gilruth's"", ""Robert R. Gilruth's"", ""Robert R. Gilruth"", ""Robert R. Gilruth""]",7,corrupted,keyboard,any,2,2,True,hard,none,Who origihallh led the Space Task Grojo?,42776241.0,"[{""edit_num"": 1, ""old"": ""Group"", ""new"": ""Grojo"", ""location"": ""any"", ""typo_type"": ""keyboard"", ""difficulty"": ""hard"", ""word_index"": 6, ""char_indices"": [3, 4], ""operation_count"": 2}, {""edit_num"": 2, ""old"": ""originally"", ""new"": ""origihallh"", ""location"": ""any"", ""typo_type"": ""keyboard"", ""difficulty"": ""hard"", ""word_index"": 1, ""char_indices"": [5, 9], ""operation_count"": 2}]",0.0,4,Robert R Gilruth,1.0,1.0,1.0,,0.8256744099999196,,12,8,4,1.0,0.0,12.048804,-5.203728
meta-llama/Llama-3.2-3B-Instruct,,hf,squad,5725be0fec44d21400f3d4a5,idf,Who originally led the Space Task Group?,"It became clear that managing the Apollo program would exceed the capabilities of Robert R. Gilruth's Space Task Group, which had been directing the nation's manned space program from NASA's Langley Research Center. So Gilruth was given authority to grow his organization into a new NASA center, the Manned Spacecraft Center (MSC). A site was chosen in Houston, Texas, on land donated by Rice University, and Administrator Webb announced the conversion on September 19, 1961. It was also clear NASA would soon outgrow its practice of controlling missions from its Cape Canaveral Air Force Station launch facilities in Florida, so a new Mission Control Center would be included in the MSC.","[""Robert R. Gilruth"", ""Robert R. Gilruth's"", ""Robert R. Gilruth's"", ""Robert R. Gilruth"", ""Robert R. Gilruth""]",7,corrupted,keyboard,any,3,3,True,hard,none,Who origihallh led the Space Rawk Grojo?,42776241.0,"[{""edit_num"": 1, ""old"": ""Group"", ""new"": ""Grojo"", ""location"": ""any"", ""typo_type"": ""keyboard"", ""difficulty"": ""hard"", ""word_index"": 6, ""char_indices"": [3, 4], ""operation_count"": 2}, {""edit_num"": 2, ""old"": ""originally"", ""new"": ""origihallh"", ""location"": ""any"", ""typo_type"": ""keyboard"", ""difficulty"": ""hard"", ""word_index"": 1, ""char_indices"": [5, 9], ""operation_count"": 2}, {""edit_num"": 3, ""old"": ""Task"", ""new"": ""Rawk"", ""location"": ""any"", ""typo_type"": ""keyboard"", ""difficulty"": ""hard"", ""word_index"": 5, ""char_indices"": [0, 2], ""operation_count"": 2}]",0.0,6,Robert R. Gilruth,1.0,1.0,1.0,,0.8586820759992406,,13,8,5,1.0,0.0,16.571606,-3.8843691
meta-llama/Llama-3.2-3B-Instruct,,hf,squad,5725d662ec44d21400f3d687,idf,How many large public parks does Fresno have?,"Fresno has three large public parks, two in the city limits and one in county land to the southwest. Woodward Park, which features the Shinzen Japanese Gardens, numerous picnic areas and several miles of trails, is in North Fresno and is adjacent to the San Joaquin River Parkway. Roeding Park, near Downtown Fresno, is home to the Fresno Chaffee Zoo, and Rotary Storyland and Playland. Kearney Park is the largest of the Fresno region's park system and is home to historic Kearney Mansion and plays host to the annual Civil War Revisited, the largest reenactment of the Civil War in the west coast of the U.S.","[""three"", ""three"", ""three""]",8,clean,none,none,0,0,True,none,none,How many large public parks does Fresno have?,,[],,0,Three,1.0,1.0,1.0,,0.6916864670001814,,9,9,0,1.0,0.0,-16.034899,0.01663499
meta-llama/Llama-3.2-3B-Instruct,,hf,squad,5725d662ec44d21400f3d687,idf,How many large public parks does Fresno have?,"Fresno has three large public parks, two in the city limits and one in county land to the southwest. Woodward Park, which features the Shinzen Japanese Gardens, numerous picnic areas and several miles of trails, is in North Fresno and is adjacent to the San Joaquin River Parkway. Roeding Park, near Downtown Fresno, is home to the Fresno Chaffee Zoo, and Rotary Storyland and Playland. Kearney Park is the largest of the Fresno region's park system and is home to historic Kearney Mansion and plays host to the annual Civil War Revisited, the largest reenactment of the Civil War in the west coast of the U.S.","[""three"", ""three"", ""three""]",8,corrupted,keyboard,any,1,1,True,hard,none,How many large public pstks does Fresno have?,43516759.0,"[{""edit_num"": 1, ""old"": ""parks"", ""new"": ""pstks"", ""location"": ""any"", ""typo_type"": ""keyboard"", ""difficulty"": ""hard"", ""word_index"": 4, ""char_indices"": [1, 2], ""operation_count"": 2}]",0.0,2,three,1.0,1.0,1.0,,0.6822728810002445,,10,9,1,1.0,0.0,-4.0910106,2.0690846
meta-llama/Llama-3.2-3B-Instruct,,hf,squad,5725d662ec44d21400f3d687,idf,How many large public parks does Fresno have?,"Fresno has three large public parks, two in the city limits and one in county land to the southwest. Woodward Park, which features the Shinzen Japanese Gardens, numerous picnic areas and several miles of trails, is in North Fresno and is adjacent to the San Joaquin River Parkway. Roeding Park, near Downtown Fresno, is home to the Fresno Chaffee Zoo, and Rotary Storyland and Playland. Kearney Park is the largest of the Fresno region's park system and is home to historic Kearney Mansion and plays host to the annual Civil War Revisited, the largest reenactment of the Civil War in the west coast of the U.S.","[""three"", ""three"", ""three""]",8,corrupted,keyboard,any,2,2,True,hard,none,How many large public pstks cors Fresno have?,43516759.0,"[{""edit_num"": 1, ""old"": ""parks"", ""new"": ""pstks"", ""location"": ""any"", ""typo_type"": ""keyboard"", ""difficulty"": ""hard"", ""word_index"": 4, ""char_indices"": [1, 2], ""operation_count"": 2}, {""edit_num"": 2, ""old"": ""does"", ""new"": ""cors"", ""location"": ""any"", ""typo_type"": ""keyboard"", ""difficulty"": ""hard"", ""word_index"": 5, ""char_indices"": [0, 2], ""operation_count"": 2}]",0.0,4,three,1.0,1.0,1.0,,0.6917906450016744,,10,9,1,1.0,0.0,-1.7585741,1.7848777
meta-llama/Llama-3.2-3B-Instruct,,hf,squad,5725d662ec44d21400f3d687,idf,How many large public parks does Fresno have?,"Fresno has three large public parks, two in the city limits and one in county land to the southwest. Woodward Park, which features the Shinzen Japanese Gardens, numerous picnic areas and several miles of trails, is in North Fresno and is adjacent to the San Joaquin River Parkway. Roeding Park, near Downtown Fresno, is home to the Fresno Chaffee Zoo, and Rotary Storyland and Playland. Kearney Park is the largest of the Fresno region's park system and is home to historic Kearney Mansion and plays host to the annual Civil War Revisited, the largest reenactment of the Civil War in the west coast of the U.S.","[""three"", ""three"", ""three""]",8,corrupted,keyboard,any,3,3,True,hard,none,How many large public pstks cors Frssnk have?,43516759.0,"[{""edit_num"": 1, ""old"": ""parks"", ""new"": ""pstks"", ""location"": ""any"", ""typo_type"": ""keyboard"", ""difficulty"": ""hard"", ""word_index"": 4, ""char_indices"": [1, 2], ""operation_count"": 2}, {""edit_num"": 2, ""old"": ""does"", ""new"": ""cors"", ""location"": ""any"", ""typo_type"": ""keyboard"", ""difficulty"": ""hard"", ""word_index"": 5, ""char_indices"": [0, 2], ""operation_count"": 2}, {""edit_num"": 3, ""old"": ""Fresno"", ""new"": ""Frssnk"", ""location"": ""any"", ""typo_type"": ""keyboard"", ""difficulty"": ""hard"", ""word_index"": 6, ""char_indices"": [2, 5], ""operation_count"": 2}]",0.0,6,three,1.0,1.0,1.0,,0.6846152560010523,,12,9,3,1.0,0.0,7.303099,1.9701469
meta-llama/Llama-3.2-3B-Instruct,,hf,squad,5725e748ec44d21400f3d733,idf,What type of homes is Fresno known for?,"The area is also known for its early twentieth century homes, many of which have been restored in recent decades. The area includes many California Bungalow and American Craftsman style homes, Spanish Colonial Revival Style architecture, Mediterranean Revival Style architecture, Mission Revival Style architecture, and many Storybook houses designed by Fresno architects, Hilliard, Taylor & Wheeler. The residential architecture of the Tower District contrasts with the newer areas of tract homes urban sprawl in north and east areas of Fresno.","[""early twentieth century homes"", ""early twentieth century homes"", ""early twentieth century""]",8,clean,none,none,0,0,True,none,none,What type of homes is Fresno known for?,,[],,0,California Bungalow and American Craftsman style homes,0.0,0.1818181818181818,0.0,,0.7935878410007717,,9,9,0,0.1818181818181818,0.0,-20.787422,1.1974674
meta-llama/Llama-3.2-3B-Instruct,,hf,squad,5725e748ec44d21400f3d733,idf,What type of homes is Fresno known for?,"The area is also known for its early twentieth century homes, many of which have been restored in recent decades. The area includes many California Bungalow and American Craftsman style homes, Spanish Colonial Revival Style architecture, Mediterranean Revival Style architecture, Mission Revival Style architecture, and many Storybook houses designed by Fresno architects, Hilliard, Taylor & Wheeler. The residential architecture of the Tower District contrasts with the newer areas of tract homes urban sprawl in north and east areas of Fresno.","[""early twentieth century homes"", ""early twentieth century homes"", ""early twentieth century""]",8,corrupted,keyboard,any,1,1,True,hard,none,Shst type of homes is Fresno known for?,42806262.0,"[{""edit_num"": 1, ""old"": ""What"", ""new"": ""Shst"", ""location"": ""any"", ""typo_type"": ""keyboard"", ""difficulty"": ""hard"", ""word_index"": 0, ""char_indices"": [0, 2], ""operation_count"": 2}]",0.0,2,California Bungalow and American Craftsman style homes,0.0,0.1818181818181818,0.0,,0.8280084309990343,,10,9,1,0.1818181818181818,0.0,-4.5962644,2.5609498
meta-llama/Llama-3.2-3B-Instruct,,hf,squad,5725e748ec44d21400f3d733,idf,What type of homes is Fresno known for?,"The area is also known for its early twentieth century homes, many of which have been restored in recent decades. The area includes many California Bungalow and American Craftsman style homes, Spanish Colonial Revival Style architecture, Mediterranean Revival Style architecture, Mission Revival Style architecture, and many Storybook houses designed by Fresno architects, Hilliard, Taylor & Wheeler. The residential architecture of the Tower District contrasts with the newer areas of tract homes urban sprawl in north and east areas of Fresno.","[""early twentieth century homes"", ""early twentieth century homes"", ""early twentieth century""]",8,corrupted,keyboard,any,2,2,True,hard,none,Shst type of hkjes is Fresno known for?,42806262.0,"[{""edit_num"": 1, ""old"": ""What"", ""new"": ""Shst"", ""location"": ""any"", ""typo_type"": ""keyboard"", ""difficulty"": ""hard"", ""word_index"": 0, ""char_indices"": [0, 2], ""operation_count"": 2}, {""edit_num"": 2, ""old"": ""homes"", ""new"": ""hkjes"", ""location"": ""any"", ""typo_type"": ""keyboard"", ""difficulty"": ""hard"", ""word_index"": 3, ""char_indices"": [1, 2], ""operation_count"": 2}]",0.0,4,early twentieth century homes,1.0,1.0,1.0,,0.647356701998433,,11,9,2,0.1818181818181818,-0.8181818181818182,10.042316,5.4268265
meta-llama/Llama-3.2-3B-Instruct,,hf,squad,5725e748ec44d21400f3d733,idf,What type of homes is Fresno known for?,"The area is also known for its early twentieth century homes, many of which have been restored in recent decades. The area includes many California Bungalow and American Craftsman style homes, Spanish Colonial Revival Style architecture, Mediterranean Revival Style architecture, Mission Revival Style architecture, and many Storybook houses designed by Fresno architects, Hilliard, Taylor & Wheeler. The residential architecture of the Tower District contrasts with the newer areas of tract homes urban sprawl in north and east areas of Fresno.","[""early twentieth century homes"", ""early twentieth century homes"", ""early twentieth century""]",8,corrupted,keyboard,any,3,3,True,hard,none,Shst type of hkjes is Feesjo known for?,42806262.0,"[{""edit_num"": 1, ""old"": ""What"", ""new"": ""Shst"", ""location"": ""any"", ""typo_type"": ""keyboard"", ""difficulty"": ""hard"", ""word_index"": 0, ""char_indices"": [0, 2], ""operation_count"": 2}, {""edit_num"": 2, ""old"": ""homes"", ""new"": ""hkjes"", ""location"": ""any"", ""typo_type"": ""keyboard"", ""difficulty"": ""hard"", ""word_index"": 3, ""char_indices"": [1, 2], ""operation_count"": 2}, {""edit_num"": 3, ""old"": ""Fresno"", ""new"": ""Feesjo"", ""location"": ""any"", ""typo_type"": ""keyboard"", ""difficulty"": ""hard"", ""word_index"": 5, ""char_indices"": [1, 4], ""operation_count"": 2}]",0.0,6,"I'm sorry, I can't provide information on that.",0.0,0.0,0.0,,0.919870962999994,,12,9,3,0.1818181818181818,0.1818181818181818,12.95785,4.7229276
meta-llama/Llama-3.2-3B-Instruct,,hf,squad,5726400589a1e219009ac5f2,idf,How many different species of ctenohore are there?,"Almost all ctenophores are predators, taking prey ranging from microscopic larvae and rotifers to the adults of small crustaceans; the exceptions are juveniles of two species, which live as parasites on the salps on which adults of their species feed. In favorable circumstances, ctenophores can eat ten times their own weight in a day. Only 100–150 species have been validated, and possibly another 25 have not been fully described and named. The textbook examples are cydippids with egg-shaped bodies and a pair of retractable tentacles fringed with tentilla (""little tentacles"") that are covered with colloblasts, sticky cells that capture prey. The phylum has a wide range of body forms, including the flattened, deep-sea platyctenids, in which the adults of most species lack combs, and the coastal beroids, which lack tentacles and prey on other ctenophores by using huge mouths armed with groups of large, stiffened cilia that act as teeth. These variations enable different species to build huge populations in the same area, because they specialize in different types of prey, which they capture by as wide a range of methods as spiders use.","[""100–150 species"", ""100–150"", ""100–150 species have been validated""]",8,clean,none,none,0,0,True,none,none,How many different species of ctenohore are there?,,[],,0,100–150,1.0,1.0,1.0,,1.138368175999858,,12,12,0,1.0,0.0,-4.5363235,7.8704424
meta-llama/Llama-3.2-3B-Instruct,,hf,squad,5726400589a1e219009ac5f2,idf,How many different species of ctenohore are there?,"Almost all ctenophores are predators, taking prey ranging from microscopic larvae and rotifers to the adults of small crustaceans; the exceptions are juveniles of two species, which live as parasites on the salps on which adults of their species feed. In favorable circumstances, ctenophores can eat ten times their own weight in a day. Only 100–150 species have been validated, and possibly another 25 have not been fully described and named. The textbook examples are cydippids with egg-shaped bodies and a pair of retractable tentacles fringed with tentilla (""little tentacles"") that are covered with colloblasts, sticky cells that capture prey. The phylum has a wide range of body forms, including the flattened, deep-sea platyctenids, in which the adults of most species lack combs, and the coastal beroids, which lack tentacles and prey on other ctenophores by using huge mouths armed with groups of large, stiffened cilia that act as teeth. These variations enable different species to build huge populations in the same area, because they specialize in different types of prey, which they capture by as wide a range of methods as spiders use.","[""100–150 species"", ""100–150"", ""100–150 species have been validated""]",8,corrupted,keyboard,any,1,1,True,hard,none,How kzny different species of ctenohore are there?,43856997.0,"[{""edit_num"": 1, ""old"": ""many"", ""new"": ""kzny"", ""location"": ""any"", ""typo_type"": ""keyboard"", ""difficulty"": ""hard"", ""word_index"": 1, ""char_indices"": [0, 1], ""operation_count"": 2}]",0.0,2,Only 100–150 species have been validated,0.0,0.9090909090909092,1.0,,1.3957765069990271,,13,12,1,1.0,0.09090909090909083,8.24823,9.967998
meta-llama/Llama-3.2-3B-Instruct,,hf,squad,5726400589a1e219009ac5f2,idf,How many different species of ctenohore are there?,"Almost all ctenophores are predators, taking prey ranging from microscopic larvae and rotifers to the adults of small crustaceans; the exceptions are juveniles of two species, which live as parasites on the salps on which adults of their species feed. In favorable circumstances, ctenophores can eat ten times their own weight in a day. Only 100–150 species have been validated, and possibly another 25 have not been fully described and named. The textbook examples are cydippids with egg-shaped bodies and a pair of retractable tentacles fringed with tentilla (""little tentacles"") that are covered with colloblasts, sticky cells that capture prey. The phylum has a wide range of body forms, including the flattened, deep-sea platyctenids, in which the adults of most species lack combs, and the coastal beroids, which lack tentacles and prey on other ctenophores by using huge mouths armed with groups of large, stiffened cilia that act as teeth. These variations enable different species to build huge populations in the same area, because they specialize in different types of prey, which they capture by as wide a range of methods as spiders use.","[""100–150 species"", ""100–150"", ""100–150 species have been validated""]",8,corrupted,keyboard,any,2,2,True,hard,none,How kzny different species of ctwnohoee are there?,43856997.0,"[{""edit_num"": 1, ""old"": ""many"", ""new"": ""kzny"", ""location"": ""any"", ""typo_type"": ""keyboard"", ""difficulty"": ""hard"", ""word_index"": 1, ""char_indices"": [0, 1], ""operation_count"": 2}, {""edit_num"": 2, ""old"": ""ctenohore"", ""new"": ""ctwnohoee"", ""location"": ""any"", ""typo_type"": ""keyboard"", ""difficulty"": ""hard"", ""word_index"": 5, ""char_indices"": [2, 7], ""operation_count"": 2}]",0.0,4,"Only 100–150 species have been validated, and possibly another 25 have not been fully described and named",0.0,0.4545454545454545,1.0,,1.8035451409996317,,13,12,1,1.0,0.5454545454545455,11.930997,10.0789385
meta-llama/Llama-3.2-3B-Instruct,,hf,squad,5726400589a1e219009ac5f2,idf,How many different species of ctenohore are there?,"Almost all ctenophores are predators, taking prey ranging from microscopic larvae and rotifers to the adults of small crustaceans; the exceptions are juveniles of two species, which live as parasites on the salps on which adults of their species feed. In favorable circumstances, ctenophores can eat ten times their own weight in a day. Only 100–150 species have been validated, and possibly another 25 have not been fully described and named. The textbook examples are cydippids with egg-shaped bodies and a pair of retractable tentacles fringed with tentilla (""little tentacles"") that are covered with colloblasts, sticky cells that capture prey. The phylum has a wide range of body forms, including the flattened, deep-sea platyctenids, in which the adults of most species lack combs, and the coastal beroids, which lack tentacles and prey on other ctenophores by using huge mouths armed with groups of large, stiffened cilia that act as teeth. These variations enable different species to build huge populations in the same area, because they specialize in different types of prey, which they capture by as wide a range of methods as spiders use.","[""100–150 species"", ""100–150"", ""100–150 species have been validated""]",8,corrupted,keyboard,any,3,3,True,hard,none,How kzny ciffdrent species of ctwnohoee are there?,43856997.0,"[{""edit_num"": 1, ""old"": ""many"", ""new"": ""kzny"", ""location"": ""any"", ""typo_type"": ""keyboard"", ""difficulty"": ""hard"", ""word_index"": 1, ""char_indices"": [0, 1], ""operation_count"": 2}, {""edit_num"": 2, ""old"": ""ctenohore"", ""new"": ""ctwnohoee"", ""location"": ""any"", ""typo_type"": ""keyboard"", ""difficulty"": ""hard"", ""word_index"": 5, ""char_indices"": [2, 7], ""operation_count"": 2}, {""edit_num"": 3, ""old"": ""different"", ""new"": ""ciffdrent"", ""location"": ""any"", ""typo_type"": ""keyboard"", ""difficulty"": ""hard"", ""word_index"": 2, ""char_indices"": [0, 4], ""operation_count"": 2}]",0.0,6,Only 100–150 species have been validated,0.0,0.9090909090909092,1.0,,1.3113698799988924,,16,12,4,1.0,0.09090909090909083,18.10085,10.53477
meta-llama/Llama-3.2-3B-Instruct,,hf,squad,5726d9935951b619008f7ff1,idf,What types of preparation do pharmacists have?,"Pharmacists are healthcare professionals with specialised education and training who perform various roles to ensure optimal health outcomes for their patients through the quality use of medicines. Pharmacists may also be small-business proprietors, owning the pharmacy in which they practice. Since pharmacists know about the mode of action of a particular drug, and its metabolism and physiological effects on the human body in great detail, they play an important role in optimisation of a drug treatment for an individual.","[""specialised education and training"", ""specialised education and training"", ""specialised education and training""]",7,clean,none,none,0,0,True,none,none,What types of preparation do pharmacists have?,,[],,0,specialised education and training,1.0,1.0,1.0,,0.7536119519991189,,9,9,0,1.0,0.0,-15.223346,12.658684
meta-llama/Llama-3.2-3B-Instruct,,hf,squad,5726d9935951b619008f7ff1,idf,What types of preparation do pharmacists have?,"Pharmacists are healthcare professionals with specialised education and training who perform various roles to ensure optimal health outcomes for their patients through the quality use of medicines. Pharmacists may also be small-business proprietors, owning the pharmacy in which they practice. Since pharmacists know about the mode of action of a particular drug, and its metabolism and physiological effects on the human body in great detail, they play an important role in optimisation of a drug treatment for an individual.","[""specialised education and training"", ""specialised education and training"", ""specialised education and training""]",7,corrupted,keyboard,any,1,1,True,hard,none,What types of preparation do phatkacists have?,43997095.0,"[{""edit_num"": 1, ""old"": ""pharmacists"", ""new"": ""phatkacists"", ""location"": ""any"", ""typo_type"": ""keyboard"", ""difficulty"": ""hard"", ""word_index"": 5, ""char_indices"": [3, 4], ""operation_count"": 2}]",0.0,2,specialised education and training,1.0,1.0,1.0,,0.7393508550012484,,10,9,1,1.0,0.0,-5.744147,12.619539
meta-llama/Llama-3.2-3B-Instruct,,hf,squad,5726d9935951b619008f7ff1,idf,What types of preparation do pharmacists have?,"Pharmacists are healthcare professionals with specialised education and training who perform various roles to ensure optimal health outcomes for their patients through the quality use of medicines. Pharmacists may also be small-business proprietors, owning the pharmacy in which they practice. Since pharmacists know about the mode of action of a particular drug, and its metabolism and physiological effects on the human body in great detail, they play an important role in optimisation of a drug treatment for an individual.","[""specialised education and training"", ""specialised education and training"", ""specialised education and training""]",7,corrupted,keyboard,any,2,2,True,hard,none,Wjay types of preparation do phatkacists have?,43997095.0,"[{""edit_num"": 1, ""old"": ""pharmacists"", ""new"": ""phatkacists"", ""location"": ""any"", ""typo_type"": ""keyboard"", ""difficulty"": ""hard"", ""word_index"": 5, ""char_indices"": [3, 4], ""operation_count"": 2}, {""edit_num"": 2, ""old"": ""What"", ""new"": ""Wjay"", ""location"": ""any"", ""typo_type"": ""keyboard"", ""difficulty"": ""hard"", ""word_index"": 0, ""char_indices"": [1, 3], ""operation_count"": 2}]",0.0,4,I couldn't find any information about the types of preparation that pharmacists have.,0.0,0.0,0.0,,1.0720642689993838,,11,9,2,1.0,1.0,9.094363,13.1760025
meta-llama/Llama-3.2-3B-Instruct,,hf,squad,5726d9935951b619008f7ff1,idf,What types of preparation do pharmacists have?,"Pharmacists are healthcare professionals with specialised education and training who perform various roles to ensure optimal health outcomes for their patients through the quality use of medicines. Pharmacists may also be small-business proprietors, owning the pharmacy in which they practice. Since pharmacists know about the mode of action of a particular drug, and its metabolism and physiological effects on the human body in great detail, they play an important role in optimisation of a drug treatment for an individual.","[""specialised education and training"", ""specialised education and training"", ""specialised education and training""]",7,corrupted,keyboard,any,3,3,True,hard,none,Wjay types of preparation do phatkacists uqve?,43997095.0,"[{""edit_num"": 1, ""old"": ""pharmacists"", ""new"": ""phatkacists"", ""location"": ""any"", ""typo_type"": ""keyboard"", ""difficulty"": ""hard"", ""word_index"": 5, ""char_indices"": [3, 4], ""operation_count"": 2}, {""edit_num"": 2, ""old"": ""What"", ""new"": ""Wjay"", ""location"": ""any"", ""typo_type"": ""keyboard"", ""difficulty"": ""hard"", ""word_index"": 0, ""char_indices"": [1, 3], ""operation_count"": 2}, {""edit_num"": 3, ""old"": ""have"", ""new"": ""uqve"", ""location"": ""any"", ""typo_type"": ""keyboard"", ""difficulty"": ""hard"", ""word_index"": 6, ""char_indices"": [0, 1], ""operation_count"": 2}]",0.0,6,I couldn't find any information about the types of preparation that pharmacists use.,0.0,0.0,0.0,,1.066241287999219,,13,9,4,1.0,1.0,13.93252,12.658775
meta-llama/Llama-3.2-3B-Instruct,,hf,squad,5727e9523acd2414000def99,idf,How is income determined in a market with variously skilled workers?,"Neoclassical economics views inequalities in the distribution of income as arising from differences in value added by labor, capital and land. Within labor income distribution is due to differences in value added by different classifications of workers. In this perspective, wages and profits are determined by the marginal value added of each economic actor (worker, capitalist/business owner, landlord). Thus, in a market economy, inequality is a reflection of the productivity gap between highly-paid professions and lower-paid professions.","[""marginal value added of each economic actor"", ""differences in value"", ""marginal value added of each economic actor""]",11,clean,none,none,0,0,True,none,none,How is income determined in a market with variously skilled workers?,,[],,0,by the marginal value added of each economic actor,0.0,0.9333333333333332,1.0,,0.8137636789997487,,13,13,0,0.9333333333333332,0.0,-17.42176,10.349331
meta-llama/Llama-3.2-3B-Instruct,,hf,squad,5727e9523acd2414000def99,idf,How is income determined in a market with variously skilled workers?,"Neoclassical economics views inequalities in the distribution of income as arising from differences in value added by labor, capital and land. Within labor income distribution is due to differences in value added by different classifications of workers. In this perspective, wages and profits are determined by the marginal value added of each economic actor (worker, capitalist/business owner, landlord). Thus, in a market economy, inequality is a reflection of the productivity gap between highly-paid professions and lower-paid professions.","[""marginal value added of each economic actor"", ""differences in value"", ""marginal value added of each economic actor""]",11,corrupted,keyboard,any,1,1,True,hard,none,How is income determined in a market with variously skilker workers?,43196535.0,"[{""edit_num"": 1, ""old"": ""skilled"", ""new"": ""skilker"", ""location"": ""any"", ""typo_type"": ""keyboard"", ""difficulty"": ""hard"", ""word_index"": 9, ""char_indices"": [4, 6], ""operation_count"": 2}]",0.0,2,"in a market economy, income is determined by the marginal value added of each economic actor",0.0,0.6666666666666666,1.0,,1.1283430099992984,,15,13,2,0.9333333333333332,0.2666666666666666,-10.293633,9.508826
meta-llama/Llama-3.2-3B-Instruct,,hf,squad,5727e9523acd2414000def99,idf,How is income determined in a market with variously skilled workers?,"Neoclassical economics views inequalities in the distribution of income as arising from differences in value added by labor, capital and land. Within labor income distribution is due to differences in value added by different classifications of workers. In this perspective, wages and profits are determined by the marginal value added of each economic actor (worker, capitalist/business owner, landlord). Thus, in a market economy, inequality is a reflection of the productivity gap between highly-paid professions and lower-paid professions.","[""marginal value added of each economic actor"", ""differences in value"", ""marginal value added of each economic actor""]",11,corrupted,keyboard,any,2,2,True,hard,none,How is income degermoned in a market with variously skilker workers?,43196535.0,"[{""edit_num"": 1, ""old"": ""skilled"", ""new"": ""skilker"", ""location"": ""any"", ""typo_type"": ""keyboard"", ""difficulty"": ""hard"", ""word_index"": 9, ""char_indices"": [4, 6], ""operation_count"": 2}, {""edit_num"": 2, ""old"": ""determined"", ""new"": ""degermoned"", ""location"": ""any"", ""typo_type"": ""keyboard"", ""difficulty"": ""hard"", ""word_index"": 3, ""char_indices"": [2, 6], ""operation_count"": 2}]",0.0,4,Within labor income distribution is due to differences in value added by different classifications of workers,0.0,0.3157894736842105,1.0,,1.072858121000536,,18,13,5,0.9333333333333332,0.6175438596491227,-1.4714227,10.574946
meta-llama/Llama-3.2-3B-Instruct,,hf,squad,5727e9523acd2414000def99,idf,How is income determined in a market with variously skilled workers?,"Neoclassical economics views inequalities in the distribution of income as arising from differences in value added by labor, capital and land. Within labor income distribution is due to differences in value added by different classifications of workers. In this perspective, wages and profits are determined by the marginal value added of each economic actor (worker, capitalist/business owner, landlord). Thus, in a market economy, inequality is a reflection of the productivity gap between highly-paid professions and lower-paid professions.","[""marginal value added of each economic actor"", ""differences in value"", ""marginal value added of each economic actor""]",11,corrupted,keyboard,any,3,3,True,hard,none,How is income degermoned in a market with variously skilker wodksrs?,43196535.0,"[{""edit_num"": 1, ""old"": ""skilled"", ""new"": ""skilker"", ""location"": ""any"", ""typo_type"": ""keyboard"", ""difficulty"": ""hard"", ""word_index"": 9, ""char_indices"": [4, 6], ""operation_count"": 2}, {""edit_num"": 2, ""old"": ""determined"", ""new"": ""degermoned"", ""location"": ""any"", ""typo_type"": ""keyboard"", ""difficulty"": ""hard"", ""word_index"": 3, ""char_indices"": [2, 6], ""operation_count"": 2}, {""edit_num"": 3, ""old"": ""workers"", ""new"": ""wodksrs"", ""location"": ""any"", ""typo_type"": ""keyboard"", ""difficulty"": ""hard"", ""word_index"": 10, ""char_indices"": [2, 4], ""operation_count"": 2}]",0.0,6,Within labor income distribution is due to differences in value added by different classifications of workers,0.0,0.3157894736842105,1.0,,1.1990111770010117,,21,13,8,0.9333333333333332,0.6175438596491227,3.2593951,10.269112
meta-llama/Llama-3.2-3B-Instruct,,hf,squad,5727f44c2ca10214002d9a33,idf,What creatures were the most popular monsters in the series?,"Doctor Who first appeared on BBC TV at 17:16:20 GMT, eighty seconds after the scheduled programme time, 5:15 pm, on Saturday, 23 November 1963. It was to be a regular weekly programme, each episode 25 minutes of transmission length. Discussions and plans for the programme had been in progress for a year. The head of drama, Canadian Sydney Newman, was mainly responsible for developing the programme, with the first format document for the series being written by Newman along with the head of the script department (later head of serials) Donald Wilson and staff writer C. E. Webber. Writer Anthony Coburn, story editor David Whitaker and initial producer Verity Lambert also heavily contributed to the development of the series.[note 1] The programme was originally intended to appeal to a family audience, as an educational programme using time travel as a means to explore scientific ideas and famous moments in history. On 31 July 1963 Whitaker commissioned Terry Nation to write a story under the title The Mutants. As originally written, the Daleks and Thals were the victims of an alien neutron bomb attack but Nation later dropped the aliens and made the Daleks the aggressors. When the script was presented to Newman and Wilson it was immediately rejected as the programme was not permitted to contain any ""bug-eyed monsters"". The first serial had been completed and the BBC believed it was crucial that the next one be a success, but The Mutants was the only script ready to go, so the show had little choice but to use it. According to producer Verity Lambert; ""We didn't have a lot of choice — we only had the Dalek serial to go ... We had a bit of a crisis of confidence because Donald [Wilson] was so adamant that we shouldn't make it. Had we had anything else ready we would have made that."" Nation's script became the second Doctor Who serial – The Daleks (a.k.a. The Mutants). The serial introduced the eponymous aliens that would become the series' most popular monsters, and was responsible for the BBC's first merchandising boom.","[""The Daleks (a.k.a. The Mutants)"", ""Daleks"", ""eponymous aliens""]",10,clean,none,none,0,0,True,none,none,What creatures were the most popular monsters in the series?,,[],,0,Daleks,1.0,1.0,1.0,,1.5477584580003168,,11,11,0,1.0,0.0,-17.635841,-6.6399007
meta-llama/Llama-3.2-3B-Instruct,,hf,squad,5727f44c2ca10214002d9a33,idf,What creatures were the most popular monsters in the series?,"Doctor Who first appeared on BBC TV at 17:16:20 GMT, eighty seconds after the scheduled programme time, 5:15 pm, on Saturday, 23 November 1963. It was to be a regular weekly programme, each episode 25 minutes of transmission length. Discussions and plans for the programme had been in progress for a year. The head of drama, Canadian Sydney Newman, was mainly responsible for developing the programme, with the first format document for the series being written by Newman along with the head of the script department (later head of serials) Donald Wilson and staff writer C. E. Webber. Writer Anthony Coburn, story editor David Whitaker and initial producer Verity Lambert also heavily contributed to the development of the series.[note 1] The programme was originally intended to appeal to a family audience, as an educational programme using time travel as a means to explore scientific ideas and famous moments in history. On 31 July 1963 Whitaker commissioned Terry Nation to write a story under the title The Mutants. As originally written, the Daleks and Thals were the victims of an alien neutron bomb attack but Nation later dropped the aliens and made the Daleks the aggressors. When the script was presented to Newman and Wilson it was immediately rejected as the programme was not permitted to contain any ""bug-eyed monsters"". The first serial had been completed and the BBC believed it was crucial that the next one be a success, but The Mutants was the only script ready to go, so the show had little choice but to use it. According to producer Verity Lambert; ""We didn't have a lot of choice — we only had the Dalek serial to go ... We had a bit of a crisis of confidence because Donald [Wilson] was so adamant that we shouldn't make it. Had we had anything else ready we would have made that."" Nation's script became the second Doctor Who serial – The Daleks (a.k.a. The Mutants). The serial introduced the eponymous aliens that would become the series' most popular monsters, and was responsible for the BBC's first merchandising boom.","[""The Daleks (a.k.a. The Mutants)"", ""Daleks"", ""eponymous aliens""]",10,corrupted,keyboard,any,1,1,True,hard,none,What creatures qdre the most popular monsters in the series?,43036423.0,"[{""edit_num"": 1, ""old"": ""were"", ""new"": ""qdre"", ""location"": ""any"", ""typo_type"": ""keyboard"", ""difficulty"": ""hard"", ""word_index"": 2, ""char_indices"": [0, 1], ""operation_count"": 2}]",0.0,2,Daleks,1.0,1.0,1.0,,1.5894474950000586,,12,11,1,1.0,0.0,-3.9394617,-4.2157197
meta-llama/Llama-3.2-3B-Instruct,,hf,squad,5727f44c2ca10214002d9a33,idf,What creatures were the most popular monsters in the series?,"Doctor Who first appeared on BBC TV at 17:16:20 GMT, eighty seconds after the scheduled programme time, 5:15 pm, on Saturday, 23 November 1963. It was to be a regular weekly programme, each episode 25 minutes of transmission length. Discussions and plans for the programme had been in progress for a year. The head of drama, Canadian Sydney Newman, was mainly responsible for developing the programme, with the first format document for the series being written by Newman along with the head of the script department (later head of serials) Donald Wilson and staff writer C. E. Webber. Writer Anthony Coburn, story editor David Whitaker and initial producer Verity Lambert also heavily contributed to the development of the series.[note 1] The programme was originally intended to appeal to a family audience, as an educational programme using time travel as a means to explore scientific ideas and famous moments in history. On 31 July 1963 Whitaker commissioned Terry Nation to write a story under the title The Mutants. As originally written, the Daleks and Thals were the victims of an alien neutron bomb attack but Nation later dropped the aliens and made the Daleks the aggressors. When the script was presented to Newman and Wilson it was immediately rejected as the programme was not permitted to contain any ""bug-eyed monsters"". The first serial had been completed and the BBC believed it was crucial that the next one be a success, but The Mutants was the only script ready to go, so the show had little choice but to use it. According to producer Verity Lambert; ""We didn't have a lot of choice — we only had the Dalek serial to go ... We had a bit of a crisis of confidence because Donald [Wilson] was so adamant that we shouldn't make it. Had we had anything else ready we would have made that."" Nation's script became the second Doctor Who serial – The Daleks (a.k.a. The Mutants). The serial introduced the eponymous aliens that would become the series' most popular monsters, and was responsible for the BBC's first merchandising boom.","[""The Daleks (a.k.a. The Mutants)"", ""Daleks"", ""eponymous aliens""]",10,corrupted,keyboard,any,2,2,True,hard,none,What crdaturss qdre the most popular monsters in the series?,43036423.0,"[{""edit_num"": 1, ""old"": ""were"", ""new"": ""qdre"", ""location"": ""any"", ""typo_type"": ""keyboard"", ""difficulty"": ""hard"", ""word_index"": 2, ""char_indices"": [0, 1], ""operation_count"": 2}, {""edit_num"": 2, ""old"": ""creatures"", ""new"": ""crdaturss"", ""location"": ""any"", ""typo_type"": ""keyboard"", ""difficulty"": ""hard"", ""word_index"": 1, ""char_indices"": [2, 7], ""operation_count"": 2}]",0.0,4,Daleks,1.0,1.0,1.0,,1.5812218499995652,,15,11,4,1.0,0.0,12.934281,-1.0381142
meta-llama/Llama-3.2-3B-Instruct,,hf,squad,5727f44c2ca10214002d9a33,idf,What creatures were the most popular monsters in the series?,"Doctor Who first appeared on BBC TV at 17:16:20 GMT, eighty seconds after the scheduled programme time, 5:15 pm, on Saturday, 23 November 1963. It was to be a regular weekly programme, each episode 25 minutes of transmission length. Discussions and plans for the programme had been in progress for a year. The head of drama, Canadian Sydney Newman, was mainly responsible for developing the programme, with the first format document for the series being written by Newman along with the head of the script department (later head of serials) Donald Wilson and staff writer C. E. Webber. Writer Anthony Coburn, story editor David Whitaker and initial producer Verity Lambert also heavily contributed to the development of the series.[note 1] The programme was originally intended to appeal to a family audience, as an educational programme using time travel as a means to explore scientific ideas and famous moments in history. On 31 July 1963 Whitaker commissioned Terry Nation to write a story under the title The Mutants. As originally written, the Daleks and Thals were the victims of an alien neutron bomb attack but Nation later dropped the aliens and made the Daleks the aggressors. When the script was presented to Newman and Wilson it was immediately rejected as the programme was not permitted to contain any ""bug-eyed monsters"". The first serial had been completed and the BBC believed it was crucial that the next one be a success, but The Mutants was the only script ready to go, so the show had little choice but to use it. According to producer Verity Lambert; ""We didn't have a lot of choice — we only had the Dalek serial to go ... We had a bit of a crisis of confidence because Donald [Wilson] was so adamant that we shouldn't make it. Had we had anything else ready we would have made that."" Nation's script became the second Doctor Who serial – The Daleks (a.k.a. The Mutants). The serial introduced the eponymous aliens that would become the series' most popular monsters, and was responsible for the BBC's first merchandising boom.","[""The Daleks (a.k.a. The Mutants)"", ""Daleks"", ""eponymous aliens""]",10,corrupted,keyboard,any,3,3,True,hard,none,What crdaturss qdre the most popular jonstefs in the series?,43036423.0,"[{""edit_num"": 1, ""old"": ""were"", ""new"": ""qdre"", ""location"": ""any"", ""typo_type"": ""keyboard"", ""difficulty"": ""hard"", ""word_index"": 2, ""char_indices"": [0, 1], ""operation_count"": 2}, {""edit_num"": 2, ""old"": ""creatures"", ""new"": ""crdaturss"", ""location"": ""any"", ""typo_type"": ""keyboard"", ""difficulty"": ""hard"", ""word_index"": 1, ""char_indices"": [2, 7], ""operation_count"": 2}, {""edit_num"": 3, ""old"": ""monsters"", ""new"": ""jonstefs"", ""location"": ""any"", ""typo_type"": ""keyboard"", ""difficulty"": ""hard"", ""word_index"": 6, ""char_indices"": [0, 6], ""operation_count"": 2}]",0.0,6,Daleks,1.0,1.0,1.0,,1.6265370649998658,,17,11,6,1.0,0.0,18.87193,0.66271764
meta-llama/Llama-3.2-3B-Instruct,,hf,squad,5727f746ff5b5019007d9960,idf,What was the name of the first episode of the new Doctor Who series?,"Doctor Who finally returned with the episode ""Rose"" on BBC One on 26 March 2005. There have since been nine further series in 2006–2008 and 2010–2015, and Christmas Day specials every year since 2005. No full series was filmed in 2009, although four additional specials starring David Tennant were made. In 2010, Steven Moffat replaced Davies as head writer and executive producer. In January 2016, Moffat announced that he would step down after the 2017 finale, to be replaced by Chris Chibnall in 2018. In addition, Series 10 will debut in Spring 2017, with a Christmas special broadcast in 2016.","[""Rose"", ""Rose"", ""Rose""]",14,clean,none,none,0,0,True,none,none,What was the name of the first episode of the new Doctor Who series?,,[],,0,Rose,1.0,1.0,1.0,,0.616038624999419,,15,15,0,1.0,0.0,-17.78783,-13.6743965
meta-llama/Llama-3.2-3B-Instruct,,hf,squad,5727f746ff5b5019007d9960,idf,What was the name of the first episode of the new Doctor Who series?,"Doctor Who finally returned with the episode ""Rose"" on BBC One on 26 March 2005. There have since been nine further series in 2006–2008 and 2010–2015, and Christmas Day specials every year since 2005. No full series was filmed in 2009, although four additional specials starring David Tennant were made. In 2010, Steven Moffat replaced Davies as head writer and executive producer. In January 2016, Moffat announced that he would step down after the 2017 finale, to be replaced by Chris Chibnall in 2018. In addition, Series 10 will debut in Spring 2017, with a Christmas special broadcast in 2016.","[""Rose"", ""Rose"", ""Rose""]",14,corrupted,keyboard,any,1,1,True,hard,none,What was the haje of the first episode of the new Doctor Who series?,42235863.0,"[{""edit_num"": 1, ""old"": ""name"", ""new"": ""haje"", ""location"": ""any"", ""typo_type"": ""keyboard"", ""difficulty"": ""hard"", ""word_index"": 3, ""char_indices"": [0, 2], ""operation_count"": 2}]",0.0,2,"Doctor Who finally returned with the episode ""Rose"" on BBC One on 26 March 2005",0.0,0.1333333333333333,1.0,,1.4047705109987874,,16,15,1,1.0,0.8666666666666667,-9.779516,-11.98007
meta-llama/Llama-3.2-3B-Instruct,,hf,squad,5727f746ff5b5019007d9960,idf,What was the name of the first episode of the new Doctor Who series?,"Doctor Who finally returned with the episode ""Rose"" on BBC One on 26 March 2005. There have since been nine further series in 2006–2008 and 2010–2015, and Christmas Day specials every year since 2005. No full series was filmed in 2009, although four additional specials starring David Tennant were made. In 2010, Steven Moffat replaced Davies as head writer and executive producer. In January 2016, Moffat announced that he would step down after the 2017 finale, to be replaced by Chris Chibnall in 2018. In addition, Series 10 will debut in Spring 2017, with a Christmas special broadcast in 2016.","[""Rose"", ""Rose"", ""Rose""]",14,corrupted,keyboard,any,2,2,True,hard,none,What was the haje of the fiedt episode of the new Doctor Who series?,42235863.0,"[{""edit_num"": 1, ""old"": ""name"", ""new"": ""haje"", ""location"": ""any"", ""typo_type"": ""keyboard"", ""difficulty"": ""hard"", ""word_index"": 3, ""char_indices"": [0, 2], ""operation_count"": 2}, {""edit_num"": 2, ""old"": ""first"", ""new"": ""fiedt"", ""location"": ""any"", ""typo_type"": ""keyboard"", ""difficulty"": ""hard"", ""word_index"": 6, ""char_indices"": [2, 3], ""operation_count"": 2}]",0.0,4,"Doctor Who finally returned with the episode ""Rose""",0.0,0.25,1.0,,1.039069753000149,,18,15,3,1.0,0.75,0.4899161,-9.569614
meta-llama/Llama-3.2-3B-Instruct,,hf,squad,5727f746ff5b5019007d9960,idf,What was the name of the first episode of the new Doctor Who series?,"Doctor Who finally returned with the episode ""Rose"" on BBC One on 26 March 2005. There have since been nine further series in 2006–2008 and 2010–2015, and Christmas Day specials every year since 2005. No full series was filmed in 2009, although four additional specials starring David Tennant were made. In 2010, Steven Moffat replaced Davies as head writer and executive producer. In January 2016, Moffat announced that he would step down after the 2017 finale, to be replaced by Chris Chibnall in 2018. In addition, Series 10 will debut in Spring 2017, with a Christmas special broadcast in 2016.","[""Rose"", ""Rose"", ""Rose""]",14,corrupted,keyboard,any,3,3,True,hard,none,What was the haje of the fiedt episode of the new Doctor Who derirs?,42235863.0,"[{""edit_num"": 1, ""old"": ""name"", ""new"": ""haje"", ""location"": ""any"", ""typo_type"": ""keyboard"", ""difficulty"": ""hard"", ""word_index"": 3, ""char_indices"": [0, 2], ""operation_count"": 2}, {""edit_num"": 2, ""old"": ""first"", ""new"": ""fiedt"", ""location"": ""any"", ""typo_type"": ""keyboard"", ""difficulty"": ""hard"", ""word_index"": 6, ""char_indices"": [2, 3], ""operation_count"": 2}, {""edit_num"": 3, ""old"": ""series"", ""new"": ""derirs"", ""location"": ""any"", ""typo_type"": ""keyboard"", ""difficulty"": ""hard"", ""word_index"": 13, ""char_indices"": [0, 4], ""operation_count"": 2}]",0.0,6,"Doctor Who finally returned with the episode ""Rose""",0.0,0.25,1.0,,1.0237914030003594,,19,15,4,1.0,0.75,3.7498252,-8.902148
meta-llama/Llama-3.2-3B-Instruct,,hf,squad,5728455bff5b5019007da078,idf,What tool has measured the amount of dust that travels from the Sahara to the Amazon?,"NASA's CALIPSO satellite has measured the amount of dust transported by wind from the Sahara to the Amazon: an average 182 million tons of dust are windblown out of the Sahara each year, at 15 degrees west longitude, across 1,600 miles (2,600 km) over the Atlantic Ocean (some dust falls into the Atlantic), then at 35 degrees West longitude at the eastern coast of South America, 27.7 million tons (15%) of dust fall over the Amazon basin, 132 million tons of dust remain in the air, 43 million tons of dust are windblown and falls on the Caribbean Sea, past 75 degrees west longitude.","[""NASA's CALIPSO satellite"", ""NASA's CALIPSO satellite"", ""satellite""]",16,clean,none,none,0,0,True,none,none,What tool has measured the amount of dust that travels from the Sahara to the Amazon?,,[],,0,NASA's CALIPSO satellite,1.0,1.0,1.0,,0.8170112050011085,,17,17,0,1.0,0.0,-21.908155,3.149494
meta-llama/Llama-3.2-3B-Instruct,,hf,squad,5728455bff5b5019007da078,idf,What tool has measured the amount of dust that travels from the Sahara to the Amazon?,"NASA's CALIPSO satellite has measured the amount of dust transported by wind from the Sahara to the Amazon: an average 182 million tons of dust are windblown out of the Sahara each year, at 15 degrees west longitude, across 1,600 miles (2,600 km) over the Atlantic Ocean (some dust falls into the Atlantic), then at 35 degrees West longitude at the eastern coast of South America, 27.7 million tons (15%) of dust fall over the Amazon basin, 132 million tons of dust remain in the air, 43 million tons of dust are windblown and falls on the Caribbean Sea, past 75 degrees west longitude.","[""NASA's CALIPSO satellite"", ""NASA's CALIPSO satellite"", ""satellite""]",16,corrupted,keyboard,any,1,1,True,hard,none,What tool has measured the amount of dust thsg travels from the Sahara to the Amazon?,42626136.0,"[{""edit_num"": 1, ""old"": ""that"", ""new"": ""thsg"", ""location"": ""any"", ""typo_type"": ""keyboard"", ""difficulty"": ""hard"", ""word_index"": 8, ""char_indices"": [2, 3], ""operation_count"": 2}]",0.0,2,NASA's CALIPSO satellite,1.0,1.0,1.0,,0.8638410539988399,,18,17,1,1.0,0.0,-12.588741,4.0737715
meta-llama/Llama-3.2-3B-Instruct,,hf,squad,5728455bff5b5019007da078,idf,What tool has measured the amount of dust that travels from the Sahara to the Amazon?,"NASA's CALIPSO satellite has measured the amount of dust transported by wind from the Sahara to the Amazon: an average 182 million tons of dust are windblown out of the Sahara each year, at 15 degrees west longitude, across 1,600 miles (2,600 km) over the Atlantic Ocean (some dust falls into the Atlantic), then at 35 degrees West longitude at the eastern coast of South America, 27.7 million tons (15%) of dust fall over the Amazon basin, 132 million tons of dust remain in the air, 43 million tons of dust are windblown and falls on the Caribbean Sea, past 75 degrees west longitude.","[""NASA's CALIPSO satellite"", ""NASA's CALIPSO satellite"", ""satellite""]",16,corrupted,keyboard,any,2,2,True,hard,none,Ahar tool has measured the amount of dust thsg travels from the Sahara to the Amazon?,42626136.0,"[{""edit_num"": 1, ""old"": ""that"", ""new"": ""thsg"", ""location"": ""any"", ""typo_type"": ""keyboard"", ""difficulty"": ""hard"", ""word_index"": 8, ""char_indices"": [2, 3], ""operation_count"": 2}, {""edit_num"": 2, ""old"": ""What"", ""new"": ""Ahar"", ""location"": ""any"", ""typo_type"": ""keyboard"", ""difficulty"": ""hard"", ""word_index"": 0, ""char_indices"": [0, 3], ""operation_count"": 2}]",0.0,4,NASA's CALIPSO satellite,1.0,1.0,1.0,,0.870141290999527,,19,17,2,1.0,0.0,-4.0153904,6.0677285
meta-llama/Llama-3.2-3B-Instruct,,hf,squad,5728455bff5b5019007da078,idf,What tool has measured the amount of dust that travels from the Sahara to the Amazon?,"NASA's CALIPSO satellite has measured the amount of dust transported by wind from the Sahara to the Amazon: an average 182 million tons of dust are windblown out of the Sahara each year, at 15 degrees west longitude, across 1,600 miles (2,600 km) over the Atlantic Ocean (some dust falls into the Atlantic), then at 35 degrees West longitude at the eastern coast of South America, 27.7 million tons (15%) of dust fall over the Amazon basin, 132 million tons of dust remain in the air, 43 million tons of dust are windblown and falls on the Caribbean Sea, past 75 degrees west longitude.","[""NASA's CALIPSO satellite"", ""NASA's CALIPSO satellite"", ""satellite""]",16,corrupted,keyboard,any,3,3,True,hard,none,Ahar tool has measured the amount of dust thsg tracwls from the Sahara to the Amazon?,42626136.0,"[{""edit_num"": 1, ""old"": ""that"", ""new"": ""thsg"", ""location"": ""any"", ""typo_type"": ""keyboard"", ""difficulty"": ""hard"", ""word_index"": 8, ""char_indices"": [2, 3], ""operation_count"": 2}, {""edit_num"": 2, ""old"": ""What"", ""new"": ""Ahar"", ""location"": ""any"", ""typo_type"": ""keyboard"", ""difficulty"": ""hard"", ""word_index"": 0, ""char_indices"": [0, 3], ""operation_count"": 2}, {""edit_num"": 3, ""old"": ""travels"", ""new"": ""tracwls"", ""location"": ""any"", ""typo_type"": ""keyboard"", ""difficulty"": ""hard"", ""word_index"": 9, ""char_indices"": [3, 4], ""operation_count"": 2}]",0.0,6,NASA's CALIPSO satellite,1.0,1.0,1.0,,0.922269298000174,,22,17,5,1.0,0.0,4.628987,6.020996
meta-llama/Llama-3.2-3B-Instruct,,hf,squad,5728d5793acd2414000dffb7,idf,How was the civil disobedience shown in Antigone?,"One of the oldest depictions of civil disobedience is in Sophocles' play Antigone, in which Antigone, one of the daughters of former King of Thebes, Oedipus, defies Creon, the current King of Thebes, who is trying to stop her from giving her brother Polynices a proper burial. She gives a stirring speech in which she tells him that she must obey her conscience rather than human law. She is not at all afraid of the death he threatens her with (and eventually carries out), but she is afraid of how her conscience will smite her if she does not do this.","[""obey her conscience rather than human law"", ""She gives a stirring speech"", ""She gives a stirring speech in which she tells him that she must obey her conscience rather than human law"", ""a stirring speech"", ""She gives a stirring speech in which she tells him that she must obey her conscience rather than human law""]",8,clean,none,none,0,0,True,none,none,How was the civil disobedience shown in Antigone?,,[],,0,She gives a stirring speech in which she tells him that she must obey her conscience rather than human law,1.0,1.0,1.0,,1.4783770340000046,,12,12,0,1.0,0.0,-7.64278,0.34807715
meta-llama/Llama-3.2-3B-Instruct,,hf,squad,5728d5793acd2414000dffb7,idf,How was the civil disobedience shown in Antigone?,"One of the oldest depictions of civil disobedience is in Sophocles' play Antigone, in which Antigone, one of the daughters of former King of Thebes, Oedipus, defies Creon, the current King of Thebes, who is trying to stop her from giving her brother Polynices a proper burial. She gives a stirring speech in which she tells him that she must obey her conscience rather than human law. She is not at all afraid of the death he threatens her with (and eventually carries out), but she is afraid of how her conscience will smite her if she does not do this.","[""obey her conscience rather than human law"", ""She gives a stirring speech"", ""She gives a stirring speech in which she tells him that she must obey her conscience rather than human law"", ""a stirring speech"", ""She gives a stirring speech in which she tells him that she must obey her conscience rather than human law""]",8,corrupted,keyboard,any,1,1,True,hard,none,How was the civil disobedience ahowm in Antigone?,42185828.0,"[{""edit_num"": 1, ""old"": ""shown"", ""new"": ""ahowm"", ""location"": ""any"", ""typo_type"": ""keyboard"", ""difficulty"": ""hard"", ""word_index"": 5, ""char_indices"": [0, 4], ""operation_count"": 2}]",0.0,2,One of the oldest depictions of civil disobedience is in Sophocles' play Antigone,0.0,0.064516129032258,0.0,,1.3734102550006355,,14,12,2,1.0,0.935483870967742,-1.4073519,2.5756454
meta-llama/Llama-3.2-3B-Instruct,,hf,squad,5728d5793acd2414000dffb7,idf,How was the civil disobedience shown in Antigone?,"One of the oldest depictions of civil disobedience is in Sophocles' play Antigone, in which Antigone, one of the daughters of former King of Thebes, Oedipus, defies Creon, the current King of Thebes, who is trying to stop her from giving her brother Polynices a proper burial. She gives a stirring speech in which she tells him that she must obey her conscience rather than human law. She is not at all afraid of the death he threatens her with (and eventually carries out), but she is afraid of how her conscience will smite her if she does not do this.","[""obey her conscience rather than human law"", ""She gives a stirring speech"", ""She gives a stirring speech in which she tells him that she must obey her conscience rather than human law"", ""a stirring speech"", ""She gives a stirring speech in which she tells him that she must obey her conscience rather than human law""]",8,corrupted,keyboard,any,2,2,True,hard,none,How was the civil disobediejcw ahowm in Antigone?,42185828.0,"[{""edit_num"": 1, ""old"": ""shown"", ""new"": ""ahowm"", ""location"": ""any"", ""typo_type"": ""keyboard"", ""difficulty"": ""hard"", ""word_index"": 5, ""char_indices"": [0, 4], ""operation_count"": 2}, {""edit_num"": 2, ""old"": ""disobedience"", ""new"": ""disobediejcw"", ""location"": ""any"", ""typo_type"": ""keyboard"", ""difficulty"": ""hard"", ""word_index"": 4, ""char_indices"": [9, 11], ""operation_count"": 2}]",0.0,4,One of the oldest depictions of civil disobedience is in Sophocles' play Antigone,0.0,0.064516129032258,0.0,,1.3635239069990348,,15,12,3,1.0,0.935483870967742,8.838738,3.4882832
meta-llama/Llama-3.2-3B-Instruct,,hf,squad,5728d5793acd2414000dffb7,idf,How was the civil disobedience shown in Antigone?,"One of the oldest depictions of civil disobedience is in Sophocles' play Antigone, in which Antigone, one of the daughters of former King of Thebes, Oedipus, defies Creon, the current King of Thebes, who is trying to stop her from giving her brother Polynices a proper burial. She gives a stirring speech in which she tells him that she must obey her conscience rather than human law. She is not at all afraid of the death he threatens her with (and eventually carries out), but she is afraid of how her conscience will smite her if she does not do this.","[""obey her conscience rather than human law"", ""She gives a stirring speech"", ""She gives a stirring speech in which she tells him that she must obey her conscience rather than human law"", ""a stirring speech"", ""She gives a stirring speech in which she tells him that she must obey her conscience rather than human law""]",8,corrupted,keyboard,any,3,3,True,hard,none,How was the civil disobediejcw ahowm in Sntiyone?,42185828.0,"[{""edit_num"": 1, ""old"": ""shown"", ""new"": ""ahowm"", ""location"": ""any"", ""typo_type"": ""keyboard"", ""difficulty"": ""hard"", ""word_index"": 5, ""char_indices"": [0, 4], ""operation_count"": 2}, {""edit_num"": 2, ""old"": ""disobedience"", ""new"": ""disobediejcw"", ""location"": ""any"", ""typo_type"": ""keyboard"", ""difficulty"": ""hard"", ""word_index"": 4, ""char_indices"": [9, 11], ""operation_count"": 2}, {""edit_num"": 3, ""old"": ""Antigone"", ""new"": ""Sntiyone"", ""location"": ""any"", ""typo_type"": ""keyboard"", ""difficulty"": ""hard"", ""word_index"": 7, ""char_indices"": [0, 4], ""operation_count"": 2}]",0.0,6,One of the oldest depictions of civil disobedience is in Sophocles' play Antigone,0.0,0.064516129032258,0.0,,1.4580208109982775,,16,12,4,1.0,0.935483870967742,13.843005,3.6342745
meta-llama/Llama-3.2-3B-Instruct,,hf,squad,5728f2e26aef051400154898,idf,What field involves the study of the immune system?,"Disorders of the immune system can result in autoimmune diseases, inflammatory diseases and cancer. Immunodeficiency occurs when the immune system is less active than normal, resulting in recurring and life-threatening infections. In humans, immunodeficiency can either be the result of a genetic disease such as severe combined immunodeficiency, acquired conditions such as HIV/AIDS, or the use of immunosuppressive medication. In contrast, autoimmunity results from a hyperactive immune system attacking normal tissues as if they were foreign organisms. Common autoimmune diseases include Hashimoto's thyroiditis, rheumatoid arthritis, diabetes mellitus type 1, and systemic lupus erythematosus. Immunology covers the study of all aspects of the immune system.","[""Immunology"", ""Immunology"", ""Immunology""]",9,clean,none,none,0,0,True,none,none,What field involves the study of the immune system?,,[],,0,Immunology,1.0,1.0,1.0,,0.6830198090010526,,10,10,0,1.0,0.0,-20.472855,12.64169
meta-llama/Llama-3.2-3B-Instruct,,hf,squad,5728f2e26aef051400154898,idf,What field involves the study of the immune system?,"Disorders of the immune system can result in autoimmune diseases, inflammatory diseases and cancer. Immunodeficiency occurs when the immune system is less active than normal, resulting in recurring and life-threatening infections. In humans, immunodeficiency can either be the result of a genetic disease such as severe combined immunodeficiency, acquired conditions such as HIV/AIDS, or the use of immunosuppressive medication. In contrast, autoimmunity results from a hyperactive immune system attacking normal tissues as if they were foreign organisms. Common autoimmune diseases include Hashimoto's thyroiditis, rheumatoid arthritis, diabetes mellitus type 1, and systemic lupus erythematosus. Immunology covers the study of all aspects of the immune system.","[""Immunology"", ""Immunology"", ""Immunology""]",9,corrupted,keyboard,any,1,1,True,hard,none,What field invopvws the study of the immune system?,42395975.0,"[{""edit_num"": 1, ""old"": ""involves"", ""new"": ""invopvws"", ""location"": ""any"", ""typo_type"": ""keyboard"", ""difficulty"": ""hard"", ""word_index"": 2, ""char_indices"": [4, 6], ""operation_count"": 2}]",0.0,2,Immunology,1.0,1.0,1.0,,0.7625407119994634,,13,10,3,1.0,0.0,-3.2002122,12.189714
meta-llama/Llama-3.2-3B-Instruct,,hf,squad,5728f2e26aef051400154898,idf,What field involves the study of the immune system?,"Disorders of the immune system can result in autoimmune diseases, inflammatory diseases and cancer. Immunodeficiency occurs when the immune system is less active than normal, resulting in recurring and life-threatening infections. In humans, immunodeficiency can either be the result of a genetic disease such as severe combined immunodeficiency, acquired conditions such as HIV/AIDS, or the use of immunosuppressive medication. In contrast, autoimmunity results from a hyperactive immune system attacking normal tissues as if they were foreign organisms. Common autoimmune diseases include Hashimoto's thyroiditis, rheumatoid arthritis, diabetes mellitus type 1, and systemic lupus erythematosus. Immunology covers the study of all aspects of the immune system.","[""Immunology"", ""Immunology"", ""Immunology""]",9,corrupted,keyboard,any,2,2,True,hard,none,Qhwt field invopvws the study of the immune system?,42395975.0,"[{""edit_num"": 1, ""old"": ""involves"", ""new"": ""invopvws"", ""location"": ""any"", ""typo_type"": ""keyboard"", ""difficulty"": ""hard"", ""word_index"": 2, ""char_indices"": [4, 6], ""operation_count"": 2}, {""edit_num"": 2, ""old"": ""What"", ""new"": ""Qhwt"", ""location"": ""any"", ""typo_type"": ""keyboard"", ""difficulty"": ""hard"", ""word_index"": 0, ""char_indices"": [0, 2], ""operation_count"": 2}]",0.0,4,Immunology,1.0,1.0,1.0,,0.7781784609996976,,15,10,5,1.0,0.0,18.101616,12.878801
meta-llama/Llama-3.2-3B-Instruct,,hf,squad,5728f2e26aef051400154898,idf,What field involves the study of the immune system?,"Disorders of the immune system can result in autoimmune diseases, inflammatory diseases and cancer. Immunodeficiency occurs when the immune system is less active than normal, resulting in recurring and life-threatening infections. In humans, immunodeficiency can either be the result of a genetic disease such as severe combined immunodeficiency, acquired conditions such as HIV/AIDS, or the use of immunosuppressive medication. In contrast, autoimmunity results from a hyperactive immune system attacking normal tissues as if they were foreign organisms. Common autoimmune diseases include Hashimoto's thyroiditis, rheumatoid arthritis, diabetes mellitus type 1, and systemic lupus erythematosus. Immunology covers the study of all aspects of the immune system.","[""Immunology"", ""Immunology"", ""Immunology""]",9,corrupted,keyboard,any,3,3,True,hard,none,Qhwt field invopvws the study of the immune ststek?,42395975.0,"[{""edit_num"": 1, ""old"": ""involves"", ""new"": ""invopvws"", ""location"": ""any"", ""typo_type"": ""keyboard"", ""difficulty"": ""hard"", ""word_index"": 2, ""char_indices"": [4, 6], ""operation_count"": 2}, {""edit_num"": 2, ""old"": ""What"", ""new"": ""Qhwt"", ""location"": ""any"", ""typo_type"": ""keyboard"", ""difficulty"": ""hard"", ""word_index"": 0, ""char_indices"": [0, 2], ""operation_count"": 2}, {""edit_num"": 3, ""old"": ""system"", ""new"": ""ststek"", ""location"": ""any"", ""typo_type"": ""keyboard"", ""difficulty"": ""hard"", ""word_index"": 8, ""char_indices"": [1, 5], ""operation_count"": 2}]",0.0,6,Immunology,1.0,1.0,1.0,,0.7704583919985453,,17,10,7,1.0,0.0,22.762953,12.031232
meta-llama/Llama-3.2-3B-Instruct,,hf,squad,57291fb4af94a219006aa0b5,idf,What has caused China to suspend their railway project?,"Published comments on Kenya's Capital FM website by Liu Guangyuan, China's ambassador to Kenya, at the time of President Kenyatta's 2013 trip to Beijing, said, ""Chinese investment in Kenya ... reached $474 million, representing Kenya's largest source of foreign direct investment, and ... bilateral trade ... reached $2.84 billion"" in 2012. Kenyatta was ""[a]ccompanied by 60 Kenyan business people [and hoped to] ... gain support from China for a planned $2.5 billion railway from the southern Kenyan port of Mombasa to neighboring Uganda, as well as a nearly $1.8 billion dam"", according to a statement from the president's office also at the time of the trip. Base Titanium, a subsidiary of Base resources of Australia, shipped its first major consignment of minerals to China. About 25,000 tonnes of ilmenite was flagged off the Kenyan coastal town of Kilifi. The first shipment was expected to earn Kenya about Shs15 – Shs20 Billion in earnings. China has been causing environmental and social problems that include the recent suspension of the railway project.","[""environmental and social problems"", ""environmental and social problems"", ""environmental and social problems""]",9,clean,none,none,0,0,True,none,none,What has caused China to suspend their railway project?,,[],,0,China has been causing environmental and social problems,0.0,0.6666666666666666,1.0,,1.2487370390008437,,10,10,0,0.6666666666666666,0.0,-18.427095,2.6666238
meta-llama/Llama-3.2-3B-Instruct,,hf,squad,57291fb4af94a219006aa0b5,idf,What has caused China to suspend their railway project?,"Published comments on Kenya's Capital FM website by Liu Guangyuan, China's ambassador to Kenya, at the time of President Kenyatta's 2013 trip to Beijing, said, ""Chinese investment in Kenya ... reached $474 million, representing Kenya's largest source of foreign direct investment, and ... bilateral trade ... reached $2.84 billion"" in 2012. Kenyatta was ""[a]ccompanied by 60 Kenyan business people [and hoped to] ... gain support from China for a planned $2.5 billion railway from the southern Kenyan port of Mombasa to neighboring Uganda, as well as a nearly $1.8 billion dam"", according to a statement from the president's office also at the time of the trip. Base Titanium, a subsidiary of Base resources of Australia, shipped its first major consignment of minerals to China. About 25,000 tonnes of ilmenite was flagged off the Kenyan coastal town of Kilifi. The first shipment was expected to earn Kenya about Shs15 – Shs20 Billion in earnings. China has been causing environmental and social problems that include the recent suspension of the railway project.","[""environmental and social problems"", ""environmental and social problems"", ""environmental and social problems""]",9,corrupted,keyboard,any,1,1,True,hard,none,What has caused Dhinw to suspend their railway project?,43206542.0,"[{""edit_num"": 1, ""old"": ""China"", ""new"": ""Dhinw"", ""location"": ""any"", ""typo_type"": ""keyboard"", ""difficulty"": ""hard"", ""word_index"": 3, ""char_indices"": [0, 4], ""operation_count"": 2}]",0.0,2,China,0.0,0.0,0.0,,1.009778213001482,,12,10,2,0.6666666666666666,0.6666666666666666,-6.564103,1.8891822
meta-llama/Llama-3.2-3B-Instruct,,hf,squad,57291fb4af94a219006aa0b5,idf,What has caused China to suspend their railway project?,"Published comments on Kenya's Capital FM website by Liu Guangyuan, China's ambassador to Kenya, at the time of President Kenyatta's 2013 trip to Beijing, said, ""Chinese investment in Kenya ... reached $474 million, representing Kenya's largest source of foreign direct investment, and ... bilateral trade ... reached $2.84 billion"" in 2012. Kenyatta was ""[a]ccompanied by 60 Kenyan business people [and hoped to] ... gain support from China for a planned $2.5 billion railway from the southern Kenyan port of Mombasa to neighboring Uganda, as well as a nearly $1.8 billion dam"", according to a statement from the president's office also at the time of the trip. Base Titanium, a subsidiary of Base resources of Australia, shipped its first major consignment of minerals to China. About 25,000 tonnes of ilmenite was flagged off the Kenyan coastal town of Kilifi. The first shipment was expected to earn Kenya about Shs15 – Shs20 Billion in earnings. China has been causing environmental and social problems that include the recent suspension of the railway project.","[""environmental and social problems"", ""environmental and social problems"", ""environmental and social problems""]",9,corrupted,keyboard,any,2,2,True,hard,none,Ehzt has caused Dhinw to suspend their railway project?,43206542.0,"[{""edit_num"": 1, ""old"": ""China"", ""new"": ""Dhinw"", ""location"": ""any"", ""typo_type"": ""keyboard"", ""difficulty"": ""hard"", ""word_index"": 3, ""char_indices"": [0, 4], ""operation_count"": 2}, {""edit_num"": 2, ""old"": ""What"", ""new"": ""Ehzt"", ""location"": ""any"", ""typo_type"": ""keyboard"", ""difficulty"": ""hard"", ""word_index"": 0, ""char_indices"": [0, 2], ""operation_count"": 2}]",0.0,4,China,0.0,0.0,0.0,,1.0044972129999223,,14,10,4,0.6666666666666666,0.6666666666666666,5.3676147,2.6685443
meta-llama/Llama-3.2-3B-Instruct,,hf,squad,57291fb4af94a219006aa0b5,idf,What has caused China to suspend their railway project?,"Published comments on Kenya's Capital FM website by Liu Guangyuan, China's ambassador to Kenya, at the time of President Kenyatta's 2013 trip to Beijing, said, ""Chinese investment in Kenya ... reached $474 million, representing Kenya's largest source of foreign direct investment, and ... bilateral trade ... reached $2.84 billion"" in 2012. Kenyatta was ""[a]ccompanied by 60 Kenyan business people [and hoped to] ... gain support from China for a planned $2.5 billion railway from the southern Kenyan port of Mombasa to neighboring Uganda, as well as a nearly $1.8 billion dam"", according to a statement from the president's office also at the time of the trip. Base Titanium, a subsidiary of Base resources of Australia, shipped its first major consignment of minerals to China. About 25,000 tonnes of ilmenite was flagged off the Kenyan coastal town of Kilifi. The first shipment was expected to earn Kenya about Shs15 – Shs20 Billion in earnings. China has been causing environmental and social problems that include the recent suspension of the railway project.","[""environmental and social problems"", ""environmental and social problems"", ""environmental and social problems""]",9,corrupted,keyboard,any,3,3,True,hard,none,Ehzt has caused Dhinw to suspend their railway projeff?,43206542.0,"[{""edit_num"": 1, ""old"": ""China"", ""new"": ""Dhinw"", ""location"": ""any"", ""typo_type"": ""keyboard"", ""difficulty"": ""hard"", ""word_index"": 3, ""char_indices"": [0, 4], ""operation_count"": 2}, {""edit_num"": 2, ""old"": ""What"", ""new"": ""Ehzt"", ""location"": ""any"", ""typo_type"": ""keyboard"", ""difficulty"": ""hard"", ""word_index"": 0, ""char_indices"": [0, 2], ""operation_count"": 2}, {""edit_num"": 3, ""old"": ""project"", ""new"": ""projeff"", ""location"": ""any"", ""typo_type"": ""keyboard"", ""difficulty"": ""hard"", ""word_index"": 8, ""char_indices"": [5, 6], ""operation_count"": 2}]",0.0,6,China,0.0,0.0,0.0,,1.012761081001372,,15,10,5,0.6666666666666666,0.6666666666666666,8.717191,2.511635
meta-llama/Llama-3.2-3B-Instruct,,hf,squad,572925491d046914007790c5,idf,What are the biggest burdens?,"Diseases of poverty directly correlate with a country's economic performance and wealth distribution: Half of Kenyans live below the poverty level. Preventable diseases like malaria, HIV/AIDS, pneumonia, diarrhoea and malnutrition are the biggest burden, major child-killers, and responsible for much morbidity; weak policies, corruption, inadequate health workers, weak management and poor leadership in the public health sector are largely to blame. According to 2009 estimates, HIV prevalence is about 6.3% of the adult population. However, the 2011 UNAIDS Report suggests that the HIV epidemic may be improving in Kenya, as HIV prevalence is declining among young people (ages 15–24) and pregnant women. Kenya had an estimated 15 million cases of malaria in 2006.","[""diseases like malaria, HIV/AIDS, pneumonia, diarrhoea and malnutrition"", ""Preventable diseases like malaria, HIV/AIDS, pneumonia, diarrhoea and malnutrition"", ""Preventable diseases""]",5,clean,none,none,0,0,True,none,none,What are the biggest burdens?,,[],,0,"Preventable diseases like malaria, HIV/AIDS, pneumonia, diarrhoea and malnutrition",1.0,1.0,1.0,,1.3174095760005002,,6,6,0,1.0,0.0,-17.277933,9.359544
meta-llama/Llama-3.2-3B-Instruct,,hf,squad,572925491d046914007790c5,idf,What are the biggest burdens?,"Diseases of poverty directly correlate with a country's economic performance and wealth distribution: Half of Kenyans live below the poverty level. Preventable diseases like malaria, HIV/AIDS, pneumonia, diarrhoea and malnutrition are the biggest burden, major child-killers, and responsible for much morbidity; weak policies, corruption, inadequate health workers, weak management and poor leadership in the public health sector are largely to blame. According to 2009 estimates, HIV prevalence is about 6.3% of the adult population. However, the 2011 UNAIDS Report suggests that the HIV epidemic may be improving in Kenya, as HIV prevalence is declining among young people (ages 15–24) and pregnant women. Kenya had an estimated 15 million cases of malaria in 2006.","[""diseases like malaria, HIV/AIDS, pneumonia, diarrhoea and malnutrition"", ""Preventable diseases like malaria, HIV/AIDS, pneumonia, diarrhoea and malnutrition"", ""Preventable diseases""]",5,corrupted,keyboard,any,1,1,True,hard,none,Wjst are the biggest burdens?,43786948.0,"[{""edit_num"": 1, ""old"": ""What"", ""new"": ""Wjst"", ""location"": ""any"", ""typo_type"": ""keyboard"", ""difficulty"": ""hard"", ""word_index"": 0, ""char_indices"": [1, 2], ""operation_count"": 2}]",0.0,2,"Preventable diseases like malaria, HIV/AIDS, pneumonia, diarrhoea and malnutrition",1.0,1.0,1.0,,1.3278488850010035,,8,6,2,1.0,0.0,7.707025,9.464951
meta-llama/Llama-3.2-3B-Instruct,,hf,squad,572925491d046914007790c5,idf,What are the biggest burdens?,"Diseases of poverty directly correlate with a country's economic performance and wealth distribution: Half of Kenyans live below the poverty level. Preventable diseases like malaria, HIV/AIDS, pneumonia, diarrhoea and malnutrition are the biggest burden, major child-killers, and responsible for much morbidity; weak policies, corruption, inadequate health workers, weak management and poor leadership in the public health sector are largely to blame. According to 2009 estimates, HIV prevalence is about 6.3% of the adult population. However, the 2011 UNAIDS Report suggests that the HIV epidemic may be improving in Kenya, as HIV prevalence is declining among young people (ages 15–24) and pregnant women. Kenya had an estimated 15 million cases of malaria in 2006.","[""diseases like malaria, HIV/AIDS, pneumonia, diarrhoea and malnutrition"", ""Preventable diseases like malaria, HIV/AIDS, pneumonia, diarrhoea and malnutrition"", ""Preventable diseases""]",5,corrupted,keyboard,any,2,2,True,hard,none,Wjst are the biggest vurrens?,43786948.0,"[{""edit_num"": 1, ""old"": ""What"", ""new"": ""Wjst"", ""location"": ""any"", ""typo_type"": ""keyboard"", ""difficulty"": ""hard"", ""word_index"": 0, ""char_indices"": [1, 2], ""operation_count"": 2}, {""edit_num"": 2, ""old"": ""burdens"", ""new"": ""vurrens"", ""location"": ""any"", ""typo_type"": ""keyboard"", ""difficulty"": ""hard"", ""word_index"": 4, ""char_indices"": [0, 3], ""operation_count"": 2}]",0.0,4,Preventable diseases like malaria HIV/AIDS pneumonia diarrhoea and malnutrition,1.0,1.0,1.0,,1.2008520090003003,,10,6,4,1.0,0.0,16.065819,9.797495
meta-llama/Llama-3.2-3B-Instruct,,hf,squad,572925491d046914007790c5,idf,What are the biggest burdens?,"Diseases of poverty directly correlate with a country's economic performance and wealth distribution: Half of Kenyans live below the poverty level. Preventable diseases like malaria, HIV/AIDS, pneumonia, diarrhoea and malnutrition are the biggest burden, major child-killers, and responsible for much morbidity; weak policies, corruption, inadequate health workers, weak management and poor leadership in the public health sector are largely to blame. According to 2009 estimates, HIV prevalence is about 6.3% of the adult population. However, the 2011 UNAIDS Report suggests that the HIV epidemic may be improving in Kenya, as HIV prevalence is declining among young people (ages 15–24) and pregnant women. Kenya had an estimated 15 million cases of malaria in 2006.","[""diseases like malaria, HIV/AIDS, pneumonia, diarrhoea and malnutrition"", ""Preventable diseases like malaria, HIV/AIDS, pneumonia, diarrhoea and malnutrition"", ""Preventable diseases""]",5,corrupted,keyboard,any,3,3,True,hard,none,Wjst are the biyvest vurrens?,43786948.0,"[{""edit_num"": 1, ""old"": ""What"", ""new"": ""Wjst"", ""location"": ""any"", ""typo_type"": ""keyboard"", ""difficulty"": ""hard"", ""word_index"": 0, ""char_indices"": [1, 2], ""operation_count"": 2}, {""edit_num"": 2, ""old"": ""burdens"", ""new"": ""vurrens"", ""location"": ""any"", ""typo_type"": ""keyboard"", ""difficulty"": ""hard"", ""word_index"": 4, ""char_indices"": [0, 3], ""operation_count"": 2}, {""edit_num"": 3, ""old"": ""biggest"", ""new"": ""biyvest"", ""location"": ""any"", ""typo_type"": ""keyboard"", ""difficulty"": ""hard"", ""word_index"": 3, ""char_indices"": [2, 3], ""operation_count"": 2}]",0.0,6,I can't fulfill this request.,0.0,0.0,0.0,,0.914782303998436,,12,6,6,1.0,1.0,21.239782,10.628836
meta-llama/Llama-3.2-3B-Instruct,,hf,squad,572978e66aef051400154f78,idf,What kind of light is important for chloroplasts to divide?,"Light has been shown to be a requirement for chloroplast division. Chloroplasts can grow and progress through some of the constriction stages under poor quality green light, but are slow to complete division—they require exposure to bright white light to complete division. Spinach leaves grown under green light have been observed to contain many large dumbbell-shaped chloroplasts. Exposure to white light can stimulate these chloroplasts to divide and reduce the population of dumbbell-shaped chloroplasts.","[""bright white light"", ""white light"", ""bright white light""]",10,clean,none,none,0,0,True,none,none,What kind of light is important for chloroplasts to divide?,,[],,0,Bright white light,1.0,1.0,1.0,,0.6027770220007369,,13,13,0,1.0,0.0,-14.844448,10.983147
meta-llama/Llama-3.2-3B-Instruct,,hf,squad,572978e66aef051400154f78,idf,What kind of light is important for chloroplasts to divide?,"Light has been shown to be a requirement for chloroplast division. Chloroplasts can grow and progress through some of the constriction stages under poor quality green light, but are slow to complete division—they require exposure to bright white light to complete division. Spinach leaves grown under green light have been observed to contain many large dumbbell-shaped chloroplasts. Exposure to white light can stimulate these chloroplasts to divide and reduce the population of dumbbell-shaped chloroplasts.","[""bright white light"", ""white light"", ""bright white light""]",10,corrupted,keyboard,any,1,1,True,hard,none,What kind of light is important for chloroplasts to dicude?,43226556.0,"[{""edit_num"": 1, ""old"": ""divide"", ""new"": ""dicude"", ""location"": ""any"", ""typo_type"": ""keyboard"", ""difficulty"": ""hard"", ""word_index"": 9, ""char_indices"": [2, 3], ""operation_count"": 2}]",0.0,2,Bright white light,1.0,1.0,1.0,,0.607403111000167,,14,13,1,1.0,0.0,-10.701668,10.724573
meta-llama/Llama-3.2-3B-Instruct,,hf,squad,572978e66aef051400154f78,idf,What kind of light is important for chloroplasts to divide?,"Light has been shown to be a requirement for chloroplast division. Chloroplasts can grow and progress through some of the constriction stages under poor quality green light, but are slow to complete division—they require exposure to bright white light to complete division. Spinach leaves grown under green light have been observed to contain many large dumbbell-shaped chloroplasts. Exposure to white light can stimulate these chloroplasts to divide and reduce the population of dumbbell-shaped chloroplasts.","[""bright white light"", ""white light"", ""bright white light""]",10,corrupted,keyboard,any,2,2,True,hard,none,What mjnd of light is important for chloroplasts to dicude?,43226556.0,"[{""edit_num"": 1, ""old"": ""divide"", ""new"": ""dicude"", ""location"": ""any"", ""typo_type"": ""keyboard"", ""difficulty"": ""hard"", ""word_index"": 9, ""char_indices"": [2, 3], ""operation_count"": 2}, {""edit_num"": 2, ""old"": ""kind"", ""new"": ""mjnd"", ""location"": ""any"", ""typo_type"": ""keyboard"", ""difficulty"": ""hard"", ""word_index"": 1, ""char_indices"": [0, 1], ""operation_count"": 2}]",0.0,4,Bright white light,1.0,1.0,1.0,,0.6240525840003102,,15,13,2,1.0,0.0,5.501697,12.999537
meta-llama/Llama-3.2-3B-Instruct,,hf,squad,572978e66aef051400154f78,idf,What kind of light is important for chloroplasts to divide?,"Light has been shown to be a requirement for chloroplast division. Chloroplasts can grow and progress through some of the constriction stages under poor quality green light, but are slow to complete division—they require exposure to bright white light to complete division. Spinach leaves grown under green light have been observed to contain many large dumbbell-shaped chloroplasts. Exposure to white light can stimulate these chloroplasts to divide and reduce the population of dumbbell-shaped chloroplasts.","[""bright white light"", ""white light"", ""bright white light""]",10,corrupted,keyboard,any,3,3,True,hard,none,What mjnd of light is important for chllroplasgs to dicude?,43226556.0,"[{""edit_num"": 1, ""old"": ""divide"", ""new"": ""dicude"", ""location"": ""any"", ""typo_type"": ""keyboard"", ""difficulty"": ""hard"", ""word_index"": 9, ""char_indices"": [2, 3], ""operation_count"": 2}, {""edit_num"": 2, ""old"": ""kind"", ""new"": ""mjnd"", ""location"": ""any"", ""typo_type"": ""keyboard"", ""difficulty"": ""hard"", ""word_index"": 1, ""char_indices"": [0, 1], ""operation_count"": 2}, {""edit_num"": 3, ""old"": ""chloroplasts"", ""new"": ""chllroplasgs"", ""location"": ""any"", ""typo_type"": ""keyboard"", ""difficulty"": ""hard"", ""word_index"": 7, ""char_indices"": [3, 10], ""operation_count"": 2}]",0.0,6,Bright white light,1.0,1.0,1.0,,0.6253815290001512,,18,13,5,1.0,0.0,16.189453,11.638573
meta-llama/Llama-3.2-3B-Instruct,,hf,squad,57298ef11d0469140077952f,idf,What does the Riemann hypothesis state the source of irregularity in the distribution of points comes from?,"The unproven Riemann hypothesis, dating from 1859, states that except for s = −2, −4, ..., all zeroes of the ζ-function have real part equal to 1/2. The connection to prime numbers is that it essentially says that the primes are as regularly distributed as possible.[clarification needed] From a physical viewpoint, it roughly states that the irregularity in the distribution of primes only comes from random noise. From a mathematical viewpoint, it roughly states that the asymptotic distribution of primes (about x/log x of numbers less than x are primes, the prime number theorem) also holds for much shorter intervals of length about the square root of x (for intervals near x). This hypothesis is generally believed to be correct. In particular, the simplest assumption is that primes should have no significant irregularities without good reason.","[""random noise"", ""random noise"", ""random noise"", ""random noise""]",17,clean,none,none,0,0,True,none,none,What does the Riemann hypothesis state the source of irregularity in the distribution of points comes from?,,[],,0,random noise,1.0,1.0,1.0,,0.759734473998833,,21,21,0,1.0,0.0,-14.20594,9.118041
meta-llama/Llama-3.2-3B-Instruct,,hf,squad,57298ef11d0469140077952f,idf,What does the Riemann hypothesis state the source of irregularity in the distribution of points comes from?,"The unproven Riemann hypothesis, dating from 1859, states that except for s = −2, −4, ..., all zeroes of the ζ-function have real part equal to 1/2. The connection to prime numbers is that it essentially says that the primes are as regularly distributed as possible.[clarification needed] From a physical viewpoint, it roughly states that the irregularity in the distribution of primes only comes from random noise. From a mathematical viewpoint, it roughly states that the asymptotic distribution of primes (about x/log x of numbers less than x are primes, the prime number theorem) also holds for much shorter intervals of length about the square root of x (for intervals near x). This hypothesis is generally believed to be correct. In particular, the simplest assumption is that primes should have no significant irregularities without good reason.","[""random noise"", ""random noise"", ""random noise"", ""random noise""]",17,corrupted,keyboard,any,1,1,True,hard,none,What does the Riemann hypothesis state the source of irregularity in the distribution of poinrw comes from?,42165814.0,"[{""edit_num"": 1, ""old"": ""points"", ""new"": ""poinrw"", ""location"": ""any"", ""typo_type"": ""keyboard"", ""difficulty"": ""hard"", ""word_index"": 14, ""char_indices"": [4, 5], ""operation_count"": 2}]",0.0,2,random noise,1.0,1.0,1.0,,0.8643608269994729,,23,21,2,1.0,0.0,-8.715564,8.897226
meta-llama/Llama-3.2-3B-Instruct,,hf,squad,57298ef11d0469140077952f,idf,What does the Riemann hypothesis state the source of irregularity in the distribution of points comes from?,"The unproven Riemann hypothesis, dating from 1859, states that except for s = −2, −4, ..., all zeroes of the ζ-function have real part equal to 1/2. The connection to prime numbers is that it essentially says that the primes are as regularly distributed as possible.[clarification needed] From a physical viewpoint, it roughly states that the irregularity in the distribution of primes only comes from random noise. From a mathematical viewpoint, it roughly states that the asymptotic distribution of primes (about x/log x of numbers less than x are primes, the prime number theorem) also holds for much shorter intervals of length about the square root of x (for intervals near x). This hypothesis is generally believed to be correct. In particular, the simplest assumption is that primes should have no significant irregularities without good reason.","[""random noise"", ""random noise"", ""random noise"", ""random noise""]",17,corrupted,keyboard,any,2,2,True,hard,none,What does the Riemann hypothesis state the source of urrrgularity in the distribution of poinrw comes from?,42165814.0,"[{""edit_num"": 1, ""old"": ""points"", ""new"": ""poinrw"", ""location"": ""any"", ""typo_type"": ""keyboard"", ""difficulty"": ""hard"", ""word_index"": 14, ""char_indices"": [4, 5], ""operation_count"": 2}, {""edit_num"": 2, ""old"": ""irregularity"", ""new"": ""urrrgularity"", ""location"": ""any"", ""typo_type"": ""keyboard"", ""difficulty"": ""hard"", ""word_index"": 9, ""char_indices"": [0, 3], ""operation_count"": 2}]",0.0,4,random noise,1.0,1.0,1.0,,0.8629082539991941,,25,21,4,1.0,0.0,0.65350384,9.247315
meta-llama/Llama-3.2-3B-Instruct,,hf,squad,57298ef11d0469140077952f,idf,What does the Riemann hypothesis state the source of irregularity in the distribution of points comes from?,"The unproven Riemann hypothesis, dating from 1859, states that except for s = −2, −4, ..., all zeroes of the ζ-function have real part equal to 1/2. The connection to prime numbers is that it essentially says that the primes are as regularly distributed as possible.[clarification needed] From a physical viewpoint, it roughly states that the irregularity in the distribution of primes only comes from random noise. From a mathematical viewpoint, it roughly states that the asymptotic distribution of primes (about x/log x of numbers less than x are primes, the prime number theorem) also holds for much shorter intervals of length about the square root of x (for intervals near x). This hypothesis is generally believed to be correct. In particular, the simplest assumption is that primes should have no significant irregularities without good reason.","[""random noise"", ""random noise"", ""random noise"", ""random noise""]",17,corrupted,keyboard,any,3,3,True,hard,none,What does the Riemann hyllthesis state the source of urrrgularity in the distribution of poinrw comes from?,42165814.0,"[{""edit_num"": 1, ""old"": ""points"", ""new"": ""poinrw"", ""location"": ""any"", ""typo_type"": ""keyboard"", ""difficulty"": ""hard"", ""word_index"": 14, ""char_indices"": [4, 5], ""operation_count"": 2}, {""edit_num"": 2, ""old"": ""irregularity"", ""new"": ""urrrgularity"", ""location"": ""any"", ""typo_type"": ""keyboard"", ""difficulty"": ""hard"", ""word_index"": 9, ""char_indices"": [0, 3], ""operation_count"": 2}, {""edit_num"": 3, ""old"": ""hypothesis"", ""new"": ""hyllthesis"", ""location"": ""any"", ""typo_type"": ""keyboard"", ""difficulty"": ""hard"", ""word_index"": 4, ""char_indices"": [2, 3], ""operation_count"": 2}]",0.0,6,random noise,1.0,1.0,1.0,,0.8700348599995777,,27,21,6,1.0,0.0,5.592683,9.4455385
meta-llama/Llama-3.2-3B-Instruct,,hf,squad,5729efab3f37b319004785cf,idf,What are the phagocytes that are located in tissues in contact with the external environment called?,"Dendritic cells (DC) are phagocytes in tissues that are in contact with the external environment; therefore, they are located mainly in the skin, nose, lungs, stomach, and intestines. They are named for their resemblance to neuronal dendrites, as both have many spine-like projections, but dendritic cells are in no way connected to the nervous system. Dendritic cells serve as a link between the bodily tissues and the innate and adaptive immune systems, as they present antigens to T cells, one of the key cell types of the adaptive immune system.","[""Dendritic cells"", ""Dendritic cells"", ""Dendritic cells""]",16,clean,none,none,0,0,True,none,none,What are the phagocytes that are located in tissues in contact with the external environment called?,,[],,0,Dendritic cells,1.0,1.0,1.0,,0.7262009070000204,,19,19,0,1.0,0.0,-15.052741,10.2330065
meta-llama/Llama-3.2-3B-Instruct,,hf,squad,5729efab3f37b319004785cf,idf,What are the phagocytes that are located in tissues in contact with the external environment called?,"Dendritic cells (DC) are phagocytes in tissues that are in contact with the external environment; therefore, they are located mainly in the skin, nose, lungs, stomach, and intestines. They are named for their resemblance to neuronal dendrites, as both have many spine-like projections, but dendritic cells are in no way connected to the nervous system. Dendritic cells serve as a link between the bodily tissues and the innate and adaptive immune systems, as they present antigens to T cells, one of the key cell types of the adaptive immune system.","[""Dendritic cells"", ""Dendritic cells"", ""Dendritic cells""]",16,corrupted,keyboard,any,1,1,True,hard,none,What are the phagocytes fhqt are located in tissues in contact with the external environment called?,42405982.0,"[{""edit_num"": 1, ""old"": ""that"", ""new"": ""fhqt"", ""location"": ""any"", ""typo_type"": ""keyboard"", ""difficulty"": ""hard"", ""word_index"": 4, ""char_indices"": [0, 2], ""operation_count"": 2}]",0.0,2,Dendritic cells,1.0,1.0,1.0,,0.81973786799972,,20,19,1,1.0,0.0,-1.7616383,11.557354
meta-llama/Llama-3.2-3B-Instruct,,hf,squad,5729efab3f37b319004785cf,idf,What are the phagocytes that are located in tissues in contact with the external environment called?,"Dendritic cells (DC) are phagocytes in tissues that are in contact with the external environment; therefore, they are located mainly in the skin, nose, lungs, stomach, and intestines. They are named for their resemblance to neuronal dendrites, as both have many spine-like projections, but dendritic cells are in no way connected to the nervous system. Dendritic cells serve as a link between the bodily tissues and the innate and adaptive immune systems, as they present antigens to T cells, one of the key cell types of the adaptive immune system.","[""Dendritic cells"", ""Dendritic cells"", ""Dendritic cells""]",16,corrupted,keyboard,any,2,2,True,hard,none,What are the phagocytes fhqt are located in tiszyes in contact with the external environment called?,42405982.0,"[{""edit_num"": 1, ""old"": ""that"", ""new"": ""fhqt"", ""location"": ""any"", ""typo_type"": ""keyboard"", ""difficulty"": ""hard"", ""word_index"": 4, ""char_indices"": [0, 2], ""operation_count"": 2}, {""edit_num"": 2, ""old"": ""tissues"", ""new"": ""tiszyes"", ""location"": ""any"", ""typo_type"": ""keyboard"", ""difficulty"": ""hard"", ""word_index"": 8, ""char_indices"": [3, 4], ""operation_count"": 2}]",0.0,4,Dendritic cells,1.0,1.0,1.0,,0.7820289850005793,,23,19,4,1.0,0.0,8.257115,11.610121
meta-llama/Llama-3.2-3B-Instruct,,hf,squad,5729efab3f37b319004785cf,idf,What are the phagocytes that are located in tissues in contact with the external environment called?,"Dendritic cells (DC) are phagocytes in tissues that are in contact with the external environment; therefore, they are located mainly in the skin, nose, lungs, stomach, and intestines. They are named for their resemblance to neuronal dendrites, as both have many spine-like projections, but dendritic cells are in no way connected to the nervous system. Dendritic cells serve as a link between the bodily tissues and the innate and adaptive immune systems, as they present antigens to T cells, one of the key cell types of the adaptive immune system.","[""Dendritic cells"", ""Dendritic cells"", ""Dendritic cells""]",16,corrupted,keyboard,any,3,3,True,hard,none,What are the phagocytes fhqt are locqtrd in tiszyes in contact with the external environment called?,42405982.0,"[{""edit_num"": 1, ""old"": ""that"", ""new"": ""fhqt"", ""location"": ""any"", ""typo_type"": ""keyboard"", ""difficulty"": ""hard"", ""word_index"": 4, ""char_indices"": [0, 2], ""operation_count"": 2}, {""edit_num"": 2, ""old"": ""tissues"", ""new"": ""tiszyes"", ""location"": ""any"", ""typo_type"": ""keyboard"", ""difficulty"": ""hard"", ""word_index"": 8, ""char_indices"": [3, 4], ""operation_count"": 2}, {""edit_num"": 3, ""old"": ""located"", ""new"": ""locqtrd"", ""location"": ""any"", ""typo_type"": ""keyboard"", ""difficulty"": ""hard"", ""word_index"": 6, ""char_indices"": [3, 5], ""operation_count"": 2}]",0.0,6,Dendritic cells,1.0,1.0,1.0,,0.7851774190003198,,26,19,7,1.0,0.0,16.574442,10.87216
meta-llama/Llama-3.2-3B-Instruct,,hf,squad,572a0c541d046914007796f5,idf,When was consumption inequality lower than it had been in 1986?,"Conservative researchers have argued that income inequality is not significant because consumption, rather than income should be the measure of inequality, and inequality of consumption is less extreme than inequality of income in the US. Will Wilkinson of the libertarian Cato Institute states that ""the weight of the evidence shows that the run-up in consumption inequality has been considerably less dramatic than the rise in income inequality,"" and consumption is more important than income. According to Johnson, Smeeding, and Tory, consumption inequality was actually lower in 2001 than it was in 1986. The debate is summarized in ""The Hidden Prosperity of the Poor"" by journalist Thomas B. Edsall. Other studies have not found consumption inequality less dramatic than household income inequality, and the CBO's study found consumption data not ""adequately"" capturing ""consumption by high-income households"" as it does their income, though it did agree that household consumption numbers show more equal distribution than household income.","[""2001"", ""2001"", ""2001""]",10,clean,none,none,0,0,True,none,none,When was consumption inequality lower than it had been in 1986?,,[],,0,2001,1.0,1.0,1.0,,0.8746839449995605,,14,14,0,1.0,0.0,-16.863743,1.1243839
meta-llama/Llama-3.2-3B-Instruct,,hf,squad,572a0c541d046914007796f5,idf,When was consumption inequality lower than it had been in 1986?,"Conservative researchers have argued that income inequality is not significant because consumption, rather than income should be the measure of inequality, and inequality of consumption is less extreme than inequality of income in the US. Will Wilkinson of the libertarian Cato Institute states that ""the weight of the evidence shows that the run-up in consumption inequality has been considerably less dramatic than the rise in income inequality,"" and consumption is more important than income. According to Johnson, Smeeding, and Tory, consumption inequality was actually lower in 2001 than it was in 1986. The debate is summarized in ""The Hidden Prosperity of the Poor"" by journalist Thomas B. Edsall. Other studies have not found consumption inequality less dramatic than household income inequality, and the CBO's study found consumption data not ""adequately"" capturing ""consumption by high-income households"" as it does their income, though it did agree that household consumption numbers show more equal distribution than household income.","[""2001"", ""2001"", ""2001""]",10,corrupted,keyboard,any,1,1,True,hard,none,When was consumption inrauality lower than it had been in 1986?,43356647.0,"[{""edit_num"": 1, ""old"": ""inequality"", ""new"": ""inrauality"", ""location"": ""any"", ""typo_type"": ""keyboard"", ""difficulty"": ""hard"", ""word_index"": 3, ""char_indices"": [2, 3], ""operation_count"": 2}]",0.0,2,2001,1.0,1.0,1.0,,0.8756150859990157,,16,14,2,1.0,0.0,-7.9451485,3.2601337
meta-llama/Llama-3.2-3B-Instruct,,hf,squad,572a0c541d046914007796f5,idf,When was consumption inequality lower than it had been in 1986?,"Conservative researchers have argued that income inequality is not significant because consumption, rather than income should be the measure of inequality, and inequality of consumption is less extreme than inequality of income in the US. Will Wilkinson of the libertarian Cato Institute states that ""the weight of the evidence shows that the run-up in consumption inequality has been considerably less dramatic than the rise in income inequality,"" and consumption is more important than income. According to Johnson, Smeeding, and Tory, consumption inequality was actually lower in 2001 than it was in 1986. The debate is summarized in ""The Hidden Prosperity of the Poor"" by journalist Thomas B. Edsall. Other studies have not found consumption inequality less dramatic than household income inequality, and the CBO's study found consumption data not ""adequately"" capturing ""consumption by high-income households"" as it does their income, though it did agree that household consumption numbers show more equal distribution than household income.","[""2001"", ""2001"", ""2001""]",10,corrupted,keyboard,any,2,2,True,hard,none,When was consumption inrauality lower tgsn it had been in 1986?,43356647.0,"[{""edit_num"": 1, ""old"": ""inequality"", ""new"": ""inrauality"", ""location"": ""any"", ""typo_type"": ""keyboard"", ""difficulty"": ""hard"", ""word_index"": 3, ""char_indices"": [2, 3], ""operation_count"": 2}, {""edit_num"": 2, ""old"": ""than"", ""new"": ""tgsn"", ""location"": ""any"", ""typo_type"": ""keyboard"", ""difficulty"": ""hard"", ""word_index"": 5, ""char_indices"": [1, 2], ""operation_count"": 2}]",0.0,4,2001,1.0,1.0,1.0,,0.8721022009995067,,18,14,4,1.0,0.0,3.7052326,4.2814736
meta-llama/Llama-3.2-3B-Instruct,,hf,squad,572a0c541d046914007796f5,idf,When was consumption inequality lower than it had been in 1986?,"Conservative researchers have argued that income inequality is not significant because consumption, rather than income should be the measure of inequality, and inequality of consumption is less extreme than inequality of income in the US. Will Wilkinson of the libertarian Cato Institute states that ""the weight of the evidence shows that the run-up in consumption inequality has been considerably less dramatic than the rise in income inequality,"" and consumption is more important than income. According to Johnson, Smeeding, and Tory, consumption inequality was actually lower in 2001 than it was in 1986. The debate is summarized in ""The Hidden Prosperity of the Poor"" by journalist Thomas B. Edsall. Other studies have not found consumption inequality less dramatic than household income inequality, and the CBO's study found consumption data not ""adequately"" capturing ""consumption by high-income households"" as it does their income, though it did agree that household consumption numbers show more equal distribution than household income.","[""2001"", ""2001"", ""2001""]",10,corrupted,keyboard,any,3,3,True,hard,none,When was consumotiln inrauality lower tgsn it had been in 1986?,43356647.0,"[{""edit_num"": 1, ""old"": ""inequality"", ""new"": ""inrauality"", ""location"": ""any"", ""typo_type"": ""keyboard"", ""difficulty"": ""hard"", ""word_index"": 3, ""char_indices"": [2, 3], ""operation_count"": 2}, {""edit_num"": 2, ""old"": ""than"", ""new"": ""tgsn"", ""location"": ""any"", ""typo_type"": ""keyboard"", ""difficulty"": ""hard"", ""word_index"": 5, ""char_indices"": [1, 2], ""operation_count"": 2}, {""edit_num"": 3, ""old"": ""consumption"", ""new"": ""consumotiln"", ""location"": ""any"", ""typo_type"": ""keyboard"", ""difficulty"": ""hard"", ""word_index"": 2, ""char_indices"": [6, 9], ""operation_count"": 2}]",0.0,6,2001,1.0,1.0,1.0,,0.8741208159990492,,21,14,7,1.0,0.0,13.702489,6.123173
meta-llama/Llama-3.2-3B-Instruct,,hf,squad,572fc8a904bcaa1900d76d20,idf,What topic do private bills typically have?,"A further type of committee is normally set up to scrutinise private bills submitted to the Scottish Parliament by an outside party or promoter who is not a member of the Scottish Parliament or Scottish Government. Private bills normally relate to large-scale development projects such as infrastructure projects that require the use of land or property. Private Bill Committees have been set up to consider legislation on issues such as the development of the Edinburgh Tram Network, the Glasgow Airport Rail Link, the Airdrie-Bathgate Rail Link and extensions to the National Gallery of Scotland.","[""large-scale development projects"", ""large-scale development projects"", ""large-scale development projects""]",7,clean,none,none,0,0,True,none,none,What topic do private bills typically have?,,[],,0,large-scale development projects,1.0,1.0,1.0,,0.7171606350002548,,8,8,0,1.0,0.0,-21.31605,5.1570234
meta-llama/Llama-3.2-3B-Instruct,,hf,squad,572fc8a904bcaa1900d76d20,idf,What topic do private bills typically have?,"A further type of committee is normally set up to scrutinise private bills submitted to the Scottish Parliament by an outside party or promoter who is not a member of the Scottish Parliament or Scottish Government. Private bills normally relate to large-scale development projects such as infrastructure projects that require the use of land or property. Private Bill Committees have been set up to consider legislation on issues such as the development of the Edinburgh Tram Network, the Glasgow Airport Rail Link, the Airdrie-Bathgate Rail Link and extensions to the National Gallery of Scotland.","[""large-scale development projects"", ""large-scale development projects"", ""large-scale development projects""]",7,corrupted,keyboard,any,1,1,True,hard,none,What topic do orivafe bills typically have?,42666164.0,"[{""edit_num"": 1, ""old"": ""private"", ""new"": ""orivafe"", ""location"": ""any"", ""typo_type"": ""keyboard"", ""difficulty"": ""hard"", ""word_index"": 3, ""char_indices"": [0, 5], ""operation_count"": 2}]",0.0,2,large-scale development projects,1.0,1.0,1.0,,0.790086501998303,,10,8,2,1.0,0.0,-8.638568,6.6972504
meta-llama/Llama-3.2-3B-Instruct,,hf,squad,572fc8a904bcaa1900d76d20,idf,What topic do private bills typically have?,"A further type of committee is normally set up to scrutinise private bills submitted to the Scottish Parliament by an outside party or promoter who is not a member of the Scottish Parliament or Scottish Government. Private bills normally relate to large-scale development projects such as infrastructure projects that require the use of land or property. Private Bill Committees have been set up to consider legislation on issues such as the development of the Edinburgh Tram Network, the Glasgow Airport Rail Link, the Airdrie-Bathgate Rail Link and extensions to the National Gallery of Scotland.","[""large-scale development projects"", ""large-scale development projects"", ""large-scale development projects""]",7,corrupted,keyboard,any,2,2,True,hard,none,What topic do orivafe bills typically hacr?,42666164.0,"[{""edit_num"": 1, ""old"": ""private"", ""new"": ""orivafe"", ""location"": ""any"", ""typo_type"": ""keyboard"", ""difficulty"": ""hard"", ""word_index"": 3, ""char_indices"": [0, 5], ""operation_count"": 2}, {""edit_num"": 2, ""old"": ""have"", ""new"": ""hacr"", ""location"": ""any"", ""typo_type"": ""keyboard"", ""difficulty"": ""hard"", ""word_index"": 6, ""char_indices"": [2, 3], ""operation_count"": 2}]",0.0,4,large-scale development projects,1.0,1.0,1.0,,0.7743689819999418,,11,8,3,1.0,0.0,-0.2845969,7.4249
meta-llama/Llama-3.2-3B-Instruct,,hf,squad,572fc8a904bcaa1900d76d20,idf,What topic do private bills typically have?,"A further type of committee is normally set up to scrutinise private bills submitted to the Scottish Parliament by an outside party or promoter who is not a member of the Scottish Parliament or Scottish Government. Private bills normally relate to large-scale development projects such as infrastructure projects that require the use of land or property. Private Bill Committees have been set up to consider legislation on issues such as the development of the Edinburgh Tram Network, the Glasgow Airport Rail Link, the Airdrie-Bathgate Rail Link and extensions to the National Gallery of Scotland.","[""large-scale development projects"", ""large-scale development projects"", ""large-scale development projects""]",7,corrupted,keyboard,any,3,3,True,hard,none,What topic do orivafe bilkx typically hacr?,42666164.0,"[{""edit_num"": 1, ""old"": ""private"", ""new"": ""orivafe"", ""location"": ""any"", ""typo_type"": ""keyboard"", ""difficulty"": ""hard"", ""word_index"": 3, ""char_indices"": [0, 5], ""operation_count"": 2}, {""edit_num"": 2, ""old"": ""have"", ""new"": ""hacr"", ""location"": ""any"", ""typo_type"": ""keyboard"", ""difficulty"": ""hard"", ""word_index"": 6, ""char_indices"": [2, 3], ""operation_count"": 2}, {""edit_num"": 3, ""old"": ""bills"", ""new"": ""bilkx"", ""location"": ""any"", ""typo_type"": ""keyboard"", ""difficulty"": ""hard"", ""word_index"": 4, ""char_indices"": [3, 4], ""operation_count"": 2}]",0.0,6,large-scale development projects,1.0,1.0,1.0,,0.7746428829996148,,13,8,5,1.0,0.0,7.6597214,7.958089
meta-llama/Llama-3.2-3B-Instruct,,hf,squad,57300137b2c2fd1400568717,idf,Who was an important early figure in the Islamic revival in India?,"Sayyid Abul Ala Maududi was an important early twentieth-century figure in the Islamic revival in India, and then after independence from Britain, in Pakistan. Trained as a lawyer he chose the profession of journalism, and wrote about contemporary issues and most importantly about Islam and Islamic law. Maududi founded the Jamaat-e-Islami party in 1941 and remained its leader until 1972. However, Maududi had much more impact through his writing than through his political organising. His extremely influential books (translated into many languages) placed Islam in a modern context, and influenced not only conservative ulema but liberal modernizer Islamists such as al-Faruqi, whose ""Islamization of Knowledge"" carried forward some of Maududi's key principles.","[""Sayyid Abul Ala Maududi"", ""Sayyid Abul Ala Maududi"", ""Sayyid Abul Ala Maududi""]",12,clean,none,none,0,0,True,none,none,Who was an important early figure in the Islamic revival in India?,,[],,0,Sayyid Abul Ala Maududi,1.0,1.0,1.0,,0.9982505010011664,,13,13,0,1.0,0.0,-17.105505,1.7072046
meta-llama/Llama-3.2-3B-Instruct,,hf,squad,57300137b2c2fd1400568717,idf,Who was an important early figure in the Islamic revival in India?,"Sayyid Abul Ala Maududi was an important early twentieth-century figure in the Islamic revival in India, and then after independence from Britain, in Pakistan. Trained as a lawyer he chose the profession of journalism, and wrote about contemporary issues and most importantly about Islam and Islamic law. Maududi founded the Jamaat-e-Islami party in 1941 and remained its leader until 1972. However, Maududi had much more impact through his writing than through his political organising. His extremely influential books (translated into many languages) placed Islam in a modern context, and influenced not only conservative ulema but liberal modernizer Islamists such as al-Faruqi, whose ""Islamization of Knowledge"" carried forward some of Maududi's key principles.","[""Sayyid Abul Ala Maududi"", ""Sayyid Abul Ala Maududi"", ""Sayyid Abul Ala Maududi""]",12,corrupted,keyboard,any,1,1,True,hard,none,Who was an important early figure in the Ixlanic revival in India?,43526766.0,"[{""edit_num"": 1, ""old"": ""Islamic"", ""new"": ""Ixlanic"", ""location"": ""any"", ""typo_type"": ""keyboard"", ""difficulty"": ""hard"", ""word_index"": 8, ""char_indices"": [1, 4], ""operation_count"": 2}]",0.0,2,Sayyid Abul Ala Maududi,1.0,1.0,1.0,,0.9997500359986587,,16,13,3,1.0,0.0,-8.221545,1.783258
meta-llama/Llama-3.2-3B-Instruct,,hf,squad,57300137b2c2fd1400568717,idf,Who was an important early figure in the Islamic revival in India?,"Sayyid Abul Ala Maududi was an important early twentieth-century figure in the Islamic revival in India, and then after independence from Britain, in Pakistan. Trained as a lawyer he chose the profession of journalism, and wrote about contemporary issues and most importantly about Islam and Islamic law. Maududi founded the Jamaat-e-Islami party in 1941 and remained its leader until 1972. However, Maududi had much more impact through his writing than through his political organising. His extremely influential books (translated into many languages) placed Islam in a modern context, and influenced not only conservative ulema but liberal modernizer Islamists such as al-Faruqi, whose ""Islamization of Knowledge"" carried forward some of Maududi's key principles.","[""Sayyid Abul Ala Maududi"", ""Sayyid Abul Ala Maududi"", ""Sayyid Abul Ala Maududi""]",12,corrupted,keyboard,any,2,2,True,hard,none,Who was an important datly figure in the Ixlanic revival in India?,43526766.0,"[{""edit_num"": 1, ""old"": ""Islamic"", ""new"": ""Ixlanic"", ""location"": ""any"", ""typo_type"": ""keyboard"", ""difficulty"": ""hard"", ""word_index"": 8, ""char_indices"": [1, 4], ""operation_count"": 2}, {""edit_num"": 2, ""old"": ""early"", ""new"": ""datly"", ""location"": ""any"", ""typo_type"": ""keyboard"", ""difficulty"": ""hard"", ""word_index"": 4, ""char_indices"": [0, 2], ""operation_count"": 2}]",0.0,4,Sayyid Abul Ala Maududi,1.0,1.0,1.0,,1.0871068379983626,,17,13,4,1.0,0.0,-2.7592907,3.015457
meta-llama/Llama-3.2-3B-Instruct,,hf,squad,57300137b2c2fd1400568717,idf,Who was an important early figure in the Islamic revival in India?,"Sayyid Abul Ala Maududi was an important early twentieth-century figure in the Islamic revival in India, and then after independence from Britain, in Pakistan. Trained as a lawyer he chose the profession of journalism, and wrote about contemporary issues and most importantly about Islam and Islamic law. Maududi founded the Jamaat-e-Islami party in 1941 and remained its leader until 1972. However, Maududi had much more impact through his writing than through his political organising. His extremely influential books (translated into many languages) placed Islam in a modern context, and influenced not only conservative ulema but liberal modernizer Islamists such as al-Faruqi, whose ""Islamization of Knowledge"" carried forward some of Maududi's key principles.","[""Sayyid Abul Ala Maududi"", ""Sayyid Abul Ala Maududi"", ""Sayyid Abul Ala Maududi""]",12,corrupted,keyboard,any,3,3,True,hard,none,Who was an important datly figure in the Ixlanic revival in Jndiw?,43526766.0,"[{""edit_num"": 1, ""old"": ""Islamic"", ""new"": ""Ixlanic"", ""location"": ""any"", ""typo_type"": ""keyboard"", ""difficulty"": ""hard"", ""word_index"": 8, ""char_indices"": [1, 4], ""operation_count"": 2}, {""edit_num"": 2, ""old"": ""early"", ""new"": ""datly"", ""location"": ""any"", ""typo_type"": ""keyboard"", ""difficulty"": ""hard"", ""word_index"": 4, ""char_indices"": [0, 2], ""operation_count"": 2}, {""edit_num"": 3, ""old"": ""India"", ""new"": ""Jndiw"", ""location"": ""any"", ""typo_type"": ""keyboard"", ""difficulty"": ""hard"", ""word_index"": 11, ""char_indices"": [0, 4], ""operation_count"": 2}]",0.0,6,Sayyid Abul Ala Maududi,1.0,1.0,1.0,,0.9974833560008848,,19,13,6,1.0,0.0,3.3685741,3.4789588
meta-llama/Llama-3.2-3B-Instruct,,hf,squad,5730a40f396df91900096237,idf,What happened to the East India Trading Company in 1767?,"Britain's imperialist ambitions can be seen as early as the sixteenth century. In 1599 the British East India Company was established and was chartered by Queen Elizabeth in the following year. With the establishment of trading posts in India, the British were able to maintain strength relative to others empires such as the Portuguese who already had set up trading posts in India. In 1767 political activity caused exploitation of the East India Company causing the plundering of the local economy, almost bringing the company into bankruptcy.","[""exploitation"", ""political activity caused exploitation"", ""political activity caused exploitation"", ""exploitation"", ""exploitation""]",9,clean,none,none,0,0,True,none,none,What happened to the East India Trading Company in 1767?,,[],,0,political activity caused exploitation of the East India Company causing the plundering of the local economy almost bringing the company into bankruptcy,0.0,0.3636363636363636,1.0,,1.4642933159993845,,13,13,0,0.3636363636363636,0.0,-15.082786,-0.52483445
meta-llama/Llama-3.2-3B-Instruct,,hf,squad,5730a40f396df91900096237,idf,What happened to the East India Trading Company in 1767?,"Britain's imperialist ambitions can be seen as early as the sixteenth century. In 1599 the British East India Company was established and was chartered by Queen Elizabeth in the following year. With the establishment of trading posts in India, the British were able to maintain strength relative to others empires such as the Portuguese who already had set up trading posts in India. In 1767 political activity caused exploitation of the East India Company causing the plundering of the local economy, almost bringing the company into bankruptcy.","[""exploitation"", ""political activity caused exploitation"", ""political activity caused exploitation"", ""exploitation"", ""exploitation""]",9,corrupted,keyboard,any,1,1,True,hard,none,What happened to the East India Tradibf Company in 1767?,43897025.0,"[{""edit_num"": 1, ""old"": ""Trading"", ""new"": ""Tradibf"", ""location"": ""any"", ""typo_type"": ""keyboard"", ""difficulty"": ""hard"", ""word_index"": 6, ""char_indices"": [5, 6], ""operation_count"": 2}]",0.0,2,political activity caused exploitation of the East India Company causing the plundering of the local economy almost bringing the company into bankruptcy,0.0,0.3636363636363636,1.0,,1.4614015900006052,,15,13,2,0.3636363636363636,0.0,-5.7324433,0.48891127
meta-llama/Llama-3.2-3B-Instruct,,hf,squad,5730a40f396df91900096237,idf,What happened to the East India Trading Company in 1767?,"Britain's imperialist ambitions can be seen as early as the sixteenth century. In 1599 the British East India Company was established and was chartered by Queen Elizabeth in the following year. With the establishment of trading posts in India, the British were able to maintain strength relative to others empires such as the Portuguese who already had set up trading posts in India. In 1767 political activity caused exploitation of the East India Company causing the plundering of the local economy, almost bringing the company into bankruptcy.","[""exploitation"", ""political activity caused exploitation"", ""political activity caused exploitation"", ""exploitation"", ""exploitation""]",9,corrupted,keyboard,any,2,2,True,hard,none,What happened to the Rwst India Tradibf Company in 1767?,43897025.0,"[{""edit_num"": 1, ""old"": ""Trading"", ""new"": ""Tradibf"", ""location"": ""any"", ""typo_type"": ""keyboard"", ""difficulty"": ""hard"", ""word_index"": 6, ""char_indices"": [5, 6], ""operation_count"": 2}, {""edit_num"": 2, ""old"": ""East"", ""new"": ""Rwst"", ""location"": ""any"", ""typo_type"": ""keyboard"", ""difficulty"": ""hard"", ""word_index"": 4, ""char_indices"": [0, 1], ""operation_count"": 2}]",0.0,4,political activity caused exploitation of the East India Company causing the plundering of the local economy almost bringing the company into bankruptcy,0.0,0.3636363636363636,1.0,,1.455551209000987,,16,13,3,0.3636363636363636,0.0,0.49316922,1.8861797
meta-llama/Llama-3.2-3B-Instruct,,hf,squad,5730a40f396df91900096237,idf,What happened to the East India Trading Company in 1767?,"Britain's imperialist ambitions can be seen as early as the sixteenth century. In 1599 the British East India Company was established and was chartered by Queen Elizabeth in the following year. With the establishment of trading posts in India, the British were able to maintain strength relative to others empires such as the Portuguese who already had set up trading posts in India. In 1767 political activity caused exploitation of the East India Company causing the plundering of the local economy, almost bringing the company into bankruptcy.","[""exploitation"", ""political activity caused exploitation"", ""political activity caused exploitation"", ""exploitation"", ""exploitation""]",9,corrupted,keyboard,any,3,3,True,hard,none,What haplenrd to the Rwst India Tradibf Company in 1767?,43897025.0,"[{""edit_num"": 1, ""old"": ""Trading"", ""new"": ""Tradibf"", ""location"": ""any"", ""typo_type"": ""keyboard"", ""difficulty"": ""hard"", ""word_index"": 6, ""char_indices"": [5, 6], ""operation_count"": 2}, {""edit_num"": 2, ""old"": ""East"", ""new"": ""Rwst"", ""location"": ""any"", ""typo_type"": ""keyboard"", ""difficulty"": ""hard"", ""word_index"": 4, ""char_indices"": [0, 1], ""operation_count"": 2}, {""edit_num"": 3, ""old"": ""happened"", ""new"": ""haplenrd"", ""location"": ""any"", ""typo_type"": ""keyboard"", ""difficulty"": ""hard"", ""word_index"": 1, ""char_indices"": [3, 6], ""operation_count"": 2}]",0.0,6,political activity caused exploitation of the East India Company causing the plundering of the local economy almost bringing the company into bankruptcy,0.0,0.3636363636363636,1.0,,1.4743055480012115,,18,13,5,0.3636363636363636,0.0,9.08372,3.2572334
meta-llama/Llama-3.2-3B-Instruct,,hf,squad,5733ea04d058e614000b6596,idf,Where was Marin's second fort constructed?,"In the spring of 1753, Paul Marin de la Malgue was given command of a 2,000-man force of Troupes de la Marine and Indians. His orders were to protect the King's land in the Ohio Valley from the British. Marin followed the route that Céloron had mapped out four years earlier, but where Céloron had limited the record of French claims to the burial of lead plates, Marin constructed and garrisoned forts. He first constructed Fort Presque Isle (near present-day Erie, Pennsylvania) on Lake Erie's south shore. He had a road built to the headwaters of LeBoeuf Creek. Marin constructed a second fort at Fort Le Boeuf (present-day Waterford, Pennsylvania), designed to guard the headwaters of LeBoeuf Creek. As he moved south, he drove off or captured British traders, alarming both the British and the Iroquois. Tanaghrisson, a chief of the Mingo, who were remnants of Iroquois and other tribes who had been driven west by colonial expansion. He intensely disliked the French (whom he accused of killing and eating his father). Traveling to Fort Le Boeuf, he threatened the French with military action, which Marin contemptuously dismissed.","[""Fort Le Boeuf (present-day Waterford, Pennsylvania"", ""Fort Le Boeuf"", ""present-day Waterford, Pennsylvania"", ""Fort Le Boeuf"", ""present-day Waterford, Pennsylvania""]",7,clean,none,none,0,0,True,none,none,Where was Marin's second fort constructed?,,[],,0,Fort Le Boeuf,1.0,1.0,1.0,,1.256967377001274,,8,8,0,1.0,0.0,-19.026363,-2.7847488
meta-llama/Llama-3.2-3B-Instruct,,hf,squad,5733ea04d058e614000b6596,idf,Where was Marin's second fort constructed?,"In the spring of 1753, Paul Marin de la Malgue was given command of a 2,000-man force of Troupes de la Marine and Indians. His orders were to protect the King's land in the Ohio Valley from the British. Marin followed the route that Céloron had mapped out four years earlier, but where Céloron had limited the record of French claims to the burial of lead plates, Marin constructed and garrisoned forts. He first constructed Fort Presque Isle (near present-day Erie, Pennsylvania) on Lake Erie's south shore. He had a road built to the headwaters of LeBoeuf Creek. Marin constructed a second fort at Fort Le Boeuf (present-day Waterford, Pennsylvania), designed to guard the headwaters of LeBoeuf Creek. As he moved south, he drove off or captured British traders, alarming both the British and the Iroquois. Tanaghrisson, a chief of the Mingo, who were remnants of Iroquois and other tribes who had been driven west by colonial expansion. He intensely disliked the French (whom he accused of killing and eating his father). Traveling to Fort Le Boeuf, he threatened the French with military action, which Marin contemptuously dismissed.","[""Fort Le Boeuf (present-day Waterford, Pennsylvania"", ""Fort Le Boeuf"", ""present-day Waterford, Pennsylvania"", ""Fort Le Boeuf"", ""present-day Waterford, Pennsylvania""]",7,corrupted,keyboard,any,1,1,True,hard,none,Where was Markj's second fort constructed?,43136493.0,"[{""edit_num"": 1, ""old"": ""Marin"", ""new"": ""Markj"", ""location"": ""any"", ""typo_type"": ""keyboard"", ""difficulty"": ""hard"", ""word_index"": 2, ""char_indices"": [3, 4], ""operation_count"": 2}]",0.0,2,Fort Le Boeuf,1.0,1.0,1.0,,1.1789735549991749,,9,8,1,1.0,0.0,-9.95821,-3.1765585
meta-llama/Llama-3.2-3B-Instruct,,hf,squad,5733ea04d058e614000b6596,idf,Where was Marin's second fort constructed?,"In the spring of 1753, Paul Marin de la Malgue was given command of a 2,000-man force of Troupes de la Marine and Indians. His orders were to protect the King's land in the Ohio Valley from the British. Marin followed the route that Céloron had mapped out four years earlier, but where Céloron had limited the record of French claims to the burial of lead plates, Marin constructed and garrisoned forts. He first constructed Fort Presque Isle (near present-day Erie, Pennsylvania) on Lake Erie's south shore. He had a road built to the headwaters of LeBoeuf Creek. Marin constructed a second fort at Fort Le Boeuf (present-day Waterford, Pennsylvania), designed to guard the headwaters of LeBoeuf Creek. As he moved south, he drove off or captured British traders, alarming both the British and the Iroquois. Tanaghrisson, a chief of the Mingo, who were remnants of Iroquois and other tribes who had been driven west by colonial expansion. He intensely disliked the French (whom he accused of killing and eating his father). Traveling to Fort Le Boeuf, he threatened the French with military action, which Marin contemptuously dismissed.","[""Fort Le Boeuf (present-day Waterford, Pennsylvania"", ""Fort Le Boeuf"", ""present-day Waterford, Pennsylvania"", ""Fort Le Boeuf"", ""present-day Waterford, Pennsylvania""]",7,corrupted,keyboard,any,2,2,True,hard,none,Where was Markj's second foeg constructed?,43136493.0,"[{""edit_num"": 1, ""old"": ""Marin"", ""new"": ""Markj"", ""location"": ""any"", ""typo_type"": ""keyboard"", ""difficulty"": ""hard"", ""word_index"": 2, ""char_indices"": [3, 4], ""operation_count"": 2}, {""edit_num"": 2, ""old"": ""fort"", ""new"": ""foeg"", ""location"": ""any"", ""typo_type"": ""keyboard"", ""difficulty"": ""hard"", ""word_index"": 5, ""char_indices"": [2, 3], ""operation_count"": 2}]",0.0,4,Fort Le Boeuf,1.0,1.0,1.0,,1.194199452000248,,10,8,2,1.0,0.0,-2.0016294,-2.6894846
meta-llama/Llama-3.2-3B-Instruct,,hf,squad,5733ea04d058e614000b6596,idf,Where was Marin's second fort constructed?,"In the spring of 1753, Paul Marin de la Malgue was given command of a 2,000-man force of Troupes de la Marine and Indians. His orders were to protect the King's land in the Ohio Valley from the British. Marin followed the route that Céloron had mapped out four years earlier, but where Céloron had limited the record of French claims to the burial of lead plates, Marin constructed and garrisoned forts. He first constructed Fort Presque Isle (near present-day Erie, Pennsylvania) on Lake Erie's south shore. He had a road built to the headwaters of LeBoeuf Creek. Marin constructed a second fort at Fort Le Boeuf (present-day Waterford, Pennsylvania), designed to guard the headwaters of LeBoeuf Creek. As he moved south, he drove off or captured British traders, alarming both the British and the Iroquois. Tanaghrisson, a chief of the Mingo, who were remnants of Iroquois and other tribes who had been driven west by colonial expansion. He intensely disliked the French (whom he accused of killing and eating his father). Traveling to Fort Le Boeuf, he threatened the French with military action, which Marin contemptuously dismissed.","[""Fort Le Boeuf (present-day Waterford, Pennsylvania"", ""Fort Le Boeuf"", ""present-day Waterford, Pennsylvania"", ""Fort Le Boeuf"", ""present-day Waterford, Pennsylvania""]",7,corrupted,keyboard,any,3,3,True,hard,none,Wbdre was Markj's second foeg constructed?,43136493.0,"[{""edit_num"": 1, ""old"": ""Marin"", ""new"": ""Markj"", ""location"": ""any"", ""typo_type"": ""keyboard"", ""difficulty"": ""hard"", ""word_index"": 2, ""char_indices"": [3, 4], ""operation_count"": 2}, {""edit_num"": 2, ""old"": ""fort"", ""new"": ""foeg"", ""location"": ""any"", ""typo_type"": ""keyboard"", ""difficulty"": ""hard"", ""word_index"": 5, ""char_indices"": [2, 3], ""operation_count"": 2}, {""edit_num"": 3, ""old"": ""Where"", ""new"": ""Wbdre"", ""location"": ""any"", ""typo_type"": ""keyboard"", ""difficulty"": ""hard"", ""word_index"": 0, ""char_indices"": [1, 2], ""operation_count"": 2}]",0.0,6,Fort Le Boeuf,1.0,1.0,1.0,,1.1766084369992311,,12,8,4,1.0,0.0,14.748345,-1.3792313
meta-llama/Llama-3.2-3B-Instruct,,hf,squad,57378c9b1c456719005744a9,idf,What magnetic and electric force acts on a charge?,"Through combining the definition of electric current as the time rate of change of electric charge, a rule of vector multiplication called Lorentz's Law describes the force on a charge moving in a magnetic field. The connection between electricity and magnetism allows for the description of a unified electromagnetic force that acts on a charge. This force can be written as a sum of the electrostatic force (due to the electric field) and the magnetic force (due to the magnetic field). Fully stated, this is the law:","[""unified electromagnetic"", ""unified electromagnetic force"", ""electromagnetic"", ""unified electromagnetic force""]",9,clean,none,none,0,0,True,none,none,What magnetic and electric force acts on a charge?,,[],,0,the electrostatic force due to the electric field and the magnetic force due to the magnetic field,0.0,0.125,0.0,,1.1814525299996603,,10,10,0,0.125,0.0,-13.938443,9.348511
meta-llama/Llama-3.2-3B-Instruct,,hf,squad,57378c9b1c456719005744a9,idf,What magnetic and electric force acts on a charge?,"Through combining the definition of electric current as the time rate of change of electric charge, a rule of vector multiplication called Lorentz's Law describes the force on a charge moving in a magnetic field. The connection between electricity and magnetism allows for the description of a unified electromagnetic force that acts on a charge. This force can be written as a sum of the electrostatic force (due to the electric field) and the magnetic force (due to the magnetic field). Fully stated, this is the law:","[""unified electromagnetic"", ""unified electromagnetic force"", ""electromagnetic"", ""unified electromagnetic force""]",9,corrupted,keyboard,any,1,1,True,hard,none,What magnetic and electfkc force acts on a charge?,42215849.0,"[{""edit_num"": 1, ""old"": ""electric"", ""new"": ""electfkc"", ""location"": ""any"", ""typo_type"": ""keyboard"", ""difficulty"": ""hard"", ""word_index"": 3, ""char_indices"": [5, 6], ""operation_count"": 2}]",0.0,2,the magnetic force due to the magnetic field and the electrostatic force due to the electric field,0.0,0.125,0.0,,1.1549636919990007,,12,10,2,0.125,0.0,1.0842322,10.575385
meta-llama/Llama-3.2-3B-Instruct,,hf,squad,57378c9b1c456719005744a9,idf,What magnetic and electric force acts on a charge?,"Through combining the definition of electric current as the time rate of change of electric charge, a rule of vector multiplication called Lorentz's Law describes the force on a charge moving in a magnetic field. The connection between electricity and magnetism allows for the description of a unified electromagnetic force that acts on a charge. This force can be written as a sum of the electrostatic force (due to the electric field) and the magnetic force (due to the magnetic field). Fully stated, this is the law:","[""unified electromagnetic"", ""unified electromagnetic force"", ""electromagnetic"", ""unified electromagnetic force""]",9,corrupted,keyboard,any,2,2,True,hard,none,What magnetic and electfkc force acts on a dhargs?,42215849.0,"[{""edit_num"": 1, ""old"": ""electric"", ""new"": ""electfkc"", ""location"": ""any"", ""typo_type"": ""keyboard"", ""difficulty"": ""hard"", ""word_index"": 3, ""char_indices"": [5, 6], ""operation_count"": 2}, {""edit_num"": 2, ""old"": ""charge"", ""new"": ""dhargs"", ""location"": ""any"", ""typo_type"": ""keyboard"", ""difficulty"": ""hard"", ""word_index"": 8, ""char_indices"": [0, 5], ""operation_count"": 2}]",0.0,4,F = q(E + v x B),0.0,0.0,0.0,,0.9634395530010806,,13,10,3,0.125,0.125,7.5320406,11.371526
meta-llama/Llama-3.2-3B-Instruct,,hf,squad,57378c9b1c456719005744a9,idf,What magnetic and electric force acts on a charge?,"Through combining the definition of electric current as the time rate of change of electric charge, a rule of vector multiplication called Lorentz's Law describes the force on a charge moving in a magnetic field. The connection between electricity and magnetism allows for the description of a unified electromagnetic force that acts on a charge. This force can be written as a sum of the electrostatic force (due to the electric field) and the magnetic force (due to the magnetic field). Fully stated, this is the law:","[""unified electromagnetic"", ""unified electromagnetic force"", ""electromagnetic"", ""unified electromagnetic force""]",9,corrupted,keyboard,any,3,3,True,hard,none,What magnetic and electfkc force avgs on a dhargs?,42215849.0,"[{""edit_num"": 1, ""old"": ""electric"", ""new"": ""electfkc"", ""location"": ""any"", ""typo_type"": ""keyboard"", ""difficulty"": ""hard"", ""word_index"": 3, ""char_indices"": [5, 6], ""operation_count"": 2}, {""edit_num"": 2, ""old"": ""charge"", ""new"": ""dhargs"", ""location"": ""any"", ""typo_type"": ""keyboard"", ""difficulty"": ""hard"", ""word_index"": 8, ""char_indices"": [0, 5], ""operation_count"": 2}, {""edit_num"": 3, ""old"": ""acts"", ""new"": ""avgs"", ""location"": ""any"", ""typo_type"": ""keyboard"", ""difficulty"": ""hard"", ""word_index"": 5, ""char_indices"": [1, 2], ""operation_count"": 2}]",0.0,6,F = q(E + v x B),0.0,0.0,0.0,,1.036501037000562,,14,10,4,0.125,0.125,12.489541,11.63417
