example_id,severity,layer,cosine_similarity,cosine_distance,example_score_drop
56beb3a03aeaaa14008c9248,1,0,0.7675249576568604,0.23247504234313965,0.0
56beb3a03aeaaa14008c9248,1,1,0.8884252309799194,0.11157476902008057,0.0
56beb3a03aeaaa14008c9248,1,2,0.863930344581604,0.136069655418396,0.0
56beb3a03aeaaa14008c9248,1,3,0.9010350704193115,0.09896492958068848,0.0
56beb3a03aeaaa14008c9248,1,4,0.8843816518783569,0.11561834812164307,0.0
56beb3a03aeaaa14008c9248,1,5,0.8708184361457825,0.12918156385421753,0.0
56beb3a03aeaaa14008c9248,1,6,0.8617051839828491,0.13829481601715088,0.0
56beb3a03aeaaa14008c9248,1,7,0.8616583943367004,0.13834160566329956,0.0
56beb3a03aeaaa14008c9248,1,8,0.861502468585968,0.13849753141403198,0.0
56beb3a03aeaaa14008c9248,1,9,0.8810054063796997,0.11899459362030029,0.0
56beb3a03aeaaa14008c9248,1,10,0.8847360610961914,0.1152639389038086,0.0
56beb3a03aeaaa14008c9248,1,11,0.8954998850822449,0.10450011491775513,0.0
56beb3a03aeaaa14008c9248,1,12,0.8807434439659119,0.11925655603408813,0.0
56beb3a03aeaaa14008c9248,1,13,0.8843222856521606,0.11567771434783936,0.0
56beb3a03aeaaa14008c9248,1,14,0.8939923048019409,0.10600769519805908,0.0
56beb3a03aeaaa14008c9248,1,15,0.9158740043640137,0.08412599563598633,0.0
56beb3a03aeaaa14008c9248,1,16,0.9309577345848083,0.06904226541519165,0.0
56beb3a03aeaaa14008c9248,1,17,0.935167133808136,0.06483286619186401,0.0
56beb3a03aeaaa14008c9248,1,18,0.9362947940826416,0.0637052059173584,0.0
56beb3a03aeaaa14008c9248,1,19,0.9340527653694153,0.06594723463058472,0.0
56beb3a03aeaaa14008c9248,1,20,0.9401930570602417,0.0598069429397583,0.0
56beb3a03aeaaa14008c9248,1,21,0.9456019401550293,0.0543980598449707,0.0
56beb3a03aeaaa14008c9248,1,22,0.947163999080658,0.05283600091934204,0.0
56beb3a03aeaaa14008c9248,1,23,0.9472166299819946,0.05278337001800537,0.0
56beb3a03aeaaa14008c9248,1,24,0.9463576078414917,0.0536423921585083,0.0
56beb3a03aeaaa14008c9248,1,25,0.9404606819152832,0.0595393180847168,0.0
56beb3a03aeaaa14008c9248,1,26,0.9258240461349487,0.07417595386505127,0.0
56beb3a03aeaaa14008c9248,1,27,0.9176981449127197,0.08230185508728027,0.0
56beb3a03aeaaa14008c9248,1,28,0.8790832161903381,0.12091678380966187,0.0
56beb3a03aeaaa14008c9248,2,0,0.6229407787322998,0.3770592212677002,0.0
56beb3a03aeaaa14008c9248,2,1,0.8238248825073242,0.17617511749267578,0.0
56beb3a03aeaaa14008c9248,2,2,0.7714640498161316,0.2285359501838684,0.0
56beb3a03aeaaa14008c9248,2,3,0.8260608315467834,0.17393916845321655,0.0
56beb3a03aeaaa14008c9248,2,4,0.802178680896759,0.19782131910324097,0.0
56beb3a03aeaaa14008c9248,2,5,0.7801356911659241,0.21986430883407593,0.0
56beb3a03aeaaa14008c9248,2,6,0.7727038860321045,0.2272961139678955,0.0
56beb3a03aeaaa14008c9248,2,7,0.7526668906211853,0.2473331093788147,0.0
56beb3a03aeaaa14008c9248,2,8,0.7424538135528564,0.25754618644714355,0.0
56beb3a03aeaaa14008c9248,2,9,0.7705382108688354,0.22946178913116455,0.0
56beb3a03aeaaa14008c9248,2,10,0.7644717693328857,0.23552823066711426,0.0
56beb3a03aeaaa14008c9248,2,11,0.7694743275642395,0.2305256724357605,0.0
56beb3a03aeaaa14008c9248,2,12,0.7553650736808777,0.24463492631912231,0.0
56beb3a03aeaaa14008c9248,2,13,0.757339358329773,0.24266064167022705,0.0
56beb3a03aeaaa14008c9248,2,14,0.7801958918571472,0.21980410814285278,0.0
56beb3a03aeaaa14008c9248,2,15,0.8142237067222595,0.18577629327774048,0.0
56beb3a03aeaaa14008c9248,2,16,0.8519260883331299,0.14807391166687012,0.0
56beb3a03aeaaa14008c9248,2,17,0.8652051687240601,0.13479483127593994,0.0
56beb3a03aeaaa14008c9248,2,18,0.8655006289482117,0.13449937105178833,0.0
56beb3a03aeaaa14008c9248,2,19,0.8675420880317688,0.1324579119682312,0.0
56beb3a03aeaaa14008c9248,2,20,0.8795884251594543,0.12041157484054565,0.0
56beb3a03aeaaa14008c9248,2,21,0.8929676413536072,0.10703235864639282,0.0
56beb3a03aeaaa14008c9248,2,22,0.8968801498413086,0.1031198501586914,0.0
56beb3a03aeaaa14008c9248,2,23,0.9009288549423218,0.09907114505767822,0.0
56beb3a03aeaaa14008c9248,2,24,0.9006879925727844,0.09931200742721558,0.0
56beb3a03aeaaa14008c9248,2,25,0.8925351500511169,0.10746484994888306,0.0
56beb3a03aeaaa14008c9248,2,26,0.8723334670066833,0.12766653299331665,0.0
56beb3a03aeaaa14008c9248,2,27,0.8560543656349182,0.1439456343650818,0.0
56beb3a03aeaaa14008c9248,2,28,0.7934355139732361,0.20656448602676392,0.0
56beb3a03aeaaa14008c9248,3,0,0.5094130635261536,0.49058693647384644,0.0
56beb3a03aeaaa14008c9248,3,1,0.7733412384986877,0.22665876150131226,0.0
56beb3a03aeaaa14008c9248,3,2,0.7126250267028809,0.28737497329711914,0.0
56beb3a03aeaaa14008c9248,3,3,0.7789825797080994,0.22101742029190063,0.0
56beb3a03aeaaa14008c9248,3,4,0.7445053458213806,0.2554946541786194,0.0
56beb3a03aeaaa14008c9248,3,5,0.7066608667373657,0.2933391332626343,0.0
56beb3a03aeaaa14008c9248,3,6,0.6994847655296326,0.30051523447036743,0.0
56beb3a03aeaaa14008c9248,3,7,0.6818703413009644,0.31812965869903564,0.0
56beb3a03aeaaa14008c9248,3,8,0.6777819991111755,0.32221800088882446,0.0
56beb3a03aeaaa14008c9248,3,9,0.7123220562934875,0.28767794370651245,0.0
56beb3a03aeaaa14008c9248,3,10,0.7109429240226746,0.28905707597732544,0.0
56beb3a03aeaaa14008c9248,3,11,0.718203067779541,0.281796932220459,0.0
56beb3a03aeaaa14008c9248,3,12,0.7052110433578491,0.2947889566421509,0.0
56beb3a03aeaaa14008c9248,3,13,0.7048283219337463,0.29517167806625366,0.0
56beb3a03aeaaa14008c9248,3,14,0.7257071137428284,0.27429288625717163,0.0
56beb3a03aeaaa14008c9248,3,15,0.7639121413230896,0.2360878586769104,0.0
56beb3a03aeaaa14008c9248,3,16,0.8047338724136353,0.19526612758636475,0.0
56beb3a03aeaaa14008c9248,3,17,0.8204931616783142,0.1795068383216858,0.0
56beb3a03aeaaa14008c9248,3,18,0.819121241569519,0.18087875843048096,0.0
56beb3a03aeaaa14008c9248,3,19,0.821168065071106,0.17883193492889404,0.0
56beb3a03aeaaa14008c9248,3,20,0.8377221822738647,0.16227781772613525,0.0
56beb3a03aeaaa14008c9248,3,21,0.8541560173034668,0.1458439826965332,0.0
56beb3a03aeaaa14008c9248,3,22,0.8582502603530884,0.14174973964691162,0.0
56beb3a03aeaaa14008c9248,3,23,0.8654061555862427,0.13459384441375732,0.0
56beb3a03aeaaa14008c9248,3,24,0.8667992949485779,0.13320070505142212,0.0
56beb3a03aeaaa14008c9248,3,25,0.8571298718452454,0.14287012815475464,0.0
56beb3a03aeaaa14008c9248,3,26,0.833432137966156,0.166567862033844,0.0
56beb3a03aeaaa14008c9248,3,27,0.8167285323143005,0.18327146768569946,0.0
56beb3a03aeaaa14008c9248,3,28,0.7351829409599304,0.2648170590400696,0.0
56beb7953aeaaa14008c92ad,1,0,0.7758054733276367,0.22419452667236328,1.0
56beb7953aeaaa14008c92ad,1,1,0.8771646022796631,0.12283539772033691,1.0
56beb7953aeaaa14008c92ad,1,2,0.8726431727409363,0.12735682725906372,1.0
56beb7953aeaaa14008c92ad,1,3,0.897113561630249,0.10288643836975098,1.0
56beb7953aeaaa14008c92ad,1,4,0.8907891511917114,0.10921084880828857,1.0
56beb7953aeaaa14008c92ad,1,5,0.8877076506614685,0.1122923493385315,1.0
56beb7953aeaaa14008c92ad,1,6,0.8829171657562256,0.11708283424377441,1.0
56beb7953aeaaa14008c92ad,1,7,0.8969266414642334,0.1030733585357666,1.0
56beb7953aeaaa14008c92ad,1,8,0.8916417956352234,0.10835820436477661,1.0
56beb7953aeaaa14008c92ad,1,9,0.8976238965988159,0.10237610340118408,1.0
56beb7953aeaaa14008c92ad,1,10,0.9026269316673279,0.09737306833267212,1.0
56beb7953aeaaa14008c92ad,1,11,0.910513162612915,0.08948683738708496,1.0
56beb7953aeaaa14008c92ad,1,12,0.9166136384010315,0.0833863615989685,1.0
56beb7953aeaaa14008c92ad,1,13,0.9261321425437927,0.07386785745620728,1.0
56beb7953aeaaa14008c92ad,1,14,0.9378151893615723,0.062184810638427734,1.0
56beb7953aeaaa14008c92ad,1,15,0.943947970867157,0.05605202913284302,1.0
56beb7953aeaaa14008c92ad,1,16,0.9450228810310364,0.05497711896896362,1.0
56beb7953aeaaa14008c92ad,1,17,0.9509785771369934,0.04902142286300659,1.0
56beb7953aeaaa14008c92ad,1,18,0.9518425464630127,0.048157453536987305,1.0
56beb7953aeaaa14008c92ad,1,19,0.9508769512176514,0.04912304878234863,1.0
56beb7953aeaaa14008c92ad,1,20,0.9514464735984802,0.048553526401519775,1.0
56beb7953aeaaa14008c92ad,1,21,0.9491454362869263,0.05085456371307373,1.0
56beb7953aeaaa14008c92ad,1,22,0.9497260451316833,0.05027395486831665,1.0
56beb7953aeaaa14008c92ad,1,23,0.9502148032188416,0.04978519678115845,1.0
56beb7953aeaaa14008c92ad,1,24,0.9523679614067078,0.047632038593292236,1.0
56beb7953aeaaa14008c92ad,1,25,0.9510020017623901,0.04899799823760986,1.0
56beb7953aeaaa14008c92ad,1,26,0.9496890306472778,0.05031096935272217,1.0
56beb7953aeaaa14008c92ad,1,27,0.9503528475761414,0.04964715242385864,1.0
56beb7953aeaaa14008c92ad,1,28,0.9534093737602234,0.04659062623977661,1.0
56beb7953aeaaa14008c92ad,2,0,0.49202707409858704,0.5079729557037354,1.0
56beb7953aeaaa14008c92ad,2,1,0.7698830366134644,0.23011696338653564,1.0
56beb7953aeaaa14008c92ad,2,2,0.7376395463943481,0.26236045360565186,1.0
56beb7953aeaaa14008c92ad,2,3,0.7797661423683167,0.22023385763168335,1.0
56beb7953aeaaa14008c92ad,2,4,0.7611645460128784,0.23883545398712158,1.0
56beb7953aeaaa14008c92ad,2,5,0.7387911081314087,0.2612088918685913,1.0
56beb7953aeaaa14008c92ad,2,6,0.7205720543861389,0.2794279456138611,1.0
56beb7953aeaaa14008c92ad,2,7,0.7169843316078186,0.2830156683921814,1.0
56beb7953aeaaa14008c92ad,2,8,0.6981152296066284,0.3018847703933716,1.0
56beb7953aeaaa14008c92ad,2,9,0.7401612997055054,0.25983870029449463,1.0
56beb7953aeaaa14008c92ad,2,10,0.7555427551269531,0.24445724487304688,1.0
56beb7953aeaaa14008c92ad,2,11,0.747687041759491,0.25231295824050903,1.0
56beb7953aeaaa14008c92ad,2,12,0.7454730272293091,0.2545269727706909,1.0
56beb7953aeaaa14008c92ad,2,13,0.7741348743438721,0.22586512565612793,1.0
56beb7953aeaaa14008c92ad,2,14,0.8089942932128906,0.19100570678710938,1.0
56beb7953aeaaa14008c92ad,2,15,0.8425245881080627,0.15747541189193726,1.0
56beb7953aeaaa14008c92ad,2,16,0.867544412612915,0.13245558738708496,1.0
56beb7953aeaaa14008c92ad,2,17,0.8839648962020874,0.1160351037979126,1.0
56beb7953aeaaa14008c92ad,2,18,0.8874787092208862,0.11252129077911377,1.0
56beb7953aeaaa14008c92ad,2,19,0.8862416744232178,0.11375832557678223,1.0
56beb7953aeaaa14008c92ad,2,20,0.8901707530021667,0.10982924699783325,1.0
56beb7953aeaaa14008c92ad,2,21,0.8903884291648865,0.10961157083511353,1.0
56beb7953aeaaa14008c92ad,2,22,0.889594554901123,0.11040544509887695,1.0
56beb7953aeaaa14008c92ad,2,23,0.8905564546585083,0.1094435453414917,1.0
56beb7953aeaaa14008c92ad,2,24,0.8956587314605713,0.10434126853942871,1.0
56beb7953aeaaa14008c92ad,2,25,0.8897485136985779,0.11025148630142212,1.0
56beb7953aeaaa14008c92ad,2,26,0.8810966610908508,0.11890333890914917,1.0
56beb7953aeaaa14008c92ad,2,27,0.8852763175964355,0.11472368240356445,1.0
56beb7953aeaaa14008c92ad,2,28,0.8729718327522278,0.12702816724777222,1.0
56beb7953aeaaa14008c92ad,3,0,0.40012943744659424,0.5998705625534058,1.0
56beb7953aeaaa14008c92ad,3,1,0.7162644863128662,0.2837355136871338,1.0
56beb7953aeaaa14008c92ad,3,2,0.6607117056846619,0.33928829431533813,1.0
56beb7953aeaaa14008c92ad,3,3,0.7091370820999146,0.29086291790008545,1.0
56beb7953aeaaa14008c92ad,3,4,0.6806390285491943,0.31936097145080566,1.0
56beb7953aeaaa14008c92ad,3,5,0.6432338356971741,0.3567661643028259,1.0
56beb7953aeaaa14008c92ad,3,6,0.6290591955184937,0.37094080448150635,1.0
56beb7953aeaaa14008c92ad,3,7,0.6141788363456726,0.3858211636543274,1.0
56beb7953aeaaa14008c92ad,3,8,0.6027645468711853,0.3972354531288147,1.0
56beb7953aeaaa14008c92ad,3,9,0.6415941119194031,0.3584058880805969,1.0
56beb7953aeaaa14008c92ad,3,10,0.6422026753425598,0.3577973246574402,1.0
56beb7953aeaaa14008c92ad,3,11,0.626880943775177,0.373119056224823,1.0
56beb7953aeaaa14008c92ad,3,12,0.6438872218132019,0.3561127781867981,1.0
56beb7953aeaaa14008c92ad,3,13,0.6720157265663147,0.3279842734336853,1.0
56beb7953aeaaa14008c92ad,3,14,0.7038045525550842,0.29619544744491577,1.0
56beb7953aeaaa14008c92ad,3,15,0.7536153793334961,0.2463846206665039,1.0
56beb7953aeaaa14008c92ad,3,16,0.7927314043045044,0.2072685956954956,1.0
56beb7953aeaaa14008c92ad,3,17,0.8131915926933289,0.18680840730667114,1.0
56beb7953aeaaa14008c92ad,3,18,0.8136029839515686,0.1863970160484314,1.0
56beb7953aeaaa14008c92ad,3,19,0.8073691725730896,0.1926308274269104,1.0
56beb7953aeaaa14008c92ad,3,20,0.8159898519515991,0.18401014804840088,1.0
56beb7953aeaaa14008c92ad,3,21,0.8237579464912415,0.17624205350875854,1.0
56beb7953aeaaa14008c92ad,3,22,0.8229662179946899,0.17703378200531006,1.0
56beb7953aeaaa14008c92ad,3,23,0.8290610909461975,0.1709389090538025,1.0
56beb7953aeaaa14008c92ad,3,24,0.8364958167076111,0.16350418329238892,1.0
56beb7953aeaaa14008c92ad,3,25,0.8267378211021423,0.17326217889785767,1.0
56beb7953aeaaa14008c92ad,3,26,0.8121623396873474,0.1878376603126526,1.0
56beb7953aeaaa14008c92ad,3,27,0.8187187314033508,0.18128126859664917,1.0
56beb7953aeaaa14008c92ad,3,28,0.7726266980171204,0.22737330198287964,1.0
56bf1ae93aeaaa14008c951b,1,0,0.8691459894180298,0.13085401058197021,0.0
56bf1ae93aeaaa14008c951b,1,1,0.9521098732948303,0.04789012670516968,0.0
56bf1ae93aeaaa14008c951b,1,2,0.9465856552124023,0.053414344787597656,0.0
56bf1ae93aeaaa14008c951b,1,3,0.9639595150947571,0.03604048490524292,0.0
56bf1ae93aeaaa14008c951b,1,4,0.9612743854522705,0.03872561454772949,0.0
56bf1ae93aeaaa14008c951b,1,5,0.9583658576011658,0.04163414239883423,0.0
56bf1ae93aeaaa14008c951b,1,6,0.958648681640625,0.041351318359375,0.0
56bf1ae93aeaaa14008c951b,1,7,0.9603750109672546,0.03962498903274536,0.0
56bf1ae93aeaaa14008c951b,1,8,0.9593971371650696,0.04060286283493042,0.0
56bf1ae93aeaaa14008c951b,1,9,0.9566528797149658,0.04334712028503418,0.0
56bf1ae93aeaaa14008c951b,1,10,0.9573619961738586,0.04263800382614136,0.0
56bf1ae93aeaaa14008c951b,1,11,0.9595709443092346,0.04042905569076538,0.0
56bf1ae93aeaaa14008c951b,1,12,0.9634218811988831,0.03657811880111694,0.0
56bf1ae93aeaaa14008c951b,1,13,0.9653260707855225,0.03467392921447754,0.0
56bf1ae93aeaaa14008c951b,1,14,0.9705713391304016,0.02942866086959839,0.0
56bf1ae93aeaaa14008c951b,1,15,0.9730798006057739,0.026920199394226074,0.0
56bf1ae93aeaaa14008c951b,1,16,0.9778544902801514,0.022145509719848633,0.0
56bf1ae93aeaaa14008c951b,1,17,0.9787927865982056,0.021207213401794434,0.0
56bf1ae93aeaaa14008c951b,1,18,0.9783528447151184,0.021647155284881592,0.0
56bf1ae93aeaaa14008c951b,1,19,0.9774974584579468,0.022502541542053223,0.0
56bf1ae93aeaaa14008c951b,1,20,0.9783027768135071,0.02169722318649292,0.0
56bf1ae93aeaaa14008c951b,1,21,0.9810596704483032,0.018940329551696777,0.0
56bf1ae93aeaaa14008c951b,1,22,0.9811911582946777,0.018808841705322266,0.0
56bf1ae93aeaaa14008c951b,1,23,0.9809162020683289,0.019083797931671143,0.0
56bf1ae93aeaaa14008c951b,1,24,0.9821356534957886,0.017864346504211426,0.0
56bf1ae93aeaaa14008c951b,1,25,0.9805921316146851,0.01940786838531494,0.0
56bf1ae93aeaaa14008c951b,1,26,0.9766729474067688,0.0233270525932312,0.0
56bf1ae93aeaaa14008c951b,1,27,0.9758140444755554,0.02418595552444458,0.0
56bf1ae93aeaaa14008c951b,1,28,0.9725791811943054,0.02742081880569458,0.0
56bf1ae93aeaaa14008c951b,2,0,0.6395435929298401,0.3604564070701599,0.0
56bf1ae93aeaaa14008c951b,2,1,0.8674184679985046,0.13258153200149536,0.0
56bf1ae93aeaaa14008c951b,2,2,0.8338772058486938,0.16612279415130615,0.0
56bf1ae93aeaaa14008c951b,2,3,0.8628283143043518,0.1371716856956482,0.0
56bf1ae93aeaaa14008c951b,2,4,0.8478045463562012,0.15219545364379883,0.0
56bf1ae93aeaaa14008c951b,2,5,0.8138075470924377,0.18619245290756226,0.0
56bf1ae93aeaaa14008c951b,2,6,0.8073539137840271,0.1926460862159729,0.0
56bf1ae93aeaaa14008c951b,2,7,0.8254022002220154,0.17459779977798462,0.0
56bf1ae93aeaaa14008c951b,2,8,0.8230704069137573,0.17692959308624268,0.0
56bf1ae93aeaaa14008c951b,2,9,0.8409067988395691,0.1590932011604309,0.0
56bf1ae93aeaaa14008c951b,2,10,0.844723105430603,0.15527689456939697,0.0
56bf1ae93aeaaa14008c951b,2,11,0.8516403436660767,0.14835965633392334,0.0
56bf1ae93aeaaa14008c951b,2,12,0.8691225647926331,0.13087743520736694,0.0
56bf1ae93aeaaa14008c951b,2,13,0.8812154531478882,0.11878454685211182,0.0
56bf1ae93aeaaa14008c951b,2,14,0.8870395421981812,0.11296045780181885,0.0
56bf1ae93aeaaa14008c951b,2,15,0.8989877104759216,0.10101228952407837,0.0
56bf1ae93aeaaa14008c951b,2,16,0.9106050729751587,0.08939492702484131,0.0
56bf1ae93aeaaa14008c951b,2,17,0.9158716201782227,0.08412837982177734,0.0
56bf1ae93aeaaa14008c951b,2,18,0.9140251278877258,0.08597487211227417,0.0
56bf1ae93aeaaa14008c951b,2,19,0.9175671339035034,0.08243286609649658,0.0
56bf1ae93aeaaa14008c951b,2,20,0.9276386499404907,0.07236135005950928,0.0
56bf1ae93aeaaa14008c951b,2,21,0.9360094666481018,0.0639905333518982,0.0
56bf1ae93aeaaa14008c951b,2,22,0.9331133365631104,0.06688666343688965,0.0
56bf1ae93aeaaa14008c951b,2,23,0.9372982978820801,0.06270170211791992,0.0
56bf1ae93aeaaa14008c951b,2,24,0.9376973509788513,0.06230264902114868,0.0
56bf1ae93aeaaa14008c951b,2,25,0.9271640777587891,0.07283592224121094,0.0
56bf1ae93aeaaa14008c951b,2,26,0.9138638377189636,0.08613616228103638,0.0
56bf1ae93aeaaa14008c951b,2,27,0.9080285429954529,0.09197145700454712,0.0
56bf1ae93aeaaa14008c951b,2,28,0.8742578625679016,0.1257421374320984,0.0
56bf1ae93aeaaa14008c951b,3,0,0.5491744875907898,0.4508255124092102,0.0
56bf1ae93aeaaa14008c951b,3,1,0.8045356273651123,0.1954643726348877,0.0
56bf1ae93aeaaa14008c951b,3,2,0.7341609597206116,0.2658390402793884,0.0
56bf1ae93aeaaa14008c951b,3,3,0.7784048318862915,0.2215951681137085,0.0
56bf1ae93aeaaa14008c951b,3,4,0.7638319134712219,0.23616808652877808,0.0
56bf1ae93aeaaa14008c951b,3,5,0.7184287309646606,0.28157126903533936,0.0
56bf1ae93aeaaa14008c951b,3,6,0.718610942363739,0.281389057636261,0.0
56bf1ae93aeaaa14008c951b,3,7,0.7304157018661499,0.2695842981338501,0.0
56bf1ae93aeaaa14008c951b,3,8,0.7187576293945312,0.28124237060546875,0.0
56bf1ae93aeaaa14008c951b,3,9,0.7432725429534912,0.2567274570465088,0.0
56bf1ae93aeaaa14008c951b,3,10,0.7450430393218994,0.2549569606781006,0.0
56bf1ae93aeaaa14008c951b,3,11,0.7498805522918701,0.2501194477081299,0.0
56bf1ae93aeaaa14008c951b,3,12,0.7712233066558838,0.2287766933441162,0.0
56bf1ae93aeaaa14008c951b,3,13,0.7964606285095215,0.20353937149047852,0.0
56bf1ae93aeaaa14008c951b,3,14,0.8121910691261292,0.18780893087387085,0.0
56bf1ae93aeaaa14008c951b,3,15,0.8343876004219055,0.16561239957809448,0.0
56bf1ae93aeaaa14008c951b,3,16,0.8589072823524475,0.1410927176475525,0.0
56bf1ae93aeaaa14008c951b,3,17,0.8696245551109314,0.1303754448890686,0.0
56bf1ae93aeaaa14008c951b,3,18,0.8609640002250671,0.13903599977493286,0.0
56bf1ae93aeaaa14008c951b,3,19,0.8671489953994751,0.1328510046005249,0.0
56bf1ae93aeaaa14008c951b,3,20,0.8838297128677368,0.11617028713226318,0.0
56bf1ae93aeaaa14008c951b,3,21,0.8978772163391113,0.10212278366088867,0.0
56bf1ae93aeaaa14008c951b,3,22,0.8939118981361389,0.10608810186386108,0.0
56bf1ae93aeaaa14008c951b,3,23,0.9006822109222412,0.09931778907775879,0.0
56bf1ae93aeaaa14008c951b,3,24,0.9010539054870605,0.09894609451293945,0.0
56bf1ae93aeaaa14008c951b,3,25,0.8898925185203552,0.11010748147964478,0.0
56bf1ae93aeaaa14008c951b,3,26,0.8708823919296265,0.12911760807037354,0.0
56bf1ae93aeaaa14008c951b,3,27,0.8630964159965515,0.1369035840034485,0.0
56bf1ae93aeaaa14008c951b,3,28,0.8106396198272705,0.1893603801727295,0.0
56d70d240d65d21400198327,1,0,0.8616580367088318,0.1383419632911682,0.0
56d70d240d65d21400198327,1,1,0.9516615867614746,0.04833841323852539,0.0
56d70d240d65d21400198327,1,2,0.9337601065635681,0.06623989343643188,0.0
56d70d240d65d21400198327,1,3,0.9388465285301208,0.06115347146987915,0.0
56d70d240d65d21400198327,1,4,0.912397563457489,0.08760243654251099,0.0
56d70d240d65d21400198327,1,5,0.9054778814315796,0.09452211856842041,0.0
56d70d240d65d21400198327,1,6,0.9096519351005554,0.09034806489944458,0.0
56d70d240d65d21400198327,1,7,0.900826096534729,0.099173903465271,0.0
56d70d240d65d21400198327,1,8,0.8975571393966675,0.10244286060333252,0.0
56d70d240d65d21400198327,1,9,0.8958731889724731,0.10412681102752686,0.0
56d70d240d65d21400198327,1,10,0.8984577059745789,0.10154229402542114,0.0
56d70d240d65d21400198327,1,11,0.9036598801612854,0.0963401198387146,0.0
56d70d240d65d21400198327,1,12,0.9122841954231262,0.08771580457687378,0.0
56d70d240d65d21400198327,1,13,0.9176077246665955,0.08239227533340454,0.0
56d70d240d65d21400198327,1,14,0.9245895147323608,0.07541048526763916,0.0
56d70d240d65d21400198327,1,15,0.9296244382858276,0.07037556171417236,0.0
56d70d240d65d21400198327,1,16,0.9372367858886719,0.06276321411132812,0.0
56d70d240d65d21400198327,1,17,0.9398884773254395,0.06011152267456055,0.0
56d70d240d65d21400198327,1,18,0.9433717727661133,0.05662822723388672,0.0
56d70d240d65d21400198327,1,19,0.944503128528595,0.05549687147140503,0.0
56d70d240d65d21400198327,1,20,0.9485262036323547,0.051473796367645264,0.0
56d70d240d65d21400198327,1,21,0.9515101313591003,0.04848986864089966,0.0
56d70d240d65d21400198327,1,22,0.9561643600463867,0.04383563995361328,0.0
56d70d240d65d21400198327,1,23,0.957818329334259,0.04218167066574097,0.0
56d70d240d65d21400198327,1,24,0.9602511525154114,0.03974884748458862,0.0
56d70d240d65d21400198327,1,25,0.9592883586883545,0.04071164131164551,0.0
56d70d240d65d21400198327,1,26,0.95769864320755,0.04230135679244995,0.0
56d70d240d65d21400198327,1,27,0.9531939625740051,0.04680603742599487,0.0
56d70d240d65d21400198327,1,28,0.9420913457870483,0.05790865421295166,0.0
56d70d240d65d21400198327,2,0,0.7548157572746277,0.24518424272537231,0.0
56d70d240d65d21400198327,2,1,0.8995944261550903,0.10040557384490967,0.0
56d70d240d65d21400198327,2,2,0.8656052947044373,0.13439470529556274,0.0
56d70d240d65d21400198327,2,3,0.8833336234092712,0.11666637659072876,0.0
56d70d240d65d21400198327,2,4,0.8628798723220825,0.13712012767791748,0.0
56d70d240d65d21400198327,2,5,0.8500052690505981,0.14999473094940186,0.0
56d70d240d65d21400198327,2,6,0.8577523827552795,0.14224761724472046,0.0
56d70d240d65d21400198327,2,7,0.8405030369758606,0.1594969630241394,0.0
56d70d240d65d21400198327,2,8,0.8349239826202393,0.16507601737976074,0.0
56d70d240d65d21400198327,2,9,0.8213388323783875,0.17866116762161255,0.0
56d70d240d65d21400198327,2,10,0.8271579146385193,0.1728420853614807,0.0
56d70d240d65d21400198327,2,11,0.8366088271141052,0.16339117288589478,0.0
56d70d240d65d21400198327,2,12,0.8533165454864502,0.1466834545135498,0.0
56d70d240d65d21400198327,2,13,0.8661959767341614,0.13380402326583862,0.0
56d70d240d65d21400198327,2,14,0.8776323795318604,0.12236762046813965,0.0
56d70d240d65d21400198327,2,15,0.8900115489959717,0.10998845100402832,0.0
56d70d240d65d21400198327,2,16,0.9030028581619263,0.09699714183807373,0.0
56d70d240d65d21400198327,2,17,0.9078518748283386,0.09214812517166138,0.0
56d70d240d65d21400198327,2,18,0.9123935699462891,0.08760643005371094,0.0
56d70d240d65d21400198327,2,19,0.9116669297218323,0.08833307027816772,0.0
56d70d240d65d21400198327,2,20,0.9187449812889099,0.08125501871109009,0.0
56d70d240d65d21400198327,2,21,0.925363302230835,0.07463669776916504,0.0
56d70d240d65d21400198327,2,22,0.9311370253562927,0.06886297464370728,0.0
56d70d240d65d21400198327,2,23,0.9339794516563416,0.06602054834365845,0.0
56d70d240d65d21400198327,2,24,0.9383091926574707,0.0616908073425293,0.0
56d70d240d65d21400198327,2,25,0.9374974966049194,0.06250250339508057,0.0
56d70d240d65d21400198327,2,26,0.9360631704330444,0.06393682956695557,0.0
56d70d240d65d21400198327,2,27,0.9326061010360718,0.06739389896392822,0.0
56d70d240d65d21400198327,2,28,0.9111910462379456,0.08880895376205444,0.0
56d70d240d65d21400198327,3,0,0.6301128268241882,0.36988717317581177,0.5
56d70d240d65d21400198327,3,1,0.8520676493644714,0.14793235063552856,0.5
56d70d240d65d21400198327,3,2,0.8039268851280212,0.19607311487197876,0.5
56d70d240d65d21400198327,3,3,0.8214548826217651,0.17854511737823486,0.5
56d70d240d65d21400198327,3,4,0.7876064777374268,0.21239352226257324,0.5
56d70d240d65d21400198327,3,5,0.7676324844360352,0.23236751556396484,0.5
56d70d240d65d21400198327,3,6,0.7717911601066589,0.22820883989334106,0.5
56d70d240d65d21400198327,3,7,0.7419790625572205,0.25802093744277954,0.5
56d70d240d65d21400198327,3,8,0.7303043007850647,0.2696956992149353,0.5
56d70d240d65d21400198327,3,9,0.7190874814987183,0.28091251850128174,0.5
56d70d240d65d21400198327,3,10,0.7229264974594116,0.2770735025405884,0.5
56d70d240d65d21400198327,3,11,0.7235010266304016,0.2764989733695984,0.5
56d70d240d65d21400198327,3,12,0.7471910715103149,0.25280892848968506,0.5
56d70d240d65d21400198327,3,13,0.7612666487693787,0.23873335123062134,0.5
56d70d240d65d21400198327,3,14,0.7783944606781006,0.22160553932189941,0.5
56d70d240d65d21400198327,3,15,0.8057488799095154,0.19425112009048462,0.5
56d70d240d65d21400198327,3,16,0.8373748064041138,0.16262519359588623,0.5
56d70d240d65d21400198327,3,17,0.8509791493415833,0.14902085065841675,0.5
56d70d240d65d21400198327,3,18,0.8604514002799988,0.13954859972000122,0.5
56d70d240d65d21400198327,3,19,0.8633813261985779,0.13661867380142212,0.5
56d70d240d65d21400198327,3,20,0.8745529055595398,0.1254470944404602,0.5
56d70d240d65d21400198327,3,21,0.8837297558784485,0.11627024412155151,0.5
56d70d240d65d21400198327,3,22,0.8915754556655884,0.10842454433441162,0.5
56d70d240d65d21400198327,3,23,0.8984537124633789,0.1015462875366211,0.5
56d70d240d65d21400198327,3,24,0.9030104875564575,0.09698951244354248,0.5
56d70d240d65d21400198327,3,25,0.9017030000686646,0.09829699993133545,0.5
56d70d240d65d21400198327,3,26,0.8945019841194153,0.10549801588058472,0.5
56d70d240d65d21400198327,3,27,0.8898377418518066,0.11016225814819336,0.5
56d70d240d65d21400198327,3,28,0.8460533618927002,0.1539466381072998,0.5
56d721af0d65d2140019839e,1,0,0.8359240889549255,0.16407591104507446,0.0
56d721af0d65d2140019839e,1,1,0.9231796264648438,0.07682037353515625,0.0
56d721af0d65d2140019839e,1,2,0.9076801538467407,0.09231984615325928,0.0
56d721af0d65d2140019839e,1,3,0.9231380224227905,0.07686197757720947,0.0
56d721af0d65d2140019839e,1,4,0.9283183217048645,0.0716816782951355,0.0
56d721af0d65d2140019839e,1,5,0.9176403880119324,0.08235961198806763,0.0
56d721af0d65d2140019839e,1,6,0.9149694442749023,0.08503055572509766,0.0
56d721af0d65d2140019839e,1,7,0.9148621559143066,0.08513784408569336,0.0
56d721af0d65d2140019839e,1,8,0.9119789004325867,0.08802109956741333,0.0
56d721af0d65d2140019839e,1,9,0.9156875014305115,0.08431249856948853,0.0
56d721af0d65d2140019839e,1,10,0.9078623056411743,0.09213769435882568,0.0
56d721af0d65d2140019839e,1,11,0.9093696475028992,0.09063035249710083,0.0
56d721af0d65d2140019839e,1,12,0.9056794047355652,0.09432059526443481,0.0
56d721af0d65d2140019839e,1,13,0.9144150018692017,0.08558499813079834,0.0
56d721af0d65d2140019839e,1,14,0.9267796277999878,0.07322037220001221,0.0
56d721af0d65d2140019839e,1,15,0.9408717751502991,0.05912822484970093,0.0
56d721af0d65d2140019839e,1,16,0.9524271488189697,0.04757285118103027,0.0
56d721af0d65d2140019839e,1,17,0.9551867842674255,0.04481321573257446,0.0
56d721af0d65d2140019839e,1,18,0.9543143510818481,0.045685648918151855,0.0
56d721af0d65d2140019839e,1,19,0.9520729184150696,0.04792708158493042,0.0
56d721af0d65d2140019839e,1,20,0.9588596224784851,0.04114037752151489,0.0
56d721af0d65d2140019839e,1,21,0.961513876914978,0.03848612308502197,0.0
56d721af0d65d2140019839e,1,22,0.9637576937675476,0.03624230623245239,0.0
56d721af0d65d2140019839e,1,23,0.9668088555335999,0.033191144466400146,0.0
56d721af0d65d2140019839e,1,24,0.9678519368171692,0.03214806318283081,0.0
56d721af0d65d2140019839e,1,25,0.9682636857032776,0.03173631429672241,0.0
56d721af0d65d2140019839e,1,26,0.9593297839164734,0.04067021608352661,0.0
56d721af0d65d2140019839e,1,27,0.9555060863494873,0.044493913650512695,0.0
56d721af0d65d2140019839e,1,28,0.9368337988853455,0.06316620111465454,0.0
56d721af0d65d2140019839e,2,0,0.6996748447418213,0.3003251552581787,0.0
56d721af0d65d2140019839e,2,1,0.8814312815666199,0.11856871843338013,0.0
56d721af0d65d2140019839e,2,2,0.8612177968025208,0.13878220319747925,0.0
56d721af0d65d2140019839e,2,3,0.8820468187332153,0.11795318126678467,0.0
56d721af0d65d2140019839e,2,4,0.8890914916992188,0.11090850830078125,0.0
56d721af0d65d2140019839e,2,5,0.868927538394928,0.13107246160507202,0.0
56d721af0d65d2140019839e,2,6,0.8625008463859558,0.1374991536140442,0.0
56d721af0d65d2140019839e,2,7,0.8577614426612854,0.1422385573387146,0.0
56d721af0d65d2140019839e,2,8,0.8470856547355652,0.15291434526443481,0.0
56d721af0d65d2140019839e,2,9,0.8522511124610901,0.1477488875389099,0.0
56d721af0d65d2140019839e,2,10,0.8403734564781189,0.1596265435218811,0.0
56d721af0d65d2140019839e,2,11,0.8424120545387268,0.1575879454612732,0.0
56d721af0d65d2140019839e,2,12,0.8449680209159851,0.1550319790840149,0.0
56d721af0d65d2140019839e,2,13,0.8584145903587341,0.14158540964126587,0.0
56d721af0d65d2140019839e,2,14,0.8747460842132568,0.12525391578674316,0.0
56d721af0d65d2140019839e,2,15,0.8970569968223572,0.10294300317764282,0.0
56d721af0d65d2140019839e,2,16,0.913297176361084,0.08670282363891602,0.0
56d721af0d65d2140019839e,2,17,0.9164739847183228,0.08352601528167725,0.0
56d721af0d65d2140019839e,2,18,0.916708767414093,0.08329123258590698,0.0
56d721af0d65d2140019839e,2,19,0.9136692881584167,0.08633071184158325,0.0
56d721af0d65d2140019839e,2,20,0.9212532043457031,0.07874679565429688,0.0
56d721af0d65d2140019839e,2,21,0.927495539188385,0.07250446081161499,0.0
56d721af0d65d2140019839e,2,22,0.9308456778526306,0.06915432214736938,0.0
56d721af0d65d2140019839e,2,23,0.9339198470115662,0.06608015298843384,0.0
56d721af0d65d2140019839e,2,24,0.9354562163352966,0.06454378366470337,0.0
56d721af0d65d2140019839e,2,25,0.9356884956359863,0.06431150436401367,0.0
56d721af0d65d2140019839e,2,26,0.9234148859977722,0.07658511400222778,0.0
56d721af0d65d2140019839e,2,27,0.9215435981750488,0.07845640182495117,0.0
56d721af0d65d2140019839e,2,28,0.8935865163803101,0.10641348361968994,0.0
56d721af0d65d2140019839e,3,0,0.5833914279937744,0.4166085720062256,1.0
56d721af0d65d2140019839e,3,1,0.828895092010498,0.17110490798950195,1.0
56d721af0d65d2140019839e,3,2,0.7941883206367493,0.20581167936325073,1.0
56d721af0d65d2140019839e,3,3,0.8170163631439209,0.1829836368560791,1.0
56d721af0d65d2140019839e,3,4,0.8203258514404297,0.1796741485595703,1.0
56d721af0d65d2140019839e,3,5,0.792203426361084,0.20779657363891602,1.0
56d721af0d65d2140019839e,3,6,0.7772560119628906,0.22274398803710938,1.0
56d721af0d65d2140019839e,3,7,0.7718716859817505,0.2281283140182495,1.0
56d721af0d65d2140019839e,3,8,0.75579833984375,0.24420166015625,1.0
56d721af0d65d2140019839e,3,9,0.7543773651123047,0.2456226348876953,1.0
56d721af0d65d2140019839e,3,10,0.7257624268531799,0.27423757314682007,1.0
56d721af0d65d2140019839e,3,11,0.7233269214630127,0.2766730785369873,1.0
56d721af0d65d2140019839e,3,12,0.7492859363555908,0.2507140636444092,1.0
56d721af0d65d2140019839e,3,13,0.754972517490387,0.24502748250961304,1.0
56d721af0d65d2140019839e,3,14,0.7838262319564819,0.21617376804351807,1.0
56d721af0d65d2140019839e,3,15,0.8245779275894165,0.1754220724105835,1.0
56d721af0d65d2140019839e,3,16,0.8541679978370667,0.14583200216293335,1.0
56d721af0d65d2140019839e,3,17,0.8618432283401489,0.13815677165985107,1.0
56d721af0d65d2140019839e,3,18,0.8655369877815247,0.13446301221847534,1.0
56d721af0d65d2140019839e,3,19,0.866376519203186,0.13362348079681396,1.0
56d721af0d65d2140019839e,3,20,0.8828245997428894,0.1171754002571106,1.0
56d721af0d65d2140019839e,3,21,0.8909830451011658,0.10901695489883423,1.0
56d721af0d65d2140019839e,3,22,0.8961994647979736,0.10380053520202637,1.0
56d721af0d65d2140019839e,3,23,0.9010957479476929,0.09890425205230713,1.0
56d721af0d65d2140019839e,3,24,0.9034041166305542,0.0965958833694458,1.0
56d721af0d65d2140019839e,3,25,0.901977002620697,0.09802299737930298,1.0
56d721af0d65d2140019839e,3,26,0.8850501775741577,0.11494982242584229,1.0
56d721af0d65d2140019839e,3,27,0.8842162489891052,0.11578375101089478,1.0
56d721af0d65d2140019839e,3,28,0.8494561910629272,0.15054380893707275,1.0
56d7277c0d65d21400198401,1,0,0.9116407632827759,0.08835923671722412,0.0
56d7277c0d65d21400198401,1,1,0.9674021601676941,0.03259783983230591,0.0
56d7277c0d65d21400198401,1,2,0.9505352973937988,0.04946470260620117,0.0
56d7277c0d65d21400198401,1,3,0.9586767554283142,0.04132324457168579,0.0
56d7277c0d65d21400198401,1,4,0.944830060005188,0.05516993999481201,0.0
56d7277c0d65d21400198401,1,5,0.9392322301864624,0.0607677698135376,0.0
56d7277c0d65d21400198401,1,6,0.9378769397735596,0.06212306022644043,0.0
56d7277c0d65d21400198401,1,7,0.9379403591156006,0.062059640884399414,0.0
56d7277c0d65d21400198401,1,8,0.9365938305854797,0.06340616941452026,0.0
56d7277c0d65d21400198401,1,9,0.9403125643730164,0.05968743562698364,0.0
56d7277c0d65d21400198401,1,10,0.9422622919082642,0.05773770809173584,0.0
56d7277c0d65d21400198401,1,11,0.9498192071914673,0.050180792808532715,0.0
56d7277c0d65d21400198401,1,12,0.952394962310791,0.047605037689208984,0.0
56d7277c0d65d21400198401,1,13,0.9550498723983765,0.044950127601623535,0.0
56d7277c0d65d21400198401,1,14,0.9564799666404724,0.04352003335952759,0.0
56d7277c0d65d21400198401,1,15,0.955902099609375,0.044097900390625,0.0
56d7277c0d65d21400198401,1,16,0.9611619710922241,0.03883802890777588,0.0
56d7277c0d65d21400198401,1,17,0.9629982709884644,0.037001729011535645,0.0
56d7277c0d65d21400198401,1,18,0.9632025957107544,0.036797404289245605,0.0
56d7277c0d65d21400198401,1,19,0.9646798372268677,0.035320162773132324,0.0
56d7277c0d65d21400198401,1,20,0.9692531824111938,0.030746817588806152,0.0
56d7277c0d65d21400198401,1,21,0.9729018211364746,0.02709817886352539,0.0
56d7277c0d65d21400198401,1,22,0.9740487933158875,0.02595120668411255,0.0
56d7277c0d65d21400198401,1,23,0.9743602871894836,0.025639712810516357,0.0
56d7277c0d65d21400198401,1,24,0.974958598613739,0.025041401386260986,0.0
56d7277c0d65d21400198401,1,25,0.9699701070785522,0.030029892921447754,0.0
56d7277c0d65d21400198401,1,26,0.9656292200088501,0.0343707799911499,0.0
56d7277c0d65d21400198401,1,27,0.9634090662002563,0.03659093379974365,0.0
56d7277c0d65d21400198401,1,28,0.9548910856246948,0.045108914375305176,0.0
56d7277c0d65d21400198401,2,0,0.8145187497138977,0.1854812502861023,0.0
56d7277c0d65d21400198401,2,1,0.9224743247032166,0.07752567529678345,0.0
56d7277c0d65d21400198401,2,2,0.8942119479179382,0.10578805208206177,0.0
56d7277c0d65d21400198401,2,3,0.9175348877906799,0.08246511220932007,0.0
56d7277c0d65d21400198401,2,4,0.8995621800422668,0.10043781995773315,0.0
56d7277c0d65d21400198401,2,5,0.8810971975326538,0.11890280246734619,0.0
56d7277c0d65d21400198401,2,6,0.8748617768287659,0.12513822317123413,0.0
56d7277c0d65d21400198401,2,7,0.8766728043556213,0.12332719564437866,0.0
56d7277c0d65d21400198401,2,8,0.8645352721214294,0.13546472787857056,0.0
56d7277c0d65d21400198401,2,9,0.8717190623283386,0.12828093767166138,0.0
56d7277c0d65d21400198401,2,10,0.8688956499099731,0.13110435009002686,0.0
56d7277c0d65d21400198401,2,11,0.8761500120162964,0.12384998798370361,0.0
56d7277c0d65d21400198401,2,12,0.8790407180786133,0.12095928192138672,0.0
56d7277c0d65d21400198401,2,13,0.890666127204895,0.10933387279510498,0.0
56d7277c0d65d21400198401,2,14,0.9027532935142517,0.09724670648574829,0.0
56d7277c0d65d21400198401,2,15,0.9102439284324646,0.0897560715675354,0.0
56d7277c0d65d21400198401,2,16,0.9236032366752625,0.07639676332473755,0.0
56d7277c0d65d21400198401,2,17,0.9322386384010315,0.0677613615989685,0.0
56d7277c0d65d21400198401,2,18,0.9323729276657104,0.06762707233428955,0.0
56d7277c0d65d21400198401,2,19,0.9338685870170593,0.06613141298294067,0.0
56d7277c0d65d21400198401,2,20,0.943282425403595,0.05671757459640503,0.0
56d7277c0d65d21400198401,2,21,0.9514816403388977,0.048518359661102295,0.0
56d7277c0d65d21400198401,2,22,0.9530397057533264,0.046960294246673584,0.0
56d7277c0d65d21400198401,2,23,0.9538768529891968,0.04612314701080322,0.0
56d7277c0d65d21400198401,2,24,0.9555152654647827,0.044484734535217285,0.0
56d7277c0d65d21400198401,2,25,0.948138952255249,0.05186104774475098,0.0
56d7277c0d65d21400198401,2,26,0.9396867156028748,0.060313284397125244,0.0
56d7277c0d65d21400198401,2,27,0.9375455379486084,0.0624544620513916,0.0
56d7277c0d65d21400198401,2,28,0.9207344055175781,0.07926559448242188,0.0
56d7277c0d65d21400198401,3,0,0.7345825433731079,0.2654174566268921,0.0
56d7277c0d65d21400198401,3,1,0.880948007106781,0.119051992893219,0.0
56d7277c0d65d21400198401,3,2,0.8433758616447449,0.15662413835525513,0.0
56d7277c0d65d21400198401,3,3,0.8770038485527039,0.12299615144729614,0.0
56d7277c0d65d21400198401,3,4,0.8561503887176514,0.14384961128234863,0.0
56d7277c0d65d21400198401,3,5,0.8241809010505676,0.17581909894943237,0.0
56d7277c0d65d21400198401,3,6,0.8186827898025513,0.18131721019744873,0.0
56d7277c0d65d21400198401,3,7,0.8154193758964539,0.18458062410354614,0.0
56d7277c0d65d21400198401,3,8,0.7961722612380981,0.20382773876190186,0.0
56d7277c0d65d21400198401,3,9,0.8055107593536377,0.1944892406463623,0.0
56d7277c0d65d21400198401,3,10,0.7931250333786011,0.20687496662139893,0.0
56d7277c0d65d21400198401,3,11,0.7912999391555786,0.2087000608444214,0.0
56d7277c0d65d21400198401,3,12,0.7931743860244751,0.2068256139755249,0.0
56d7277c0d65d21400198401,3,13,0.8079655170440674,0.19203448295593262,0.0
56d7277c0d65d21400198401,3,14,0.8326289653778076,0.16737103462219238,0.0
56d7277c0d65d21400198401,3,15,0.8470602035522461,0.1529397964477539,0.0
56d7277c0d65d21400198401,3,16,0.8670765161514282,0.13292348384857178,0.0
56d7277c0d65d21400198401,3,17,0.8813950419425964,0.11860495805740356,0.0
56d7277c0d65d21400198401,3,18,0.8819940686225891,0.11800593137741089,0.0
56d7277c0d65d21400198401,3,19,0.8825246095657349,0.11747539043426514,0.0
56d7277c0d65d21400198401,3,20,0.8989051580429077,0.10109484195709229,0.0
56d7277c0d65d21400198401,3,21,0.9123927354812622,0.08760726451873779,0.0
56d7277c0d65d21400198401,3,22,0.914964497089386,0.08503550291061401,0.0
56d7277c0d65d21400198401,3,23,0.9188079237937927,0.08119207620620728,0.0
56d7277c0d65d21400198401,3,24,0.9195507168769836,0.08044928312301636,0.0
56d7277c0d65d21400198401,3,25,0.9034816026687622,0.09651839733123779,0.0
56d7277c0d65d21400198401,3,26,0.8854526877403259,0.11454731225967407,0.0
56d7277c0d65d21400198401,3,27,0.879457950592041,0.12054204940795898,0.0
56d7277c0d65d21400198401,3,28,0.8410139083862305,0.15898609161376953,0.0
56d98f0ddc89441400fdb559,1,0,0.8896708488464355,0.11032915115356445,0.6363636363636365
56d98f0ddc89441400fdb559,1,1,0.9690914750099182,0.030908524990081787,0.6363636363636365
56d98f0ddc89441400fdb559,1,2,0.9655764102935791,0.0344235897064209,0.6363636363636365
56d98f0ddc89441400fdb559,1,3,0.9732911586761475,0.02670884132385254,0.6363636363636365
56d98f0ddc89441400fdb559,1,4,0.9724923372268677,0.027507662773132324,0.6363636363636365
56d98f0ddc89441400fdb559,1,5,0.9711588025093079,0.02884119749069214,0.6363636363636365
56d98f0ddc89441400fdb559,1,6,0.9751135110855103,0.024886488914489746,0.6363636363636365
56d98f0ddc89441400fdb559,1,7,0.9725455045700073,0.027454495429992676,0.6363636363636365
56d98f0ddc89441400fdb559,1,8,0.9653366804122925,0.03466331958770752,0.6363636363636365
56d98f0ddc89441400fdb559,1,9,0.9664278626441956,0.03357213735580444,0.6363636363636365
56d98f0ddc89441400fdb559,1,10,0.9613965153694153,0.03860348463058472,0.6363636363636365
56d98f0ddc89441400fdb559,1,11,0.9553749561309814,0.044625043869018555,0.6363636363636365
56d98f0ddc89441400fdb559,1,12,0.95749831199646,0.04250168800354004,0.6363636363636365
56d98f0ddc89441400fdb559,1,13,0.9627052545547485,0.037294745445251465,0.6363636363636365
56d98f0ddc89441400fdb559,1,14,0.9701587557792664,0.029841244220733643,0.6363636363636365
56d98f0ddc89441400fdb559,1,15,0.9779690504074097,0.022030949592590332,0.6363636363636365
56d98f0ddc89441400fdb559,1,16,0.9822267293930054,0.01777327060699463,0.6363636363636365
56d98f0ddc89441400fdb559,1,17,0.9826627969741821,0.01733720302581787,0.6363636363636365
56d98f0ddc89441400fdb559,1,18,0.9826338887214661,0.017366111278533936,0.6363636363636365
56d98f0ddc89441400fdb559,1,19,0.9824894070625305,0.017510592937469482,0.6363636363636365
56d98f0ddc89441400fdb559,1,20,0.9849941730499268,0.015005826950073242,0.6363636363636365
56d98f0ddc89441400fdb559,1,21,0.9860773682594299,0.013922631740570068,0.6363636363636365
56d98f0ddc89441400fdb559,1,22,0.986759603023529,0.013240396976470947,0.6363636363636365
56d98f0ddc89441400fdb559,1,23,0.9871892333030701,0.012810766696929932,0.6363636363636365
56d98f0ddc89441400fdb559,1,24,0.9873422384262085,0.012657761573791504,0.6363636363636365
56d98f0ddc89441400fdb559,1,25,0.9862901568412781,0.013709843158721924,0.6363636363636365
56d98f0ddc89441400fdb559,1,26,0.9846043586730957,0.015395641326904297,0.6363636363636365
56d98f0ddc89441400fdb559,1,27,0.9826677441596985,0.017332255840301514,0.6363636363636365
56d98f0ddc89441400fdb559,1,28,0.9777353405952454,0.02226465940475464,0.6363636363636365
56d98f0ddc89441400fdb559,2,0,0.8164573311805725,0.1835426688194275,0.6363636363636365
56d98f0ddc89441400fdb559,2,1,0.9347347617149353,0.0652652382850647,0.6363636363636365
56d98f0ddc89441400fdb559,2,2,0.9067602157592773,0.09323978424072266,0.6363636363636365
56d98f0ddc89441400fdb559,2,3,0.9099839925765991,0.09001600742340088,0.6363636363636365
56d98f0ddc89441400fdb559,2,4,0.8927648067474365,0.10723519325256348,0.6363636363636365
56d98f0ddc89441400fdb559,2,5,0.8925971984863281,0.10740280151367188,0.6363636363636365
56d98f0ddc89441400fdb559,2,6,0.8982407450675964,0.10175925493240356,0.6363636363636365
56d98f0ddc89441400fdb559,2,7,0.9105978012084961,0.0894021987915039,0.6363636363636365
56d98f0ddc89441400fdb559,2,8,0.9126123189926147,0.08738768100738525,0.6363636363636365
56d98f0ddc89441400fdb559,2,9,0.9172378778457642,0.08276212215423584,0.6363636363636365
56d98f0ddc89441400fdb559,2,10,0.9131945967674255,0.08680540323257446,0.6363636363636365
56d98f0ddc89441400fdb559,2,11,0.9054011702537537,0.09459882974624634,0.6363636363636365
56d98f0ddc89441400fdb559,2,12,0.9118028879165649,0.08819711208343506,0.6363636363636365
56d98f0ddc89441400fdb559,2,13,0.9181421399116516,0.08185786008834839,0.6363636363636365
56d98f0ddc89441400fdb559,2,14,0.9308336973190308,0.06916630268096924,0.6363636363636365
56d98f0ddc89441400fdb559,2,15,0.9454653859138489,0.05453461408615112,0.6363636363636365
56d98f0ddc89441400fdb559,2,16,0.952144980430603,0.04785501956939697,0.6363636363636365
56d98f0ddc89441400fdb559,2,17,0.9551926851272583,0.0448073148727417,0.6363636363636365
56d98f0ddc89441400fdb559,2,18,0.9531997442245483,0.04680025577545166,0.6363636363636365
56d98f0ddc89441400fdb559,2,19,0.9522517919540405,0.04774820804595947,0.6363636363636365
56d98f0ddc89441400fdb559,2,20,0.955838143825531,0.044161856174468994,0.6363636363636365
56d98f0ddc89441400fdb559,2,21,0.9581974148750305,0.04180258512496948,0.6363636363636365
56d98f0ddc89441400fdb559,2,22,0.9598009586334229,0.04019904136657715,0.6363636363636365
56d98f0ddc89441400fdb559,2,23,0.9618090987205505,0.03819090127944946,0.6363636363636365
56d98f0ddc89441400fdb559,2,24,0.9615077972412109,0.03849220275878906,0.6363636363636365
56d98f0ddc89441400fdb559,2,25,0.9544355869293213,0.04556441307067871,0.6363636363636365
56d98f0ddc89441400fdb559,2,26,0.946550726890564,0.053449273109436035,0.6363636363636365
56d98f0ddc89441400fdb559,2,27,0.939180314540863,0.06081968545913696,0.6363636363636365
56d98f0ddc89441400fdb559,2,28,0.9271567463874817,0.07284325361251831,0.6363636363636365
56d98f0ddc89441400fdb559,3,0,0.7251659631729126,0.2748340368270874,0.0
56d98f0ddc89441400fdb559,3,1,0.9023078680038452,0.09769213199615479,0.0
56d98f0ddc89441400fdb559,3,2,0.8612213134765625,0.1387786865234375,0.0
56d98f0ddc89441400fdb559,3,3,0.8722279667854309,0.1277720332145691,0.0
56d98f0ddc89441400fdb559,3,4,0.848365068435669,0.15163493156433105,0.0
56d98f0ddc89441400fdb559,3,5,0.8328782320022583,0.1671217679977417,0.0
56d98f0ddc89441400fdb559,3,6,0.8352245688438416,0.16477543115615845,0.0
56d98f0ddc89441400fdb559,3,7,0.8507997989654541,0.1492002010345459,0.0
56d98f0ddc89441400fdb559,3,8,0.8541657328605652,0.14583426713943481,0.0
56d98f0ddc89441400fdb559,3,9,0.8613576889038086,0.1386423110961914,0.0
56d98f0ddc89441400fdb559,3,10,0.8571654558181763,0.14283454418182373,0.0
56d98f0ddc89441400fdb559,3,11,0.8464987277984619,0.15350127220153809,0.0
56d98f0ddc89441400fdb559,3,12,0.8559314608573914,0.14406853914260864,0.0
56d98f0ddc89441400fdb559,3,13,0.8657668828964233,0.13423311710357666,0.0
56d98f0ddc89441400fdb559,3,14,0.8861690759658813,0.11383092403411865,0.0
56d98f0ddc89441400fdb559,3,15,0.9090384840965271,0.0909615159034729,0.0
56d98f0ddc89441400fdb559,3,16,0.9197653532028198,0.08023464679718018,0.0
56d98f0ddc89441400fdb559,3,17,0.9232301712036133,0.07676982879638672,0.0
56d98f0ddc89441400fdb559,3,18,0.9186754822731018,0.0813245177268982,0.0
56d98f0ddc89441400fdb559,3,19,0.9192995429039001,0.08070045709609985,0.0
56d98f0ddc89441400fdb559,3,20,0.9255704879760742,0.07442951202392578,0.0
56d98f0ddc89441400fdb559,3,21,0.9319677948951721,0.06803220510482788,0.0
56d98f0ddc89441400fdb559,3,22,0.9349529147148132,0.06504708528518677,0.0
56d98f0ddc89441400fdb559,3,23,0.938103199005127,0.06189680099487305,0.0
56d98f0ddc89441400fdb559,3,24,0.9378621578216553,0.06213784217834473,0.0
56d98f0ddc89441400fdb559,3,25,0.9331055879592896,0.06689441204071045,0.0
56d98f0ddc89441400fdb559,3,26,0.9200930595397949,0.07990694046020508,0.0
56d98f0ddc89441400fdb559,3,27,0.911859393119812,0.08814060688018799,0.0
56d98f0ddc89441400fdb559,3,28,0.89246666431427,0.10753333568572998,0.0
56e20a3ae3433e140042324d,1,0,0.9739845991134644,0.026015400886535645,0.0
56e20a3ae3433e140042324d,1,1,0.9915897250175476,0.008410274982452393,0.0
56e20a3ae3433e140042324d,1,2,0.9888863563537598,0.011113643646240234,0.0
56e20a3ae3433e140042324d,1,3,0.991509199142456,0.008490800857543945,0.0
56e20a3ae3433e140042324d,1,4,0.9930296540260315,0.006970345973968506,0.0
56e20a3ae3433e140042324d,1,5,0.9911229014396667,0.008877098560333252,0.0
56e20a3ae3433e140042324d,1,6,0.9917201995849609,0.008279800415039062,0.0
56e20a3ae3433e140042324d,1,7,0.9915686249732971,0.00843137502670288,0.0
56e20a3ae3433e140042324d,1,8,0.990439772605896,0.009560227394104004,0.0
56e20a3ae3433e140042324d,1,9,0.9914061427116394,0.008593857288360596,0.0
56e20a3ae3433e140042324d,1,10,0.9918833374977112,0.008116662502288818,0.0
56e20a3ae3433e140042324d,1,11,0.9919047355651855,0.008095264434814453,0.0
56e20a3ae3433e140042324d,1,12,0.9932823777198792,0.00671762228012085,0.0
56e20a3ae3433e140042324d,1,13,0.9939273595809937,0.006072640419006348,0.0
56e20a3ae3433e140042324d,1,14,0.9943010210990906,0.005698978900909424,0.0
56e20a3ae3433e140042324d,1,15,0.9953204393386841,0.004679560661315918,0.0
56e20a3ae3433e140042324d,1,16,0.9962213635444641,0.0037786364555358887,0.0
56e20a3ae3433e140042324d,1,17,0.9964605569839478,0.003539443016052246,0.0
56e20a3ae3433e140042324d,1,18,0.996360719203949,0.0036392807960510254,0.0
56e20a3ae3433e140042324d,1,19,0.9960625767707825,0.003937423229217529,0.0
56e20a3ae3433e140042324d,1,20,0.9963042736053467,0.0036957263946533203,0.0
56e20a3ae3433e140042324d,1,21,0.9965099692344666,0.0034900307655334473,0.0
56e20a3ae3433e140042324d,1,22,0.996498703956604,0.003501296043395996,0.0
56e20a3ae3433e140042324d,1,23,0.9959186315536499,0.004081368446350098,0.0
56e20a3ae3433e140042324d,1,24,0.9958258867263794,0.0041741132736206055,0.0
56e20a3ae3433e140042324d,1,25,0.9953751564025879,0.004624843597412109,0.0
56e20a3ae3433e140042324d,1,26,0.9943387508392334,0.0056612491607666016,0.0
56e20a3ae3433e140042324d,1,27,0.993894100189209,0.006105899810791016,0.0
56e20a3ae3433e140042324d,1,28,0.9932251572608948,0.006774842739105225,0.0
56e20a3ae3433e140042324d,2,0,0.9402843713760376,0.0597156286239624,0.0
56e20a3ae3433e140042324d,2,1,0.9819868206977844,0.018013179302215576,0.0
56e20a3ae3433e140042324d,2,2,0.9772952795028687,0.022704720497131348,0.0
56e20a3ae3433e140042324d,2,3,0.9832950830459595,0.016704916954040527,0.0
56e20a3ae3433e140042324d,2,4,0.9859261512756348,0.014073848724365234,0.0
56e20a3ae3433e140042324d,2,5,0.9792912006378174,0.020708799362182617,0.0
56e20a3ae3433e140042324d,2,6,0.9805577397346497,0.019442260265350342,0.0
56e20a3ae3433e140042324d,2,7,0.9781640768051147,0.021835923194885254,0.0
56e20a3ae3433e140042324d,2,8,0.9735888838768005,0.026411116123199463,0.0
56e20a3ae3433e140042324d,2,9,0.9712247252464294,0.028775274753570557,0.0
56e20a3ae3433e140042324d,2,10,0.968096137046814,0.031903862953186035,0.0
56e20a3ae3433e140042324d,2,11,0.9621780514717102,0.037821948528289795,0.0
56e20a3ae3433e140042324d,2,12,0.9657852053642273,0.034214794635772705,0.0
56e20a3ae3433e140042324d,2,13,0.9704234004020691,0.029576599597930908,0.0
56e20a3ae3433e140042324d,2,14,0.9747719168663025,0.02522808313369751,0.0
56e20a3ae3433e140042324d,2,15,0.9801464080810547,0.019853591918945312,0.0
56e20a3ae3433e140042324d,2,16,0.9831083416938782,0.016891658306121826,0.0
56e20a3ae3433e140042324d,2,17,0.9852173328399658,0.01478266716003418,0.0
56e20a3ae3433e140042324d,2,18,0.9858897924423218,0.014110207557678223,0.0
56e20a3ae3433e140042324d,2,19,0.9853641986846924,0.014635801315307617,0.0
56e20a3ae3433e140042324d,2,20,0.9875034689903259,0.012496531009674072,0.0
56e20a3ae3433e140042324d,2,21,0.9889346957206726,0.011065304279327393,0.0
56e20a3ae3433e140042324d,2,22,0.9895045161247253,0.010495483875274658,0.0
56e20a3ae3433e140042324d,2,23,0.9892271161079407,0.010772883892059326,0.0
56e20a3ae3433e140042324d,2,24,0.9897814989089966,0.010218501091003418,0.0
56e20a3ae3433e140042324d,2,25,0.9886186122894287,0.011381387710571289,0.0
56e20a3ae3433e140042324d,2,26,0.9869673848152161,0.013032615184783936,0.0
56e20a3ae3433e140042324d,2,27,0.9864673018455505,0.013532698154449463,0.0
56e20a3ae3433e140042324d,2,28,0.9825887084007263,0.01741129159927368,0.0
56e20a3ae3433e140042324d,3,0,0.8968777060508728,0.1031222939491272,0.0
56e20a3ae3433e140042324d,3,1,0.9669510126113892,0.03304898738861084,0.0
56e20a3ae3433e140042324d,3,2,0.9556199908256531,0.044380009174346924,0.0
56e20a3ae3433e140042324d,3,3,0.9666099548339844,0.033390045166015625,0.0
56e20a3ae3433e140042324d,3,4,0.966724157333374,0.03327584266662598,0.0
56e20a3ae3433e140042324d,3,5,0.9493091106414795,0.05069088935852051,0.0
56e20a3ae3433e140042324d,3,6,0.951686441898346,0.04831355810165405,0.0
56e20a3ae3433e140042324d,3,7,0.9457954168319702,0.054204583168029785,0.0
56e20a3ae3433e140042324d,3,8,0.9412762522697449,0.05872374773025513,0.0
56e20a3ae3433e140042324d,3,9,0.9402713775634766,0.05972862243652344,0.0
56e20a3ae3433e140042324d,3,10,0.9348059296607971,0.06519407033920288,0.0
56e20a3ae3433e140042324d,3,11,0.9259588718414307,0.07404112815856934,0.0
56e20a3ae3433e140042324d,3,12,0.9342530965805054,0.06574690341949463,0.0
56e20a3ae3433e140042324d,3,13,0.9406984448432922,0.059301555156707764,0.0
56e20a3ae3433e140042324d,3,14,0.9486395120620728,0.051360487937927246,0.0
56e20a3ae3433e140042324d,3,15,0.9594292640686035,0.040570735931396484,0.0
56e20a3ae3433e140042324d,3,16,0.9646430611610413,0.03535693883895874,0.0
56e20a3ae3433e140042324d,3,17,0.969520628452301,0.030479371547698975,0.0
56e20a3ae3433e140042324d,3,18,0.9699076414108276,0.030092358589172363,0.0
56e20a3ae3433e140042324d,3,19,0.9696953892707825,0.03030461072921753,0.0
56e20a3ae3433e140042324d,3,20,0.974626898765564,0.025373101234436035,0.0
56e20a3ae3433e140042324d,3,21,0.9768781661987305,0.02312183380126953,0.0
56e20a3ae3433e140042324d,3,22,0.9776827096939087,0.02231729030609131,0.0
56e20a3ae3433e140042324d,3,23,0.9776275157928467,0.02237248420715332,0.0
56e20a3ae3433e140042324d,3,24,0.9778492450714111,0.022150754928588867,0.0
56e20a3ae3433e140042324d,3,25,0.9751588702201843,0.024841129779815674,0.0
56e20a3ae3433e140042324d,3,26,0.9705023169517517,0.02949768304824829,0.0
56e20a3ae3433e140042324d,3,27,0.970488429069519,0.029511570930480957,0.0
56e20a3ae3433e140042324d,3,28,0.9614946842193604,0.03850531578063965,0.0
56e756bc37bdd419002c3e97,1,0,0.9096679091453552,0.09033209085464478,0.0
56e756bc37bdd419002c3e97,1,1,0.9600028991699219,0.039997100830078125,0.0
56e756bc37bdd419002c3e97,1,2,0.9457878470420837,0.05421215295791626,0.0
56e756bc37bdd419002c3e97,1,3,0.9374615550041199,0.06253844499588013,0.0
56e756bc37bdd419002c3e97,1,4,0.9288715124130249,0.0711284875869751,0.0
56e756bc37bdd419002c3e97,1,5,0.9205566048622131,0.07944339513778687,0.0
56e756bc37bdd419002c3e97,1,6,0.9086615443229675,0.09133845567703247,0.0
56e756bc37bdd419002c3e97,1,7,0.9010764360427856,0.09892356395721436,0.0
56e756bc37bdd419002c3e97,1,8,0.8792149424552917,0.12078505754470825,0.0
56e756bc37bdd419002c3e97,1,9,0.8693667650222778,0.13063323497772217,0.0
56e756bc37bdd419002c3e97,1,10,0.8663704991340637,0.13362950086593628,0.0
56e756bc37bdd419002c3e97,1,11,0.8777667880058289,0.12223321199417114,0.0
56e756bc37bdd419002c3e97,1,12,0.8769668340682983,0.12303316593170166,0.0
56e756bc37bdd419002c3e97,1,13,0.8884400129318237,0.11155998706817627,0.0
56e756bc37bdd419002c3e97,1,14,0.8975868225097656,0.10241317749023438,0.0
56e756bc37bdd419002c3e97,1,15,0.9034571647644043,0.0965428352355957,0.0
56e756bc37bdd419002c3e97,1,16,0.9126163721084595,0.08738362789154053,0.0
56e756bc37bdd419002c3e97,1,17,0.921029806137085,0.07897019386291504,0.0
56e756bc37bdd419002c3e97,1,18,0.9237897396087646,0.07621026039123535,0.0
56e756bc37bdd419002c3e97,1,19,0.9294973015785217,0.07050269842147827,0.0
56e756bc37bdd419002c3e97,1,20,0.9396300911903381,0.060369908809661865,0.0
56e756bc37bdd419002c3e97,1,21,0.945195198059082,0.05480480194091797,0.0
56e756bc37bdd419002c3e97,1,22,0.949825644493103,0.05017435550689697,0.0
56e756bc37bdd419002c3e97,1,23,0.9525258541107178,0.04747414588928223,0.0
56e756bc37bdd419002c3e97,1,24,0.9541544318199158,0.04584556818008423,0.0
56e756bc37bdd419002c3e97,1,25,0.9508578181266785,0.04914218187332153,0.0
56e756bc37bdd419002c3e97,1,26,0.9444842338562012,0.05551576614379883,0.0
56e756bc37bdd419002c3e97,1,27,0.9391372799873352,0.060862720012664795,0.0
56e756bc37bdd419002c3e97,1,28,0.9144954085350037,0.08550459146499634,0.0
56e756bc37bdd419002c3e97,2,0,0.7555726766586304,0.24442732334136963,0.0
56e756bc37bdd419002c3e97,2,1,0.903925895690918,0.09607410430908203,0.0
56e756bc37bdd419002c3e97,2,2,0.8737006187438965,0.12629938125610352,0.0
56e756bc37bdd419002c3e97,2,3,0.8778109550476074,0.12218904495239258,0.0
56e756bc37bdd419002c3e97,2,4,0.8662722706794739,0.13372772932052612,0.0
56e756bc37bdd419002c3e97,2,5,0.8479453325271606,0.15205466747283936,0.0
56e756bc37bdd419002c3e97,2,6,0.8364911079406738,0.16350889205932617,0.0
56e756bc37bdd419002c3e97,2,7,0.8373276591300964,0.16267234086990356,0.0
56e756bc37bdd419002c3e97,2,8,0.8179020285606384,0.18209797143936157,0.0
56e756bc37bdd419002c3e97,2,9,0.8133731484413147,0.1866268515586853,0.0
56e756bc37bdd419002c3e97,2,10,0.8077542781829834,0.1922457218170166,0.0
56e756bc37bdd419002c3e97,2,11,0.817969024181366,0.18203097581863403,0.0
56e756bc37bdd419002c3e97,2,12,0.8201448917388916,0.1798551082611084,0.0
56e756bc37bdd419002c3e97,2,13,0.8381420373916626,0.1618579626083374,0.0
56e756bc37bdd419002c3e97,2,14,0.85548996925354,0.14451003074645996,0.0
56e756bc37bdd419002c3e97,2,15,0.8704439401626587,0.1295560598373413,0.0
56e756bc37bdd419002c3e97,2,16,0.8783103823661804,0.12168961763381958,0.0
56e756bc37bdd419002c3e97,2,17,0.8888522982597351,0.11114770174026489,0.0
56e756bc37bdd419002c3e97,2,18,0.8919498920440674,0.10805010795593262,0.0
56e756bc37bdd419002c3e97,2,19,0.8982762098312378,0.10172379016876221,0.0
56e756bc37bdd419002c3e97,2,20,0.9117203950881958,0.0882796049118042,0.0
56e756bc37bdd419002c3e97,2,21,0.9189411997795105,0.0810588002204895,0.0
56e756bc37bdd419002c3e97,2,22,0.922417938709259,0.07758206129074097,0.0
56e756bc37bdd419002c3e97,2,23,0.9285194873809814,0.07148051261901855,0.0
56e756bc37bdd419002c3e97,2,24,0.9295854568481445,0.07041454315185547,0.0
56e756bc37bdd419002c3e97,2,25,0.9227094650268555,0.07729053497314453,0.0
56e756bc37bdd419002c3e97,2,26,0.9101503491401672,0.08984965085983276,0.0
56e756bc37bdd419002c3e97,2,27,0.9000438451766968,0.09995615482330322,0.0
56e756bc37bdd419002c3e97,2,28,0.8496395945549011,0.15036040544509888,0.0
56e756bc37bdd419002c3e97,3,0,0.6453962922096252,0.35460370779037476,0.5
56e756bc37bdd419002c3e97,3,1,0.8503084778785706,0.14969152212142944,0.5
56e756bc37bdd419002c3e97,3,2,0.7925560474395752,0.2074439525604248,0.5
56e756bc37bdd419002c3e97,3,3,0.8056044578552246,0.1943955421447754,0.5
56e756bc37bdd419002c3e97,3,4,0.7852053642272949,0.21479463577270508,0.5
56e756bc37bdd419002c3e97,3,5,0.7447603940963745,0.2552396059036255,0.5
56e756bc37bdd419002c3e97,3,6,0.7276166677474976,0.27238333225250244,0.5
56e756bc37bdd419002c3e97,3,7,0.7323933243751526,0.2676066756248474,0.5
56e756bc37bdd419002c3e97,3,8,0.7244067788124084,0.27559322118759155,0.5
56e756bc37bdd419002c3e97,3,9,0.7282165884971619,0.27178341150283813,0.5
56e756bc37bdd419002c3e97,3,10,0.7178089618682861,0.28219103813171387,0.5
56e756bc37bdd419002c3e97,3,11,0.717219352722168,0.28278064727783203,0.5
56e756bc37bdd419002c3e97,3,12,0.7315976023674011,0.2684023976325989,0.5
56e756bc37bdd419002c3e97,3,13,0.7573619484901428,0.24263805150985718,0.5
56e756bc37bdd419002c3e97,3,14,0.7818596363067627,0.2181403636932373,0.5
56e756bc37bdd419002c3e97,3,15,0.8062220811843872,0.1937779188156128,0.5
56e756bc37bdd419002c3e97,3,16,0.8197311758995056,0.18026882410049438,0.5
56e756bc37bdd419002c3e97,3,17,0.834729790687561,0.16527020931243896,0.5
56e756bc37bdd419002c3e97,3,18,0.8402208089828491,0.15977919101715088,0.5
56e756bc37bdd419002c3e97,3,19,0.8502155542373657,0.14978444576263428,0.5
56e756bc37bdd419002c3e97,3,20,0.8662256002426147,0.13377439975738525,0.5
56e756bc37bdd419002c3e97,3,21,0.8795114159584045,0.12048858404159546,0.5
56e756bc37bdd419002c3e97,3,22,0.8844529390335083,0.1155470609664917,0.5
56e756bc37bdd419002c3e97,3,23,0.894684374332428,0.10531562566757202,0.5
56e756bc37bdd419002c3e97,3,24,0.8979763984680176,0.10202360153198242,0.5
56e756bc37bdd419002c3e97,3,25,0.8913503289222717,0.10864967107772827,0.5
56e756bc37bdd419002c3e97,3,26,0.8759077787399292,0.1240922212600708,0.5
56e756bc37bdd419002c3e97,3,27,0.8641398549079895,0.1358601450920105,0.5
56e756bc37bdd419002c3e97,3,28,0.7974005341529846,0.20259946584701538,0.5
56f7f2e0aef2371900625cb0,1,0,0.8328756093978882,0.16712439060211182,0.0
56f7f2e0aef2371900625cb0,1,1,0.9532061815261841,0.04679381847381592,0.0
56f7f2e0aef2371900625cb0,1,2,0.9390328526496887,0.06096714735031128,0.0
56f7f2e0aef2371900625cb0,1,3,0.9348984360694885,0.06510156393051147,0.0
56f7f2e0aef2371900625cb0,1,4,0.9349530935287476,0.06504690647125244,0.0
56f7f2e0aef2371900625cb0,1,5,0.9320621490478516,0.06793785095214844,0.0
56f7f2e0aef2371900625cb0,1,6,0.941737711429596,0.05826228857040405,0.0
56f7f2e0aef2371900625cb0,1,7,0.9431096911430359,0.05689030885696411,0.0
56f7f2e0aef2371900625cb0,1,8,0.9469833374023438,0.05301666259765625,0.0
56f7f2e0aef2371900625cb0,1,9,0.9472659826278687,0.05273401737213135,0.0
56f7f2e0aef2371900625cb0,1,10,0.9476721286773682,0.052327871322631836,0.0
56f7f2e0aef2371900625cb0,1,11,0.9430751800537109,0.05692481994628906,0.0
56f7f2e0aef2371900625cb0,1,12,0.9475546479225159,0.05244535207748413,0.0
56f7f2e0aef2371900625cb0,1,13,0.946731448173523,0.05326855182647705,0.0
56f7f2e0aef2371900625cb0,1,14,0.9500269293785095,0.04997307062149048,0.0
56f7f2e0aef2371900625cb0,1,15,0.9491375088691711,0.05086249113082886,0.0
56f7f2e0aef2371900625cb0,1,16,0.9561188220977783,0.04388117790222168,0.0
56f7f2e0aef2371900625cb0,1,17,0.9558475613594055,0.04415243864059448,0.0
56f7f2e0aef2371900625cb0,1,18,0.957858681678772,0.04214131832122803,0.0
56f7f2e0aef2371900625cb0,1,19,0.9575039148330688,0.04249608516693115,0.0
56f7f2e0aef2371900625cb0,1,20,0.960411012172699,0.039588987827301025,0.0
56f7f2e0aef2371900625cb0,1,21,0.962464451789856,0.03753554821014404,0.0
56f7f2e0aef2371900625cb0,1,22,0.9639595746994019,0.036040425300598145,0.0
56f7f2e0aef2371900625cb0,1,23,0.9645442962646484,0.03545570373535156,0.0
56f7f2e0aef2371900625cb0,1,24,0.9667209386825562,0.03327906131744385,0.0
56f7f2e0aef2371900625cb0,1,25,0.9646464586257935,0.03535354137420654,0.0
56f7f2e0aef2371900625cb0,1,26,0.9605951309204102,0.039404869079589844,0.0
56f7f2e0aef2371900625cb0,1,27,0.9568836688995361,0.04311633110046387,0.0
56f7f2e0aef2371900625cb0,1,28,0.9435979127883911,0.05640208721160889,0.0
56f7f2e0aef2371900625cb0,2,0,0.701409637928009,0.29859036207199097,0.1428571428571429
56f7f2e0aef2371900625cb0,2,1,0.8950385451316833,0.10496145486831665,0.1428571428571429
56f7f2e0aef2371900625cb0,2,2,0.8740862607955933,0.12591373920440674,0.1428571428571429
56f7f2e0aef2371900625cb0,2,3,0.8743978142738342,0.12560218572616577,0.1428571428571429
56f7f2e0aef2371900625cb0,2,4,0.8742472529411316,0.1257527470588684,0.1428571428571429
56f7f2e0aef2371900625cb0,2,5,0.8590602278709412,0.14093977212905884,0.1428571428571429
56f7f2e0aef2371900625cb0,2,6,0.8679171204566956,0.13208287954330444,0.1428571428571429
56f7f2e0aef2371900625cb0,2,7,0.8706071376800537,0.1293928623199463,0.1428571428571429
56f7f2e0aef2371900625cb0,2,8,0.8820322751998901,0.11796772480010986,0.1428571428571429
56f7f2e0aef2371900625cb0,2,9,0.8769561052322388,0.12304389476776123,0.1428571428571429
56f7f2e0aef2371900625cb0,2,10,0.881162166595459,0.11883783340454102,0.1428571428571429
56f7f2e0aef2371900625cb0,2,11,0.8708465099334717,0.12915349006652832,0.1428571428571429
56f7f2e0aef2371900625cb0,2,12,0.8814268708229065,0.1185731291770935,0.1428571428571429
56f7f2e0aef2371900625cb0,2,13,0.888053297996521,0.111946702003479,0.1428571428571429
56f7f2e0aef2371900625cb0,2,14,0.8984519243240356,0.10154807567596436,0.1428571428571429
56f7f2e0aef2371900625cb0,2,15,0.9067343473434448,0.09326565265655518,0.1428571428571429
56f7f2e0aef2371900625cb0,2,16,0.9214317202568054,0.07856827974319458,0.1428571428571429
56f7f2e0aef2371900625cb0,2,17,0.9196925163269043,0.0803074836730957,0.1428571428571429
56f7f2e0aef2371900625cb0,2,18,0.9204779863357544,0.0795220136642456,0.1428571428571429
56f7f2e0aef2371900625cb0,2,19,0.9203206896781921,0.07967931032180786,0.1428571428571429
56f7f2e0aef2371900625cb0,2,20,0.9279722571372986,0.07202774286270142,0.1428571428571429
56f7f2e0aef2371900625cb0,2,21,0.9316718578338623,0.0683281421661377,0.1428571428571429
56f7f2e0aef2371900625cb0,2,22,0.935619056224823,0.064380943775177,0.1428571428571429
56f7f2e0aef2371900625cb0,2,23,0.935600221157074,0.06439977884292603,0.1428571428571429
56f7f2e0aef2371900625cb0,2,24,0.9370182156562805,0.06298178434371948,0.1428571428571429
56f7f2e0aef2371900625cb0,2,25,0.9350664615631104,0.06493353843688965,0.1428571428571429
56f7f2e0aef2371900625cb0,2,26,0.9236571192741394,0.0763428807258606,0.1428571428571429
56f7f2e0aef2371900625cb0,2,27,0.9163231253623962,0.08367687463760376,0.1428571428571429
56f7f2e0aef2371900625cb0,2,28,0.875964343547821,0.12403565645217896,0.1428571428571429
56f7f2e0aef2371900625cb0,3,0,0.5421209931373596,0.4578790068626404,0.1428571428571429
56f7f2e0aef2371900625cb0,3,1,0.8080042600631714,0.1919957399368286,0.1428571428571429
56f7f2e0aef2371900625cb0,3,2,0.7690556645393372,0.23094433546066284,0.1428571428571429
56f7f2e0aef2371900625cb0,3,3,0.7815569639205933,0.21844303607940674,0.1428571428571429
56f7f2e0aef2371900625cb0,3,4,0.7711843252182007,0.22881567478179932,0.1428571428571429
56f7f2e0aef2371900625cb0,3,5,0.7414766550064087,0.2585233449935913,0.1428571428571429
56f7f2e0aef2371900625cb0,3,6,0.7502005696296692,0.2497994303703308,0.1428571428571429
56f7f2e0aef2371900625cb0,3,7,0.7501575350761414,0.24984246492385864,0.1428571428571429
56f7f2e0aef2371900625cb0,3,8,0.7655039429664612,0.23449605703353882,0.1428571428571429
56f7f2e0aef2371900625cb0,3,9,0.7630123496055603,0.2369876503944397,0.1428571428571429
56f7f2e0aef2371900625cb0,3,10,0.786745548248291,0.21325445175170898,0.1428571428571429
56f7f2e0aef2371900625cb0,3,11,0.77996826171875,0.22003173828125,0.1428571428571429
56f7f2e0aef2371900625cb0,3,12,0.7948518395423889,0.20514816045761108,0.1428571428571429
56f7f2e0aef2371900625cb0,3,13,0.8012877702713013,0.19871222972869873,0.1428571428571429
56f7f2e0aef2371900625cb0,3,14,0.8222948312759399,0.17770516872406006,0.1428571428571429
56f7f2e0aef2371900625cb0,3,15,0.8482268452644348,0.15177315473556519,0.1428571428571429
56f7f2e0aef2371900625cb0,3,16,0.8656643629074097,0.13433563709259033,0.1428571428571429
56f7f2e0aef2371900625cb0,3,17,0.8706265091896057,0.1293734908103943,0.1428571428571429
56f7f2e0aef2371900625cb0,3,18,0.8647119402885437,0.1352880597114563,0.1428571428571429
56f7f2e0aef2371900625cb0,3,19,0.8671330809593201,0.13286691904067993,0.1428571428571429
56f7f2e0aef2371900625cb0,3,20,0.881726861000061,0.11827313899993896,0.1428571428571429
56f7f2e0aef2371900625cb0,3,21,0.8877613544464111,0.11223864555358887,0.1428571428571429
56f7f2e0aef2371900625cb0,3,22,0.8928478360176086,0.10715216398239136,0.1428571428571429
56f7f2e0aef2371900625cb0,3,23,0.8934670090675354,0.1065329909324646,0.1428571428571429
56f7f2e0aef2371900625cb0,3,24,0.893613338470459,0.10638666152954102,0.1428571428571429
56f7f2e0aef2371900625cb0,3,25,0.891475260257721,0.10852473974227905,0.1428571428571429
56f7f2e0aef2371900625cb0,3,26,0.866202712059021,0.133797287940979,0.1428571428571429
56f7f2e0aef2371900625cb0,3,27,0.8475067019462585,0.15249329805374146,0.1428571428571429
56f7f2e0aef2371900625cb0,3,28,0.7911996841430664,0.2088003158569336,0.1428571428571429
56f7fde8a6d7ea1400e17367,1,0,0.9519926309585571,0.04800736904144287,0.6666666666666666
56f7fde8a6d7ea1400e17367,1,1,0.9790204167366028,0.020979583263397217,0.6666666666666666
56f7fde8a6d7ea1400e17367,1,2,0.9682707786560059,0.03172922134399414,0.6666666666666666
56f7fde8a6d7ea1400e17367,1,3,0.9718629717826843,0.028137028217315674,0.6666666666666666
56f7fde8a6d7ea1400e17367,1,4,0.9682502150535583,0.03174978494644165,0.6666666666666666
56f7fde8a6d7ea1400e17367,1,5,0.9631192684173584,0.0368807315826416,0.6666666666666666
56f7fde8a6d7ea1400e17367,1,6,0.9539742469787598,0.046025753021240234,0.6666666666666666
56f7fde8a6d7ea1400e17367,1,7,0.9437192678451538,0.05628073215484619,0.6666666666666666
56f7fde8a6d7ea1400e17367,1,8,0.9300037026405334,0.06999629735946655,0.6666666666666666
56f7fde8a6d7ea1400e17367,1,9,0.9162742495536804,0.08372575044631958,0.6666666666666666
56f7fde8a6d7ea1400e17367,1,10,0.9084081053733826,0.09159189462661743,0.6666666666666666
56f7fde8a6d7ea1400e17367,1,11,0.9058051109313965,0.09419488906860352,0.6666666666666666
56f7fde8a6d7ea1400e17367,1,12,0.9149503707885742,0.08504962921142578,0.6666666666666666
56f7fde8a6d7ea1400e17367,1,13,0.9223260283470154,0.07767397165298462,0.6666666666666666
56f7fde8a6d7ea1400e17367,1,14,0.91849285364151,0.08150714635848999,0.6666666666666666
56f7fde8a6d7ea1400e17367,1,15,0.9327982664108276,0.06720173358917236,0.6666666666666666
56f7fde8a6d7ea1400e17367,1,16,0.9370541572570801,0.06294584274291992,0.6666666666666666
56f7fde8a6d7ea1400e17367,1,17,0.9452261328697205,0.05477386713027954,0.6666666666666666
56f7fde8a6d7ea1400e17367,1,18,0.9488751292228699,0.05112487077713013,0.6666666666666666
56f7fde8a6d7ea1400e17367,1,19,0.9490224123001099,0.05097758769989014,0.6666666666666666
56f7fde8a6d7ea1400e17367,1,20,0.9554527401924133,0.04454725980758667,0.6666666666666666
56f7fde8a6d7ea1400e17367,1,21,0.961297869682312,0.03870213031768799,0.6666666666666666
56f7fde8a6d7ea1400e17367,1,22,0.9638128280639648,0.036187171936035156,0.6666666666666666
56f7fde8a6d7ea1400e17367,1,23,0.9654915928840637,0.03450840711593628,0.6666666666666666
56f7fde8a6d7ea1400e17367,1,24,0.965805172920227,0.03419482707977295,0.6666666666666666
56f7fde8a6d7ea1400e17367,1,25,0.9668022990226746,0.03319770097732544,0.6666666666666666
56f7fde8a6d7ea1400e17367,1,26,0.9655161499977112,0.03448385000228882,0.6666666666666666
56f7fde8a6d7ea1400e17367,1,27,0.9621303677558899,0.03786963224411011,0.6666666666666666
56f7fde8a6d7ea1400e17367,1,28,0.9557585120201111,0.044241487979888916,0.6666666666666666
56f7fde8a6d7ea1400e17367,2,0,0.8599368929862976,0.1400631070137024,0.6666666666666666
56f7fde8a6d7ea1400e17367,2,1,0.9464491605758667,0.0535508394241333,0.6666666666666666
56f7fde8a6d7ea1400e17367,2,2,0.9274359941482544,0.0725640058517456,0.6666666666666666
56f7fde8a6d7ea1400e17367,2,3,0.938875675201416,0.061124324798583984,0.6666666666666666
56f7fde8a6d7ea1400e17367,2,4,0.93925541639328,0.06074458360671997,0.6666666666666666
56f7fde8a6d7ea1400e17367,2,5,0.9266837239265442,0.07331627607345581,0.6666666666666666
56f7fde8a6d7ea1400e17367,2,6,0.9142818450927734,0.08571815490722656,0.6666666666666666
56f7fde8a6d7ea1400e17367,2,7,0.9047622084617615,0.09523779153823853,0.6666666666666666
56f7fde8a6d7ea1400e17367,2,8,0.8915778994560242,0.10842210054397583,0.6666666666666666
56f7fde8a6d7ea1400e17367,2,9,0.8714016079902649,0.1285983920097351,0.6666666666666666
56f7fde8a6d7ea1400e17367,2,10,0.8661340475082397,0.13386595249176025,0.6666666666666666
56f7fde8a6d7ea1400e17367,2,11,0.8654646873474121,0.1345353126525879,0.6666666666666666
56f7fde8a6d7ea1400e17367,2,12,0.878178596496582,0.12182140350341797,0.6666666666666666
56f7fde8a6d7ea1400e17367,2,13,0.8885577321052551,0.11144226789474487,0.6666666666666666
56f7fde8a6d7ea1400e17367,2,14,0.8868277072906494,0.11317229270935059,0.6666666666666666
56f7fde8a6d7ea1400e17367,2,15,0.9118583798408508,0.08814162015914917,0.6666666666666666
56f7fde8a6d7ea1400e17367,2,16,0.9198000431060791,0.0801999568939209,0.6666666666666666
56f7fde8a6d7ea1400e17367,2,17,0.9287686347961426,0.07123136520385742,0.6666666666666666
56f7fde8a6d7ea1400e17367,2,18,0.9328293204307556,0.06717067956924438,0.6666666666666666
56f7fde8a6d7ea1400e17367,2,19,0.9327819347381592,0.06721806526184082,0.6666666666666666
56f7fde8a6d7ea1400e17367,2,20,0.9410840272903442,0.05891597270965576,0.6666666666666666
56f7fde8a6d7ea1400e17367,2,21,0.9470831155776978,0.052916884422302246,0.6666666666666666
56f7fde8a6d7ea1400e17367,2,22,0.949983537197113,0.05001646280288696,0.6666666666666666
56f7fde8a6d7ea1400e17367,2,23,0.9523158073425293,0.0476841926574707,0.6666666666666666
56f7fde8a6d7ea1400e17367,2,24,0.9528387188911438,0.0471612811088562,0.6666666666666666
56f7fde8a6d7ea1400e17367,2,25,0.9516358375549316,0.04836416244506836,0.6666666666666666
56f7fde8a6d7ea1400e17367,2,26,0.9462043642997742,0.05379563570022583,0.6666666666666666
56f7fde8a6d7ea1400e17367,2,27,0.9418290853500366,0.05817091464996338,0.6666666666666666
56f7fde8a6d7ea1400e17367,2,28,0.9207758903503418,0.0792241096496582,0.6666666666666666
56f7fde8a6d7ea1400e17367,3,0,0.769324779510498,0.23067522048950195,0.5
56f7fde8a6d7ea1400e17367,3,1,0.9230340719223022,0.07696592807769775,0.5
56f7fde8a6d7ea1400e17367,3,2,0.89769446849823,0.10230553150177002,0.5
56f7fde8a6d7ea1400e17367,3,3,0.9167801737785339,0.08321982622146606,0.5
56f7fde8a6d7ea1400e17367,3,4,0.9217339158058167,0.07826608419418335,0.5
56f7fde8a6d7ea1400e17367,3,5,0.896206259727478,0.10379374027252197,0.5
56f7fde8a6d7ea1400e17367,3,6,0.8798857927322388,0.12011420726776123,0.5
56f7fde8a6d7ea1400e17367,3,7,0.8554844856262207,0.1445155143737793,0.5
56f7fde8a6d7ea1400e17367,3,8,0.8323386311531067,0.1676613688468933,0.5
56f7fde8a6d7ea1400e17367,3,9,0.8155381679534912,0.1844618320465088,0.5
56f7fde8a6d7ea1400e17367,3,10,0.813199520111084,0.18680047988891602,0.5
56f7fde8a6d7ea1400e17367,3,11,0.8023084402084351,0.19769155979156494,0.5
56f7fde8a6d7ea1400e17367,3,12,0.8197177052497864,0.18028229475021362,0.5
56f7fde8a6d7ea1400e17367,3,13,0.8326177597045898,0.16738224029541016,0.5
56f7fde8a6d7ea1400e17367,3,14,0.8440528512001038,0.15594714879989624,0.5
56f7fde8a6d7ea1400e17367,3,15,0.8772040009498596,0.12279599905014038,0.5
56f7fde8a6d7ea1400e17367,3,16,0.8910126686096191,0.10898733139038086,0.5
56f7fde8a6d7ea1400e17367,3,17,0.9030553698539734,0.09694463014602661,0.5
56f7fde8a6d7ea1400e17367,3,18,0.9073671102523804,0.09263288974761963,0.5
56f7fde8a6d7ea1400e17367,3,19,0.9067462086677551,0.09325379133224487,0.5
56f7fde8a6d7ea1400e17367,3,20,0.91880863904953,0.08119136095046997,0.5
56f7fde8a6d7ea1400e17367,3,21,0.9259321689605713,0.07406783103942871,0.5
56f7fde8a6d7ea1400e17367,3,22,0.9305070042610168,0.06949299573898315,0.5
56f7fde8a6d7ea1400e17367,3,23,0.9335931539535522,0.06640684604644775,0.5
56f7fde8a6d7ea1400e17367,3,24,0.9326702356338501,0.0673297643661499,0.5
56f7fde8a6d7ea1400e17367,3,25,0.9299762845039368,0.07002371549606323,0.5
56f7fde8a6d7ea1400e17367,3,26,0.9176262617111206,0.0823737382888794,0.5
56f7fde8a6d7ea1400e17367,3,27,0.9128282070159912,0.08717179298400879,0.5
56f7fde8a6d7ea1400e17367,3,28,0.8779333829879761,0.12206661701202393,0.5
5705eb3375f01819005e7767,1,0,0.922038197517395,0.07796180248260498,1.0
5705eb3375f01819005e7767,1,1,0.9715737104415894,0.028426289558410645,1.0
5705eb3375f01819005e7767,1,2,0.9675605893135071,0.03243941068649292,1.0
5705eb3375f01819005e7767,1,3,0.9738659858703613,0.026134014129638672,1.0
5705eb3375f01819005e7767,1,4,0.9727974534034729,0.0272025465965271,1.0
5705eb3375f01819005e7767,1,5,0.9695072174072266,0.030492782592773438,1.0
5705eb3375f01819005e7767,1,6,0.9729345440864563,0.0270654559135437,1.0
5705eb3375f01819005e7767,1,7,0.9694123268127441,0.03058767318725586,1.0
5705eb3375f01819005e7767,1,8,0.9650495648384094,0.034950435161590576,1.0
5705eb3375f01819005e7767,1,9,0.9656562805175781,0.034343719482421875,1.0
5705eb3375f01819005e7767,1,10,0.9677339196205139,0.032266080379486084,1.0
5705eb3375f01819005e7767,1,11,0.96596759557724,0.03403240442276001,1.0
5705eb3375f01819005e7767,1,12,0.9695101976394653,0.030489802360534668,1.0
5705eb3375f01819005e7767,1,13,0.9722660779953003,0.027733922004699707,1.0
5705eb3375f01819005e7767,1,14,0.9758128523826599,0.024187147617340088,1.0
5705eb3375f01819005e7767,1,15,0.9805129766464233,0.01948702335357666,1.0
5705eb3375f01819005e7767,1,16,0.9838609099388123,0.016139090061187744,1.0
5705eb3375f01819005e7767,1,17,0.9851667881011963,0.014833211898803711,1.0
5705eb3375f01819005e7767,1,18,0.9852434396743774,0.014756560325622559,1.0
5705eb3375f01819005e7767,1,19,0.9846279621124268,0.015372037887573242,1.0
5705eb3375f01819005e7767,1,20,0.9866130948066711,0.013386905193328857,1.0
5705eb3375f01819005e7767,1,21,0.9882467985153198,0.011753201484680176,1.0
5705eb3375f01819005e7767,1,22,0.9887295365333557,0.011270463466644287,1.0
5705eb3375f01819005e7767,1,23,0.988765299320221,0.011234700679779053,1.0
5705eb3375f01819005e7767,1,24,0.9895229935646057,0.010477006435394287,1.0
5705eb3375f01819005e7767,1,25,0.9892383813858032,0.010761618614196777,1.0
5705eb3375f01819005e7767,1,26,0.9873467087745667,0.01265329122543335,1.0
5705eb3375f01819005e7767,1,27,0.9864543676376343,0.013545632362365723,1.0
5705eb3375f01819005e7767,1,28,0.9773561358451843,0.022643864154815674,1.0
5705eb3375f01819005e7767,2,0,0.8602824211120605,0.13971757888793945,1.0
5705eb3375f01819005e7767,2,1,0.9397501349449158,0.06024986505508423,1.0
5705eb3375f01819005e7767,2,2,0.9212872982025146,0.07871270179748535,1.0
5705eb3375f01819005e7767,2,3,0.920758068561554,0.07924193143844604,1.0
5705eb3375f01819005e7767,2,4,0.9053665399551392,0.09463346004486084,1.0
5705eb3375f01819005e7767,2,5,0.8917524218559265,0.10824757814407349,1.0
5705eb3375f01819005e7767,2,6,0.8864936828613281,0.11350631713867188,1.0
5705eb3375f01819005e7767,2,7,0.8643941283226013,0.13560587167739868,1.0
5705eb3375f01819005e7767,2,8,0.8595170974731445,0.14048290252685547,1.0
5705eb3375f01819005e7767,2,9,0.8519726395606995,0.14802736043930054,1.0
5705eb3375f01819005e7767,2,10,0.8626359105110168,0.13736408948898315,1.0
5705eb3375f01819005e7767,2,11,0.8535996079444885,0.14640039205551147,1.0
5705eb3375f01819005e7767,2,12,0.8653964400291443,0.1346035599708557,1.0
5705eb3375f01819005e7767,2,13,0.8822786808013916,0.1177213191986084,1.0
5705eb3375f01819005e7767,2,14,0.8931396007537842,0.10686039924621582,1.0
5705eb3375f01819005e7767,2,15,0.9186823964118958,0.08131760358810425,1.0
5705eb3375f01819005e7767,2,16,0.9255466461181641,0.07445335388183594,1.0
5705eb3375f01819005e7767,2,17,0.9330920577049255,0.06690794229507446,1.0
5705eb3375f01819005e7767,2,18,0.9371590614318848,0.06284093856811523,1.0
5705eb3375f01819005e7767,2,19,0.9382308721542358,0.06176912784576416,1.0
5705eb3375f01819005e7767,2,20,0.9459468722343445,0.05405312776565552,1.0
5705eb3375f01819005e7767,2,21,0.9481310844421387,0.05186891555786133,1.0
5705eb3375f01819005e7767,2,22,0.9502267241477966,0.04977327585220337,1.0
5705eb3375f01819005e7767,2,23,0.9513444900512695,0.04865550994873047,1.0
5705eb3375f01819005e7767,2,24,0.9510812759399414,0.048918724060058594,1.0
5705eb3375f01819005e7767,2,25,0.9394420981407166,0.06055790185928345,1.0
5705eb3375f01819005e7767,2,26,0.9189526438713074,0.08104735612869263,1.0
5705eb3375f01819005e7767,2,27,0.9108007550239563,0.0891992449760437,1.0
5705eb3375f01819005e7767,2,28,0.8474307656288147,0.1525692343711853,1.0
5705eb3375f01819005e7767,3,0,0.8199865818023682,0.18001341819763184,1.0
5705eb3375f01819005e7767,3,1,0.9247602224349976,0.07523977756500244,1.0
5705eb3375f01819005e7767,3,2,0.8933902978897095,0.10660970211029053,1.0
5705eb3375f01819005e7767,3,3,0.8865286111831665,0.1134713888168335,1.0
5705eb3375f01819005e7767,3,4,0.8557711839675903,0.14422881603240967,1.0
5705eb3375f01819005e7767,3,5,0.8363704681396484,0.16362953186035156,1.0
5705eb3375f01819005e7767,3,6,0.8312888741493225,0.1687111258506775,1.0
5705eb3375f01819005e7767,3,7,0.7932900190353394,0.20670998096466064,1.0
5705eb3375f01819005e7767,3,8,0.7847309112548828,0.2152690887451172,1.0
5705eb3375f01819005e7767,3,9,0.7636511325836182,0.23634886741638184,1.0
5705eb3375f01819005e7767,3,10,0.7706113457679749,0.22938865423202515,1.0
5705eb3375f01819005e7767,3,11,0.7616803646087646,0.23831963539123535,1.0
5705eb3375f01819005e7767,3,12,0.7842108011245728,0.21578919887542725,1.0
5705eb3375f01819005e7767,3,13,0.8162183165550232,0.1837816834449768,1.0
5705eb3375f01819005e7767,3,14,0.8340809345245361,0.16591906547546387,1.0
5705eb3375f01819005e7767,3,15,0.8713043928146362,0.12869560718536377,1.0
5705eb3375f01819005e7767,3,16,0.8795806169509888,0.12041938304901123,1.0
5705eb3375f01819005e7767,3,17,0.8922553658485413,0.10774463415145874,1.0
5705eb3375f01819005e7767,3,18,0.8990194201469421,0.10098057985305786,1.0
5705eb3375f01819005e7767,3,19,0.9022563099861145,0.0977436900138855,1.0
5705eb3375f01819005e7767,3,20,0.9137122631072998,0.0862877368927002,1.0
5705eb3375f01819005e7767,3,21,0.9175998568534851,0.08240014314651489,1.0
5705eb3375f01819005e7767,3,22,0.9207435250282288,0.07925647497177124,1.0
5705eb3375f01819005e7767,3,23,0.9228109121322632,0.07718908786773682,1.0
5705eb3375f01819005e7767,3,24,0.9233665466308594,0.07663345336914062,1.0
5705eb3375f01819005e7767,3,25,0.9124030470848083,0.08759695291519165,1.0
5705eb3375f01819005e7767,3,26,0.8919416069984436,0.1080583930015564,1.0
5705eb3375f01819005e7767,3,27,0.8785576224327087,0.12144237756729126,1.0
5705eb3375f01819005e7767,3,28,0.809491753578186,0.19050824642181396,1.0
570603c475f01819005e7884,1,0,0.8417537212371826,0.15824627876281738,0.0
570603c475f01819005e7884,1,1,0.8955791592597961,0.10442084074020386,0.0
570603c475f01819005e7884,1,2,0.866247296333313,0.133752703666687,0.0
570603c475f01819005e7884,1,3,0.8661699891090393,0.1338300108909607,0.0
570603c475f01819005e7884,1,4,0.8456841111183167,0.15431588888168335,0.0
570603c475f01819005e7884,1,5,0.8279745578765869,0.17202544212341309,0.0
570603c475f01819005e7884,1,6,0.8186920881271362,0.18130791187286377,0.0
570603c475f01819005e7884,1,7,0.8126732110977173,0.18732678890228271,0.0
570603c475f01819005e7884,1,8,0.8173741102218628,0.1826258897781372,0.0
570603c475f01819005e7884,1,9,0.8349766135215759,0.16502338647842407,0.0
570603c475f01819005e7884,1,10,0.8290196657180786,0.1709803342819214,0.0
570603c475f01819005e7884,1,11,0.8166763782501221,0.18332362174987793,0.0
570603c475f01819005e7884,1,12,0.8264832496643066,0.17351675033569336,0.0
570603c475f01819005e7884,1,13,0.8396613597869873,0.1603386402130127,0.0
570603c475f01819005e7884,1,14,0.853778064250946,0.14622193574905396,0.0
570603c475f01819005e7884,1,15,0.8615036010742188,0.13849639892578125,0.0
570603c475f01819005e7884,1,16,0.8782302737236023,0.1217697262763977,0.0
570603c475f01819005e7884,1,17,0.8897079229354858,0.11029207706451416,0.0
570603c475f01819005e7884,1,18,0.8942298293113708,0.10577017068862915,0.0
570603c475f01819005e7884,1,19,0.8884256482124329,0.11157435178756714,0.0
570603c475f01819005e7884,1,20,0.8963634967803955,0.10363650321960449,0.0
570603c475f01819005e7884,1,21,0.9042455554008484,0.09575444459915161,0.0
570603c475f01819005e7884,1,22,0.9077606797218323,0.09223932027816772,0.0
570603c475f01819005e7884,1,23,0.9057525992393494,0.09424740076065063,0.0
570603c475f01819005e7884,1,24,0.9091619253158569,0.09083807468414307,0.0
570603c475f01819005e7884,1,25,0.909034013748169,0.09096598625183105,0.0
570603c475f01819005e7884,1,26,0.9006186127662659,0.09938138723373413,0.0
570603c475f01819005e7884,1,27,0.89842289686203,0.10157710313796997,0.0
570603c475f01819005e7884,1,28,0.8527377247810364,0.14726227521896362,0.0
570603c475f01819005e7884,2,0,0.650825023651123,0.34917497634887695,0.0
570603c475f01819005e7884,2,1,0.803377628326416,0.19662237167358398,0.0
570603c475f01819005e7884,2,2,0.7600274682044983,0.2399725317955017,0.0
570603c475f01819005e7884,2,3,0.7689419984817505,0.2310580015182495,0.0
570603c475f01819005e7884,2,4,0.7425433397293091,0.2574566602706909,0.0
570603c475f01819005e7884,2,5,0.7092787623405457,0.29072123765945435,0.0
570603c475f01819005e7884,2,6,0.6998464465141296,0.30015355348587036,0.0
570603c475f01819005e7884,2,7,0.6978338360786438,0.3021661639213562,0.0
570603c475f01819005e7884,2,8,0.7103721499443054,0.2896278500556946,0.0
570603c475f01819005e7884,2,9,0.7293253540992737,0.2706746459007263,0.0
570603c475f01819005e7884,2,10,0.7297284603118896,0.27027153968811035,0.0
570603c475f01819005e7884,2,11,0.71197509765625,0.28802490234375,0.0
570603c475f01819005e7884,2,12,0.7365912795066833,0.26340872049331665,0.0
570603c475f01819005e7884,2,13,0.7540244460105896,0.2459755539894104,0.0
570603c475f01819005e7884,2,14,0.7723122835159302,0.22768771648406982,0.0
570603c475f01819005e7884,2,15,0.7972091436386108,0.20279085636138916,0.0
570603c475f01819005e7884,2,16,0.8290448188781738,0.17095518112182617,0.0
570603c475f01819005e7884,2,17,0.8503564596176147,0.14964354038238525,0.0
570603c475f01819005e7884,2,18,0.8548704981803894,0.1451295018196106,0.0
570603c475f01819005e7884,2,19,0.8467327952384949,0.15326720476150513,0.0
570603c475f01819005e7884,2,20,0.8633211255073547,0.13667887449264526,0.0
570603c475f01819005e7884,2,21,0.8729488253593445,0.12705117464065552,0.0
570603c475f01819005e7884,2,22,0.8736680150032043,0.12633198499679565,0.0
570603c475f01819005e7884,2,23,0.8742809295654297,0.1257190704345703,0.0
570603c475f01819005e7884,2,24,0.8739088773727417,0.1260911226272583,0.0
570603c475f01819005e7884,2,25,0.8707746863365173,0.12922531366348267,0.0
570603c475f01819005e7884,2,26,0.8457456827163696,0.15425431728363037,0.0
570603c475f01819005e7884,2,27,0.8340521454811096,0.16594785451889038,0.0
570603c475f01819005e7884,2,28,0.7578028440475464,0.2421971559524536,0.0
570603c475f01819005e7884,3,0,0.4957607090473175,0.5042393207550049,0.0
570603c475f01819005e7884,3,1,0.7282413244247437,0.27175867557525635,0.0
570603c475f01819005e7884,3,2,0.6612594723701477,0.3387405276298523,0.0
570603c475f01819005e7884,3,3,0.6783674359321594,0.3216325640678406,0.0
570603c475f01819005e7884,3,4,0.6547482013702393,0.34525179862976074,0.0
570603c475f01819005e7884,3,5,0.6240184903144836,0.37598150968551636,0.0
570603c475f01819005e7884,3,6,0.6178131699562073,0.3821868300437927,0.0
570603c475f01819005e7884,3,7,0.6149568557739258,0.3850431442260742,0.0
570603c475f01819005e7884,3,8,0.6266458034515381,0.3733541965484619,0.0
570603c475f01819005e7884,3,9,0.6368691921234131,0.3631308078765869,0.0
570603c475f01819005e7884,3,10,0.6431261301040649,0.35687386989593506,0.0
570603c475f01819005e7884,3,11,0.628577709197998,0.37142229080200195,0.0
570603c475f01819005e7884,3,12,0.6627565622329712,0.3372434377670288,0.0
570603c475f01819005e7884,3,13,0.6891197562217712,0.31088024377822876,0.0
570603c475f01819005e7884,3,14,0.7161904573440552,0.2838095426559448,0.0
570603c475f01819005e7884,3,15,0.7542301416397095,0.24576985836029053,0.0
570603c475f01819005e7884,3,16,0.7878773212432861,0.21212267875671387,0.0
570603c475f01819005e7884,3,17,0.8159053325653076,0.18409466743469238,0.0
570603c475f01819005e7884,3,18,0.8157351613044739,0.18426483869552612,0.0
570603c475f01819005e7884,3,19,0.8092730045318604,0.19072699546813965,0.0
570603c475f01819005e7884,3,20,0.8316031098365784,0.16839689016342163,0.0
570603c475f01819005e7884,3,21,0.8423193097114563,0.1576806902885437,0.0
570603c475f01819005e7884,3,22,0.8405457735061646,0.15945422649383545,0.0
570603c475f01819005e7884,3,23,0.8427731394767761,0.15722686052322388,0.0
570603c475f01819005e7884,3,24,0.8370884656906128,0.1629115343093872,0.0
570603c475f01819005e7884,3,25,0.8319177031517029,0.16808229684829712,0.0
570603c475f01819005e7884,3,26,0.7922893166542053,0.20771068334579468,0.0
570603c475f01819005e7884,3,27,0.7745418548583984,0.22545814514160156,0.0
570603c475f01819005e7884,3,28,0.6865075826644897,0.31349241733551025,0.0
57097051ed30961900e84135,1,0,0.7573392391204834,0.2426607608795166,0.0
57097051ed30961900e84135,1,1,0.9134238362312317,0.08657616376876831,0.0
57097051ed30961900e84135,1,2,0.8949336409568787,0.10506635904312134,0.0
57097051ed30961900e84135,1,3,0.9111577272415161,0.08884227275848389,0.0
57097051ed30961900e84135,1,4,0.9278638958930969,0.07213610410690308,0.0
57097051ed30961900e84135,1,5,0.9220417737960815,0.07795822620391846,0.0
57097051ed30961900e84135,1,6,0.9197521209716797,0.08024787902832031,0.0
57097051ed30961900e84135,1,7,0.9244493842124939,0.0755506157875061,0.0
57097051ed30961900e84135,1,8,0.9289237260818481,0.07107627391815186,0.0
57097051ed30961900e84135,1,9,0.933137059211731,0.06686294078826904,0.0
57097051ed30961900e84135,1,10,0.9387664198875427,0.061233580112457275,0.0
57097051ed30961900e84135,1,11,0.9480960369110107,0.05190396308898926,0.0
57097051ed30961900e84135,1,12,0.9452584385871887,0.05474156141281128,0.0
57097051ed30961900e84135,1,13,0.9480596780776978,0.051940321922302246,0.0
57097051ed30961900e84135,1,14,0.9462425708770752,0.053757429122924805,0.0
57097051ed30961900e84135,1,15,0.9519271850585938,0.04807281494140625,0.0
57097051ed30961900e84135,1,16,0.9589647054672241,0.04103529453277588,0.0
57097051ed30961900e84135,1,17,0.9620144367218018,0.03798556327819824,0.0
57097051ed30961900e84135,1,18,0.9603021144866943,0.039697885513305664,0.0
57097051ed30961900e84135,1,19,0.9604251384735107,0.03957486152648926,0.0
57097051ed30961900e84135,1,20,0.9648787975311279,0.03512120246887207,0.0
57097051ed30961900e84135,1,21,0.9684880375862122,0.03151196241378784,0.0
57097051ed30961900e84135,1,22,0.9715241193771362,0.02847588062286377,0.0
57097051ed30961900e84135,1,23,0.9710224270820618,0.028977572917938232,0.0
57097051ed30961900e84135,1,24,0.9730151295661926,0.026984870433807373,0.0
57097051ed30961900e84135,1,25,0.9730554223060608,0.02694457769393921,0.0
57097051ed30961900e84135,1,26,0.9692428708076477,0.030757129192352295,0.0
57097051ed30961900e84135,1,27,0.9680417776107788,0.03195822238922119,0.0
57097051ed30961900e84135,1,28,0.9589625597000122,0.04103744029998779,0.0
57097051ed30961900e84135,2,0,0.6777515411376953,0.3222484588623047,0.0
57097051ed30961900e84135,2,1,0.8602511286735535,0.13974887132644653,0.0
57097051ed30961900e84135,2,2,0.8078080415725708,0.1921919584274292,0.0
57097051ed30961900e84135,2,3,0.8260380625724792,0.17396193742752075,0.0
57097051ed30961900e84135,2,4,0.8424174189567566,0.1575825810432434,0.0
57097051ed30961900e84135,2,5,0.8096700310707092,0.19032996892929077,0.0
57097051ed30961900e84135,2,6,0.7978509664535522,0.20214903354644775,0.0
57097051ed30961900e84135,2,7,0.8120149970054626,0.18798500299453735,0.0
57097051ed30961900e84135,2,8,0.8133364319801331,0.18666356801986694,0.0
57097051ed30961900e84135,2,9,0.8221253752708435,0.1778746247291565,0.0
57097051ed30961900e84135,2,10,0.8281126022338867,0.17188739776611328,0.0
57097051ed30961900e84135,2,11,0.8517034649848938,0.1482965350151062,0.0
57097051ed30961900e84135,2,12,0.8486724495887756,0.15132755041122437,0.0
57097051ed30961900e84135,2,13,0.8554576635360718,0.14454233646392822,0.0
57097051ed30961900e84135,2,14,0.8627442717552185,0.1372557282447815,0.0
57097051ed30961900e84135,2,15,0.8783649206161499,0.1216350793838501,0.0
57097051ed30961900e84135,2,16,0.8940615057945251,0.10593849420547485,0.0
57097051ed30961900e84135,2,17,0.9009582996368408,0.09904170036315918,0.0
57097051ed30961900e84135,2,18,0.8988649845123291,0.1011350154876709,0.0
57097051ed30961900e84135,2,19,0.9016415476799011,0.09835845232009888,0.0
57097051ed30961900e84135,2,20,0.9148420095443726,0.08515799045562744,0.0
57097051ed30961900e84135,2,21,0.9261399507522583,0.0738600492477417,0.0
57097051ed30961900e84135,2,22,0.9337887167930603,0.0662112832069397,0.0
57097051ed30961900e84135,2,23,0.9350661039352417,0.0649338960647583,0.0
57097051ed30961900e84135,2,24,0.9413513541221619,0.058648645877838135,0.0
57097051ed30961900e84135,2,25,0.9424504637718201,0.05754953622817993,0.0
57097051ed30961900e84135,2,26,0.9344812631607056,0.06551873683929443,0.0
57097051ed30961900e84135,2,27,0.933086633682251,0.06691336631774902,0.0
57097051ed30961900e84135,2,28,0.9049656391143799,0.09503436088562012,0.0
57097051ed30961900e84135,3,0,0.568595826625824,0.431404173374176,0.0
57097051ed30961900e84135,3,1,0.8093302845954895,0.1906697154045105,0.0
57097051ed30961900e84135,3,2,0.7304419279098511,0.2695580720901489,0.0
57097051ed30961900e84135,3,3,0.7643636465072632,0.23563635349273682,0.0
57097051ed30961900e84135,3,4,0.7779899835586548,0.22201001644134521,0.0
57097051ed30961900e84135,3,5,0.7263140082359314,0.2736859917640686,0.0
57097051ed30961900e84135,3,6,0.6959683299064636,0.3040316700935364,0.0
57097051ed30961900e84135,3,7,0.7000983953475952,0.2999016046524048,0.0
57097051ed30961900e84135,3,8,0.7150226831436157,0.2849773168563843,0.0
57097051ed30961900e84135,3,9,0.714715838432312,0.285284161567688,0.0
57097051ed30961900e84135,3,10,0.7097127437591553,0.2902872562408447,0.0
57097051ed30961900e84135,3,11,0.7294288277626038,0.27057117223739624,0.0
57097051ed30961900e84135,3,12,0.7423382997512817,0.25766170024871826,0.0
57097051ed30961900e84135,3,13,0.7598938345909119,0.24010616540908813,0.0
57097051ed30961900e84135,3,14,0.7761538028717041,0.2238461971282959,0.0
57097051ed30961900e84135,3,15,0.8103458285331726,0.1896541714668274,0.0
57097051ed30961900e84135,3,16,0.8274523019790649,0.17254769802093506,0.0
57097051ed30961900e84135,3,17,0.8403131365776062,0.1596868634223938,0.0
57097051ed30961900e84135,3,18,0.8327609300613403,0.16723906993865967,0.0
57097051ed30961900e84135,3,19,0.8420218825340271,0.1579781174659729,0.0
57097051ed30961900e84135,3,20,0.8634554147720337,0.1365445852279663,0.0
57097051ed30961900e84135,3,21,0.88041090965271,0.11958909034729004,0.0
57097051ed30961900e84135,3,22,0.8894780278205872,0.11052197217941284,0.0
57097051ed30961900e84135,3,23,0.8929397463798523,0.1070602536201477,0.0
57097051ed30961900e84135,3,24,0.8965079188346863,0.10349208116531372,0.0
57097051ed30961900e84135,3,25,0.8868167996406555,0.11318320035934448,0.0
57097051ed30961900e84135,3,26,0.8694279193878174,0.13057208061218262,0.0
57097051ed30961900e84135,3,27,0.8551664352416992,0.14483356475830078,0.0
57097051ed30961900e84135,3,28,0.807230532169342,0.19276946783065796,0.0
570d26efb3d812140066d493,1,0,0.8511111736297607,0.14888882637023926,0.0
570d26efb3d812140066d493,1,1,0.9400827884674072,0.05991721153259277,0.0
570d26efb3d812140066d493,1,2,0.9308061599731445,0.06919384002685547,0.0
570d26efb3d812140066d493,1,3,0.943962037563324,0.056037962436676025,0.0
570d26efb3d812140066d493,1,4,0.9442845582962036,0.05571544170379639,0.0
570d26efb3d812140066d493,1,5,0.939205527305603,0.06079447269439697,0.0
570d26efb3d812140066d493,1,6,0.9539223909378052,0.046077609062194824,0.0
570d26efb3d812140066d493,1,7,0.9592001438140869,0.040799856185913086,0.0
570d26efb3d812140066d493,1,8,0.9632483124732971,0.03675168752670288,0.0
570d26efb3d812140066d493,1,9,0.9594320058822632,0.040567994117736816,0.0
570d26efb3d812140066d493,1,10,0.9614527225494385,0.03854727745056152,0.0
570d26efb3d812140066d493,1,11,0.9653071761131287,0.03469282388687134,0.0
570d26efb3d812140066d493,1,12,0.9654784202575684,0.03452157974243164,0.0
570d26efb3d812140066d493,1,13,0.9662297368049622,0.03377026319503784,0.0
570d26efb3d812140066d493,1,14,0.9661562442779541,0.0338437557220459,0.0
570d26efb3d812140066d493,1,15,0.970759928226471,0.029240071773529053,0.0
570d26efb3d812140066d493,1,16,0.9759591817855835,0.024040818214416504,0.0
570d26efb3d812140066d493,1,17,0.9747995138168335,0.025200486183166504,0.0
570d26efb3d812140066d493,1,18,0.9739386439323425,0.02606135606765747,0.0
570d26efb3d812140066d493,1,19,0.974206268787384,0.025793731212615967,0.0
570d26efb3d812140066d493,1,20,0.9730947017669678,0.026905298233032227,0.0
570d26efb3d812140066d493,1,21,0.9747930765151978,0.025206923484802246,0.0
570d26efb3d812140066d493,1,22,0.9764797687530518,0.023520231246948242,0.0
570d26efb3d812140066d493,1,23,0.9777837991714478,0.022216200828552246,0.0
570d26efb3d812140066d493,1,24,0.9752433896064758,0.02475661039352417,0.0
570d26efb3d812140066d493,1,25,0.9733461737632751,0.026653826236724854,0.0
570d26efb3d812140066d493,1,26,0.9715045690536499,0.028495430946350098,0.0
570d26efb3d812140066d493,1,27,0.9701661467552185,0.029833853244781494,0.0
570d26efb3d812140066d493,1,28,0.9582118988037109,0.04178810119628906,0.0
570d26efb3d812140066d493,2,0,0.6233385801315308,0.37666141986846924,0.0
570d26efb3d812140066d493,2,1,0.8382901549339294,0.16170984506607056,0.0
570d26efb3d812140066d493,2,2,0.800355851650238,0.19964414834976196,0.0
570d26efb3d812140066d493,2,3,0.8448567390441895,0.15514326095581055,0.0
570d26efb3d812140066d493,2,4,0.840160608291626,0.15983939170837402,0.0
570d26efb3d812140066d493,2,5,0.8172640204429626,0.18273597955703735,0.0
570d26efb3d812140066d493,2,6,0.8385130763053894,0.1614869236946106,0.0
570d26efb3d812140066d493,2,7,0.8361724019050598,0.16382759809494019,0.0
570d26efb3d812140066d493,2,8,0.8350560665130615,0.16494393348693848,0.0
570d26efb3d812140066d493,2,9,0.84889155626297,0.15110844373703003,0.0
570d26efb3d812140066d493,2,10,0.8475823998451233,0.1524176001548767,0.0
570d26efb3d812140066d493,2,11,0.8579564690589905,0.14204353094100952,0.0
570d26efb3d812140066d493,2,12,0.8600394129753113,0.13996058702468872,0.0
570d26efb3d812140066d493,2,13,0.8733559250831604,0.1266440749168396,0.0
570d26efb3d812140066d493,2,14,0.8725427389144897,0.12745726108551025,0.0
570d26efb3d812140066d493,2,15,0.8969665169715881,0.10303348302841187,0.0
570d26efb3d812140066d493,2,16,0.9104466438293457,0.0895533561706543,0.0
570d26efb3d812140066d493,2,17,0.9131395220756531,0.08686047792434692,0.0
570d26efb3d812140066d493,2,18,0.9047908186912537,0.09520918130874634,0.0
570d26efb3d812140066d493,2,19,0.9071642160415649,0.09283578395843506,0.0
570d26efb3d812140066d493,2,20,0.9165891408920288,0.08341085910797119,0.0
570d26efb3d812140066d493,2,21,0.9239240884780884,0.07607591152191162,0.0
570d26efb3d812140066d493,2,22,0.9240394830703735,0.07596051692962646,0.0
570d26efb3d812140066d493,2,23,0.9279933571815491,0.07200664281845093,0.0
570d26efb3d812140066d493,2,24,0.9273324012756348,0.07266759872436523,0.0
570d26efb3d812140066d493,2,25,0.9269490242004395,0.07305097579956055,0.0
570d26efb3d812140066d493,2,26,0.910166323184967,0.08983367681503296,0.0
570d26efb3d812140066d493,2,27,0.8984502553939819,0.10154974460601807,0.0
570d26efb3d812140066d493,2,28,0.8546074628829956,0.1453925371170044,0.0
570d26efb3d812140066d493,3,0,0.4940950572490692,0.5059049129486084,0.0
570d26efb3d812140066d493,3,1,0.7584103345870972,0.24158966541290283,0.0
570d26efb3d812140066d493,3,2,0.6895975470542908,0.31040245294570923,0.0
570d26efb3d812140066d493,3,3,0.7544007897377014,0.24559921026229858,0.0
570d26efb3d812140066d493,3,4,0.7320602536201477,0.2679397463798523,0.0
570d26efb3d812140066d493,3,5,0.6873224377632141,0.3126775622367859,0.0
570d26efb3d812140066d493,3,6,0.7052447199821472,0.2947552800178528,0.0
570d26efb3d812140066d493,3,7,0.6996772885322571,0.3003227114677429,0.0
570d26efb3d812140066d493,3,8,0.7039617896080017,0.2960382103919983,0.0
570d26efb3d812140066d493,3,9,0.7327905893325806,0.26720941066741943,0.0
570d26efb3d812140066d493,3,10,0.7328502535820007,0.26714974641799927,0.0
570d26efb3d812140066d493,3,11,0.7559816241264343,0.24401837587356567,0.0
570d26efb3d812140066d493,3,12,0.7643897533416748,0.2356102466583252,0.0
570d26efb3d812140066d493,3,13,0.7870272994041443,0.2129727005958557,0.0
570d26efb3d812140066d493,3,14,0.7934803366661072,0.20651966333389282,0.0
570d26efb3d812140066d493,3,15,0.8364382982254028,0.16356170177459717,0.0
570d26efb3d812140066d493,3,16,0.8530361652374268,0.14696383476257324,0.0
570d26efb3d812140066d493,3,17,0.8658758401870728,0.13412415981292725,0.0
570d26efb3d812140066d493,3,18,0.854647159576416,0.14535284042358398,0.0
570d26efb3d812140066d493,3,19,0.8602750301361084,0.1397249698638916,0.0
570d26efb3d812140066d493,3,20,0.8720791339874268,0.12792086601257324,0.0
570d26efb3d812140066d493,3,21,0.8799402713775635,0.12005972862243652,0.0
570d26efb3d812140066d493,3,22,0.8814282417297363,0.11857175827026367,0.0
570d26efb3d812140066d493,3,23,0.8897557258605957,0.1102442741394043,0.0
570d26efb3d812140066d493,3,24,0.8876885175704956,0.1123114824295044,0.0
570d26efb3d812140066d493,3,25,0.8788161873817444,0.12118381261825562,0.0
570d26efb3d812140066d493,3,26,0.8562026023864746,0.1437973976135254,0.0
570d26efb3d812140066d493,3,27,0.8340106010437012,0.16598939895629883,0.0
570d26efb3d812140066d493,3,28,0.7692080140113831,0.23079198598861694,0.0
571127a5a58dae1900cd6cc5,1,0,0.9151676893234253,0.08483231067657471,0.0
571127a5a58dae1900cd6cc5,1,1,0.9687016606330872,0.03129833936691284,0.0
571127a5a58dae1900cd6cc5,1,2,0.9640153646469116,0.03598463535308838,0.0
571127a5a58dae1900cd6cc5,1,3,0.9717655777931213,0.028234422206878662,0.0
571127a5a58dae1900cd6cc5,1,4,0.9680137038230896,0.0319862961769104,0.0
571127a5a58dae1900cd6cc5,1,5,0.9582400321960449,0.04175996780395508,0.0
571127a5a58dae1900cd6cc5,1,6,0.9622130393981934,0.03778696060180664,0.0
571127a5a58dae1900cd6cc5,1,7,0.9565253257751465,0.043474674224853516,0.0
571127a5a58dae1900cd6cc5,1,8,0.9513090252876282,0.048690974712371826,0.0
571127a5a58dae1900cd6cc5,1,9,0.9492751359939575,0.05072486400604248,0.0
571127a5a58dae1900cd6cc5,1,10,0.9504083395004272,0.049591660499572754,0.0
571127a5a58dae1900cd6cc5,1,11,0.9507315754890442,0.04926842451095581,0.0
571127a5a58dae1900cd6cc5,1,12,0.950336217880249,0.04966378211975098,0.0
571127a5a58dae1900cd6cc5,1,13,0.9578880667686462,0.04211193323135376,0.0
571127a5a58dae1900cd6cc5,1,14,0.965740442276001,0.03425955772399902,0.0
571127a5a58dae1900cd6cc5,1,15,0.9716742038726807,0.028325796127319336,0.0
571127a5a58dae1900cd6cc5,1,16,0.9778472185134888,0.02215278148651123,0.0
571127a5a58dae1900cd6cc5,1,17,0.9794780015945435,0.020521998405456543,0.0
571127a5a58dae1900cd6cc5,1,18,0.9791557788848877,0.020844221115112305,0.0
571127a5a58dae1900cd6cc5,1,19,0.9790186882019043,0.020981311798095703,0.0
571127a5a58dae1900cd6cc5,1,20,0.9822073578834534,0.01779264211654663,0.0
571127a5a58dae1900cd6cc5,1,21,0.9840641617774963,0.015935838222503662,0.0
571127a5a58dae1900cd6cc5,1,22,0.9853866696357727,0.014613330364227295,0.0
571127a5a58dae1900cd6cc5,1,23,0.9851270914077759,0.014872908592224121,0.0
571127a5a58dae1900cd6cc5,1,24,0.9848813414573669,0.015118658542633057,0.0
571127a5a58dae1900cd6cc5,1,25,0.9847288131713867,0.015271186828613281,0.0
571127a5a58dae1900cd6cc5,1,26,0.9830392599105835,0.016960740089416504,0.0
571127a5a58dae1900cd6cc5,1,27,0.9828026294708252,0.017197370529174805,0.0
571127a5a58dae1900cd6cc5,1,28,0.974625289440155,0.02537471055984497,0.0
571127a5a58dae1900cd6cc5,2,0,0.8240854144096375,0.17591458559036255,0.19999999999999996
571127a5a58dae1900cd6cc5,2,1,0.9300680160522461,0.0699319839477539,0.19999999999999996
571127a5a58dae1900cd6cc5,2,2,0.9009403586387634,0.09905964136123657,0.19999999999999996
571127a5a58dae1900cd6cc5,2,3,0.9151468276977539,0.0848531723022461,0.19999999999999996
571127a5a58dae1900cd6cc5,2,4,0.8908373117446899,0.10916268825531006,0.19999999999999996
571127a5a58dae1900cd6cc5,2,5,0.8783552050590515,0.12164479494094849,0.19999999999999996
571127a5a58dae1900cd6cc5,2,6,0.8980227708816528,0.10197722911834717,0.19999999999999996
571127a5a58dae1900cd6cc5,2,7,0.8819484710693359,0.11805152893066406,0.19999999999999996
571127a5a58dae1900cd6cc5,2,8,0.869820237159729,0.130179762840271,0.19999999999999996
571127a5a58dae1900cd6cc5,2,9,0.8730674982070923,0.12693250179290771,0.19999999999999996
571127a5a58dae1900cd6cc5,2,10,0.8740246295928955,0.1259753704071045,0.19999999999999996
571127a5a58dae1900cd6cc5,2,11,0.8802026510238647,0.11979734897613525,0.19999999999999996
571127a5a58dae1900cd6cc5,2,12,0.8785073757171631,0.12149262428283691,0.19999999999999996
571127a5a58dae1900cd6cc5,2,13,0.8838154077529907,0.11618459224700928,0.19999999999999996
571127a5a58dae1900cd6cc5,2,14,0.8972672820091248,0.10273271799087524,0.19999999999999996
571127a5a58dae1900cd6cc5,2,15,0.904421865940094,0.095578134059906,0.19999999999999996
571127a5a58dae1900cd6cc5,2,16,0.9193998575210571,0.08060014247894287,0.19999999999999996
571127a5a58dae1900cd6cc5,2,17,0.9290528893470764,0.07094711065292358,0.19999999999999996
571127a5a58dae1900cd6cc5,2,18,0.9312530159950256,0.06874698400497437,0.19999999999999996
571127a5a58dae1900cd6cc5,2,19,0.9305803179740906,0.06941968202590942,0.19999999999999996
571127a5a58dae1900cd6cc5,2,20,0.9388477802276611,0.06115221977233887,0.19999999999999996
571127a5a58dae1900cd6cc5,2,21,0.9447715282440186,0.055228471755981445,0.19999999999999996
571127a5a58dae1900cd6cc5,2,22,0.9492442607879639,0.05075573921203613,0.19999999999999996
571127a5a58dae1900cd6cc5,2,23,0.9504085779190063,0.04959142208099365,0.19999999999999996
571127a5a58dae1900cd6cc5,2,24,0.9504134058952332,0.049586594104766846,0.19999999999999996
571127a5a58dae1900cd6cc5,2,25,0.9466750621795654,0.05332493782043457,0.19999999999999996
571127a5a58dae1900cd6cc5,2,26,0.936324954032898,0.06367504596710205,0.19999999999999996
571127a5a58dae1900cd6cc5,2,27,0.9328303337097168,0.0671696662902832,0.19999999999999996
571127a5a58dae1900cd6cc5,2,28,0.8967028856277466,0.10329711437225342,0.19999999999999996
571127a5a58dae1900cd6cc5,3,0,0.6887720823287964,0.3112279176712036,0.19999999999999996
571127a5a58dae1900cd6cc5,3,1,0.8540161848068237,0.14598381519317627,0.19999999999999996
571127a5a58dae1900cd6cc5,3,2,0.793375551700592,0.20662444829940796,0.19999999999999996
571127a5a58dae1900cd6cc5,3,3,0.8264861702919006,0.17351382970809937,0.19999999999999996
571127a5a58dae1900cd6cc5,3,4,0.7968003749847412,0.2031996250152588,0.19999999999999996
571127a5a58dae1900cd6cc5,3,5,0.7706750631332397,0.22932493686676025,0.19999999999999996
571127a5a58dae1900cd6cc5,3,6,0.7822703719139099,0.2177296280860901,0.19999999999999996
571127a5a58dae1900cd6cc5,3,7,0.73995041847229,0.26004958152770996,0.19999999999999996
571127a5a58dae1900cd6cc5,3,8,0.7401031851768494,0.25989681482315063,0.19999999999999996
571127a5a58dae1900cd6cc5,3,9,0.736778974533081,0.26322102546691895,0.19999999999999996
571127a5a58dae1900cd6cc5,3,10,0.7446054220199585,0.2553945779800415,0.19999999999999996
571127a5a58dae1900cd6cc5,3,11,0.7545803785324097,0.24541962146759033,0.19999999999999996
571127a5a58dae1900cd6cc5,3,12,0.7598073482513428,0.24019265174865723,0.19999999999999996
571127a5a58dae1900cd6cc5,3,13,0.7730552554130554,0.22694474458694458,0.19999999999999996
571127a5a58dae1900cd6cc5,3,14,0.7893882393836975,0.2106117606163025,0.19999999999999996
571127a5a58dae1900cd6cc5,3,15,0.8153468370437622,0.1846531629562378,0.19999999999999996
571127a5a58dae1900cd6cc5,3,16,0.8429485559463501,0.1570514440536499,0.19999999999999996
571127a5a58dae1900cd6cc5,3,17,0.8586730360984802,0.14132696390151978,0.19999999999999996
571127a5a58dae1900cd6cc5,3,18,0.8575031161308289,0.14249688386917114,0.19999999999999996
571127a5a58dae1900cd6cc5,3,19,0.8570592999458313,0.1429407000541687,0.19999999999999996
571127a5a58dae1900cd6cc5,3,20,0.8751116394996643,0.1248883605003357,0.19999999999999996
571127a5a58dae1900cd6cc5,3,21,0.8872470259666443,0.11275297403335571,0.19999999999999996
571127a5a58dae1900cd6cc5,3,22,0.8920352458953857,0.10796475410461426,0.19999999999999996
571127a5a58dae1900cd6cc5,3,23,0.8959459662437439,0.1040540337562561,0.19999999999999996
571127a5a58dae1900cd6cc5,3,24,0.8984541893005371,0.10154581069946289,0.19999999999999996
571127a5a58dae1900cd6cc5,3,25,0.8925188779830933,0.10748112201690674,0.19999999999999996
571127a5a58dae1900cd6cc5,3,26,0.8706172108650208,0.12938278913497925,0.19999999999999996
571127a5a58dae1900cd6cc5,3,27,0.859833300113678,0.14016669988632202,0.19999999999999996
571127a5a58dae1900cd6cc5,3,28,0.7806875109672546,0.21931248903274536,0.19999999999999996
571bb2269499d21900609caa,1,0,0.8937258124351501,0.10627418756484985,-1.0
571bb2269499d21900609caa,1,1,0.9582000970840454,0.04179990291595459,-1.0
571bb2269499d21900609caa,1,2,0.9458341002464294,0.05416589975357056,-1.0
571bb2269499d21900609caa,1,3,0.9565431475639343,0.043456852436065674,-1.0
571bb2269499d21900609caa,1,4,0.9532876014709473,0.046712398529052734,-1.0
571bb2269499d21900609caa,1,5,0.942631721496582,0.05736827850341797,-1.0
571bb2269499d21900609caa,1,6,0.9429880976676941,0.05701190233230591,-1.0
571bb2269499d21900609caa,1,7,0.9451771378517151,0.05482286214828491,-1.0
571bb2269499d21900609caa,1,8,0.9394311308860779,0.06056886911392212,-1.0
571bb2269499d21900609caa,1,9,0.9492502212524414,0.050749778747558594,-1.0
571bb2269499d21900609caa,1,10,0.9511014223098755,0.04889857769012451,-1.0
571bb2269499d21900609caa,1,11,0.9530761241912842,0.04692387580871582,-1.0
571bb2269499d21900609caa,1,12,0.9540008306503296,0.04599916934967041,-1.0
571bb2269499d21900609caa,1,13,0.9574292898178101,0.04257071018218994,-1.0
571bb2269499d21900609caa,1,14,0.9605885148048401,0.03941148519515991,-1.0
571bb2269499d21900609caa,1,15,0.9700754284858704,0.02992457151412964,-1.0
571bb2269499d21900609caa,1,16,0.9742736220359802,0.025726377964019775,-1.0
571bb2269499d21900609caa,1,17,0.9747944474220276,0.025205552577972412,-1.0
571bb2269499d21900609caa,1,18,0.975454568862915,0.02454543113708496,-1.0
571bb2269499d21900609caa,1,19,0.9757451415061951,0.02425485849380493,-1.0
571bb2269499d21900609caa,1,20,0.9790510535240173,0.020948946475982666,-1.0
571bb2269499d21900609caa,1,21,0.9811569452285767,0.01884305477142334,-1.0
571bb2269499d21900609caa,1,22,0.9810986518859863,0.018901348114013672,-1.0
571bb2269499d21900609caa,1,23,0.9821867346763611,0.017813265323638916,-1.0
571bb2269499d21900609caa,1,24,0.9827129244804382,0.017287075519561768,-1.0
571bb2269499d21900609caa,1,25,0.9830632209777832,0.016936779022216797,-1.0
571bb2269499d21900609caa,1,26,0.9805094599723816,0.019490540027618408,-1.0
571bb2269499d21900609caa,1,27,0.9803788661956787,0.01962113380432129,-1.0
571bb2269499d21900609caa,1,28,0.9761781096458435,0.023821890354156494,-1.0
571bb2269499d21900609caa,2,0,0.7825440764427185,0.2174559235572815,-1.0
571bb2269499d21900609caa,2,1,0.9076395034790039,0.0923604965209961,-1.0
571bb2269499d21900609caa,2,2,0.8803690075874329,0.11963099241256714,-1.0
571bb2269499d21900609caa,2,3,0.8931390047073364,0.10686099529266357,-1.0
571bb2269499d21900609caa,2,4,0.8869069218635559,0.11309307813644409,-1.0
571bb2269499d21900609caa,2,5,0.861241340637207,0.13875865936279297,-1.0
571bb2269499d21900609caa,2,6,0.8512320518493652,0.14876794815063477,-1.0
571bb2269499d21900609caa,2,7,0.8406180739402771,0.1593819260597229,-1.0
571bb2269499d21900609caa,2,8,0.8198497295379639,0.18015027046203613,-1.0
571bb2269499d21900609caa,2,9,0.8452434539794922,0.1547565460205078,-1.0
571bb2269499d21900609caa,2,10,0.8532207608222961,0.14677923917770386,-1.0
571bb2269499d21900609caa,2,11,0.861934244632721,0.13806575536727905,-1.0
571bb2269499d21900609caa,2,12,0.8675687909126282,0.13243120908737183,-1.0
571bb2269499d21900609caa,2,13,0.8831899166107178,0.11681008338928223,-1.0
571bb2269499d21900609caa,2,14,0.8939171433448792,0.10608285665512085,-1.0
571bb2269499d21900609caa,2,15,0.9160082340240479,0.08399176597595215,-1.0
571bb2269499d21900609caa,2,16,0.9297714233398438,0.07022857666015625,-1.0
571bb2269499d21900609caa,2,17,0.9337074160575867,0.06629258394241333,-1.0
571bb2269499d21900609caa,2,18,0.9309811592102051,0.06901884078979492,-1.0
571bb2269499d21900609caa,2,19,0.9322627186775208,0.06773728132247925,-1.0
571bb2269499d21900609caa,2,20,0.9395696520805359,0.06043034791946411,-1.0
571bb2269499d21900609caa,2,21,0.9450965523719788,0.05490344762802124,-1.0
571bb2269499d21900609caa,2,22,0.9452888369560242,0.05471116304397583,-1.0
571bb2269499d21900609caa,2,23,0.9487032890319824,0.05129671096801758,-1.0
571bb2269499d21900609caa,2,24,0.9468721151351929,0.05312788486480713,-1.0
571bb2269499d21900609caa,2,25,0.943403422832489,0.056596577167510986,-1.0
571bb2269499d21900609caa,2,26,0.9295953512191772,0.07040464878082275,-1.0
571bb2269499d21900609caa,2,27,0.9251102805137634,0.07488971948623657,-1.0
571bb2269499d21900609caa,2,28,0.901261568069458,0.09873843193054199,-1.0
571bb2269499d21900609caa,3,0,0.6721059083938599,0.32789409160614014,-1.0
571bb2269499d21900609caa,3,1,0.8526651263237,0.14733487367630005,-1.0
571bb2269499d21900609caa,3,2,0.7891120314598083,0.21088796854019165,-1.0
571bb2269499d21900609caa,3,3,0.802383542060852,0.19761645793914795,-1.0
571bb2269499d21900609caa,3,4,0.8002786040306091,0.19972139596939087,-1.0
571bb2269499d21900609caa,3,5,0.7524970769882202,0.24750292301177979,-1.0
571bb2269499d21900609caa,3,6,0.7467434406280518,0.25325655937194824,-1.0
571bb2269499d21900609caa,3,7,0.734532356262207,0.26546764373779297,-1.0
571bb2269499d21900609caa,3,8,0.7127504348754883,0.2872495651245117,-1.0
571bb2269499d21900609caa,3,9,0.7521234750747681,0.24787652492523193,-1.0
571bb2269499d21900609caa,3,10,0.7535461783409119,0.24645382165908813,-1.0
571bb2269499d21900609caa,3,11,0.7648339867591858,0.2351660132408142,-1.0
571bb2269499d21900609caa,3,12,0.7641244530677795,0.23587554693222046,-1.0
571bb2269499d21900609caa,3,13,0.776675283908844,0.223324716091156,-1.0
571bb2269499d21900609caa,3,14,0.7997116446495056,0.20028835535049438,-1.0
571bb2269499d21900609caa,3,15,0.8336891531944275,0.1663108468055725,-1.0
571bb2269499d21900609caa,3,16,0.8634425401687622,0.1365574598312378,-1.0
571bb2269499d21900609caa,3,17,0.869731068611145,0.13026893138885498,-1.0
571bb2269499d21900609caa,3,18,0.8668443560600281,0.13315564393997192,-1.0
571bb2269499d21900609caa,3,19,0.8703386187553406,0.12966138124465942,-1.0
571bb2269499d21900609caa,3,20,0.8857830762863159,0.11421692371368408,-1.0
571bb2269499d21900609caa,3,21,0.8973335027694702,0.10266649723052979,-1.0
571bb2269499d21900609caa,3,22,0.9003037810325623,0.09969621896743774,-1.0
571bb2269499d21900609caa,3,23,0.9064298272132874,0.09357017278671265,-1.0
571bb2269499d21900609caa,3,24,0.9062719941139221,0.09372800588607788,-1.0
571bb2269499d21900609caa,3,25,0.9044739007949829,0.09552609920501709,-1.0
571bb2269499d21900609caa,3,26,0.8839574456214905,0.11604255437850952,-1.0
571bb2269499d21900609caa,3,27,0.8761399984359741,0.12386000156402588,-1.0
571bb2269499d21900609caa,3,28,0.842246413230896,0.157753586769104,-1.0
571cde695efbb31900334e18,1,0,0.8739408254623413,0.1260591745376587,0.0
571cde695efbb31900334e18,1,1,0.9575141072273254,0.04248589277267456,0.0
571cde695efbb31900334e18,1,2,0.9505600333213806,0.049439966678619385,0.0
571cde695efbb31900334e18,1,3,0.9614159464836121,0.03858405351638794,0.0
571cde695efbb31900334e18,1,4,0.9664323329925537,0.03356766700744629,0.0
571cde695efbb31900334e18,1,5,0.9612253308296204,0.03877466917037964,0.0
571cde695efbb31900334e18,1,6,0.9590749740600586,0.040925025939941406,0.0
571cde695efbb31900334e18,1,7,0.9513360261917114,0.048663973808288574,0.0
571cde695efbb31900334e18,1,8,0.9490858912467957,0.050914108753204346,0.0
571cde695efbb31900334e18,1,9,0.9540182948112488,0.04598170518875122,0.0
571cde695efbb31900334e18,1,10,0.9598167538642883,0.04018324613571167,0.0
571cde695efbb31900334e18,1,11,0.9526885151863098,0.047311484813690186,0.0
571cde695efbb31900334e18,1,12,0.957207202911377,0.04279279708862305,0.0
571cde695efbb31900334e18,1,13,0.9619707465171814,0.038029253482818604,0.0
571cde695efbb31900334e18,1,14,0.967343807220459,0.032656192779541016,0.0
571cde695efbb31900334e18,1,15,0.9764180183410645,0.023581981658935547,0.0
571cde695efbb31900334e18,1,16,0.980324923992157,0.019675076007843018,0.0
571cde695efbb31900334e18,1,17,0.9817731380462646,0.01822686195373535,0.0
571cde695efbb31900334e18,1,18,0.9833351373672485,0.016664862632751465,0.0
571cde695efbb31900334e18,1,19,0.982459306716919,0.017540693283081055,0.0
571cde695efbb31900334e18,1,20,0.9847770929336548,0.015222907066345215,0.0
571cde695efbb31900334e18,1,21,0.9863576292991638,0.013642370700836182,0.0
571cde695efbb31900334e18,1,22,0.9866267442703247,0.013373255729675293,0.0
571cde695efbb31900334e18,1,23,0.9871140718460083,0.0128859281539917,0.0
571cde695efbb31900334e18,1,24,0.9874245524406433,0.01257544755935669,0.0
571cde695efbb31900334e18,1,25,0.9859412312507629,0.01405876874923706,0.0
571cde695efbb31900334e18,1,26,0.9828912615776062,0.0171087384223938,0.0
571cde695efbb31900334e18,1,27,0.982807457447052,0.017192542552947998,0.0
571cde695efbb31900334e18,1,28,0.9782679080963135,0.021732091903686523,0.0
571cde695efbb31900334e18,2,0,0.7391126155853271,0.26088738441467285,0.0
571cde695efbb31900334e18,2,1,0.8970871567726135,0.10291284322738647,0.0
571cde695efbb31900334e18,2,2,0.8609187602996826,0.13908123970031738,0.0
571cde695efbb31900334e18,2,3,0.8751240968704224,0.12487590312957764,0.0
571cde695efbb31900334e18,2,4,0.8749251365661621,0.1250748634338379,0.0
571cde695efbb31900334e18,2,5,0.8516173362731934,0.14838266372680664,0.0
571cde695efbb31900334e18,2,6,0.8575834631919861,0.14241653680801392,0.0
571cde695efbb31900334e18,2,7,0.8549054861068726,0.14509451389312744,0.0
571cde695efbb31900334e18,2,8,0.8598616719245911,0.14013832807540894,0.0
571cde695efbb31900334e18,2,9,0.8790838122367859,0.12091618776321411,0.0
571cde695efbb31900334e18,2,10,0.8813651204109192,0.11863487958908081,0.0
571cde695efbb31900334e18,2,11,0.8714759945869446,0.12852400541305542,0.0
571cde695efbb31900334e18,2,12,0.8829421997070312,0.11705780029296875,0.0
571cde695efbb31900334e18,2,13,0.894243597984314,0.10575640201568604,0.0
571cde695efbb31900334e18,2,14,0.901195764541626,0.09880423545837402,0.0
571cde695efbb31900334e18,2,15,0.9157030582427979,0.08429694175720215,0.0
571cde695efbb31900334e18,2,16,0.931156575679779,0.06884342432022095,0.0
571cde695efbb31900334e18,2,17,0.9371045827865601,0.06289541721343994,0.0
571cde695efbb31900334e18,2,18,0.938657283782959,0.061342716217041016,0.0
571cde695efbb31900334e18,2,19,0.9394994974136353,0.060500502586364746,0.0
571cde695efbb31900334e18,2,20,0.9448453783988953,0.055154621601104736,0.0
571cde695efbb31900334e18,2,21,0.9464355111122131,0.053564488887786865,0.0
571cde695efbb31900334e18,2,22,0.9446871280670166,0.0553128719329834,0.0
571cde695efbb31900334e18,2,23,0.9473106861114502,0.052689313888549805,0.0
571cde695efbb31900334e18,2,24,0.9464684724807739,0.053531527519226074,0.0
571cde695efbb31900334e18,2,25,0.9355811476707458,0.06441885232925415,0.0
571cde695efbb31900334e18,2,26,0.9180157780647278,0.08198422193527222,0.0
571cde695efbb31900334e18,2,27,0.9104380011558533,0.08956199884414673,0.0
571cde695efbb31900334e18,2,28,0.8893556594848633,0.11064434051513672,0.0
571cde695efbb31900334e18,3,0,0.6267560124397278,0.3732439875602722,0.0
571cde695efbb31900334e18,3,1,0.8458647131919861,0.15413528680801392,0.0
571cde695efbb31900334e18,3,2,0.7924013137817383,0.20759868621826172,0.0
571cde695efbb31900334e18,3,3,0.8216403126716614,0.17835968732833862,0.0
571cde695efbb31900334e18,3,4,0.821095883846283,0.17890411615371704,0.0
571cde695efbb31900334e18,3,5,0.7798541188240051,0.22014588117599487,0.0
571cde695efbb31900334e18,3,6,0.7821241617202759,0.21787583827972412,0.0
571cde695efbb31900334e18,3,7,0.7736262679100037,0.22637373208999634,0.0
571cde695efbb31900334e18,3,8,0.7695189714431763,0.23048102855682373,0.0
571cde695efbb31900334e18,3,9,0.7872747182846069,0.21272528171539307,0.0
571cde695efbb31900334e18,3,10,0.7853605151176453,0.21463948488235474,0.0
571cde695efbb31900334e18,3,11,0.7713393568992615,0.22866064310073853,0.0
571cde695efbb31900334e18,3,12,0.7916218042373657,0.20837819576263428,0.0
571cde695efbb31900334e18,3,13,0.8130218386650085,0.18697816133499146,0.0
571cde695efbb31900334e18,3,14,0.8327728509902954,0.1672271490097046,0.0
571cde695efbb31900334e18,3,15,0.8590970039367676,0.14090299606323242,0.0
571cde695efbb31900334e18,3,16,0.8783665299415588,0.12163347005844116,0.0
571cde695efbb31900334e18,3,17,0.8906617164611816,0.10933828353881836,0.0
571cde695efbb31900334e18,3,18,0.8877722024917603,0.11222779750823975,0.0
571cde695efbb31900334e18,3,19,0.8933759927749634,0.10662400722503662,0.0
571cde695efbb31900334e18,3,20,0.9032190442085266,0.09678095579147339,0.0
571cde695efbb31900334e18,3,21,0.9039848446846008,0.09601515531539917,0.0
571cde695efbb31900334e18,3,22,0.89944988489151,0.10055011510848999,0.0
571cde695efbb31900334e18,3,23,0.9063485860824585,0.0936514139175415,0.0
571cde695efbb31900334e18,3,24,0.9023255109786987,0.09767448902130127,0.0
571cde695efbb31900334e18,3,25,0.886908233165741,0.11309176683425903,0.0
571cde695efbb31900334e18,3,26,0.8541035056114197,0.14589649438858032,0.0
571cde695efbb31900334e18,3,27,0.8339055776596069,0.16609442234039307,0.0
571cde695efbb31900334e18,3,28,0.8025691509246826,0.19743084907531738,0.0
5725be0fec44d21400f3d4a5,1,0,0.8049776554107666,0.1950223445892334,0.0
5725be0fec44d21400f3d4a5,1,1,0.9260571599006653,0.07394284009933472,0.0
5725be0fec44d21400f3d4a5,1,2,0.9216269850730896,0.0783730149269104,0.0
5725be0fec44d21400f3d4a5,1,3,0.9406757354736328,0.05932426452636719,0.0
5725be0fec44d21400f3d4a5,1,4,0.9462001323699951,0.05379986763000488,0.0
5725be0fec44d21400f3d4a5,1,5,0.9482281804084778,0.05177181959152222,0.0
5725be0fec44d21400f3d4a5,1,6,0.9543563723564148,0.045643627643585205,0.0
5725be0fec44d21400f3d4a5,1,7,0.9540554881095886,0.04594451189041138,0.0
5725be0fec44d21400f3d4a5,1,8,0.9427687525749207,0.057231247425079346,0.0
5725be0fec44d21400f3d4a5,1,9,0.9495110511779785,0.050488948822021484,0.0
5725be0fec44d21400f3d4a5,1,10,0.9506062865257263,0.04939371347427368,0.0
5725be0fec44d21400f3d4a5,1,11,0.9555845856666565,0.044415414333343506,0.0
5725be0fec44d21400f3d4a5,1,12,0.9562679529190063,0.04373204708099365,0.0
5725be0fec44d21400f3d4a5,1,13,0.9567039608955383,0.04329603910446167,0.0
5725be0fec44d21400f3d4a5,1,14,0.9639963507652283,0.03600364923477173,0.0
5725be0fec44d21400f3d4a5,1,15,0.9664247632026672,0.033575236797332764,0.0
5725be0fec44d21400f3d4a5,1,16,0.9727181196212769,0.027281880378723145,0.0
5725be0fec44d21400f3d4a5,1,17,0.9763558506965637,0.02364414930343628,0.0
5725be0fec44d21400f3d4a5,1,18,0.9746047258377075,0.02539527416229248,0.0
5725be0fec44d21400f3d4a5,1,19,0.9719104766845703,0.028089523315429688,0.0
5725be0fec44d21400f3d4a5,1,20,0.9752103686332703,0.024789631366729736,0.0
5725be0fec44d21400f3d4a5,1,21,0.9781970977783203,0.021802902221679688,0.0
5725be0fec44d21400f3d4a5,1,22,0.9781787395477295,0.021821260452270508,0.0
5725be0fec44d21400f3d4a5,1,23,0.9791848659515381,0.020815134048461914,0.0
5725be0fec44d21400f3d4a5,1,24,0.9785760641098022,0.021423935890197754,0.0
5725be0fec44d21400f3d4a5,1,25,0.9747825264930725,0.02521747350692749,0.0
5725be0fec44d21400f3d4a5,1,26,0.9665367007255554,0.03346329927444458,0.0
5725be0fec44d21400f3d4a5,1,27,0.9607579112052917,0.03924208879470825,0.0
5725be0fec44d21400f3d4a5,1,28,0.9596907496452332,0.040309250354766846,0.0
5725be0fec44d21400f3d4a5,2,0,0.605177640914917,0.394822359085083,0.0
5725be0fec44d21400f3d4a5,2,1,0.8367039561271667,0.16329604387283325,0.0
5725be0fec44d21400f3d4a5,2,2,0.7964476943016052,0.20355230569839478,0.0
5725be0fec44d21400f3d4a5,2,3,0.8369933366775513,0.16300666332244873,0.0
5725be0fec44d21400f3d4a5,2,4,0.8437549471855164,0.15624505281448364,0.0
5725be0fec44d21400f3d4a5,2,5,0.831228494644165,0.16877150535583496,0.0
5725be0fec44d21400f3d4a5,2,6,0.8353387117385864,0.16466128826141357,0.0
5725be0fec44d21400f3d4a5,2,7,0.8133589029312134,0.18664109706878662,0.0
5725be0fec44d21400f3d4a5,2,8,0.7862550020217896,0.21374499797821045,0.0
5725be0fec44d21400f3d4a5,2,9,0.7972384691238403,0.20276153087615967,0.0
5725be0fec44d21400f3d4a5,2,10,0.8030528426170349,0.1969471573829651,0.0
5725be0fec44d21400f3d4a5,2,11,0.8130208849906921,0.18697911500930786,0.0
5725be0fec44d21400f3d4a5,2,12,0.8289793133735657,0.17102068662643433,0.0
5725be0fec44d21400f3d4a5,2,13,0.8286312818527222,0.17136871814727783,0.0
5725be0fec44d21400f3d4a5,2,14,0.8415199518203735,0.15848004817962646,0.0
5725be0fec44d21400f3d4a5,2,15,0.8625605702400208,0.13743942975997925,0.0
5725be0fec44d21400f3d4a5,2,16,0.8783400058746338,0.12165999412536621,0.0
5725be0fec44d21400f3d4a5,2,17,0.8943551778793335,0.1056448221206665,0.0
5725be0fec44d21400f3d4a5,2,18,0.8884843587875366,0.11151564121246338,0.0
5725be0fec44d21400f3d4a5,2,19,0.8861554861068726,0.11384451389312744,0.0
5725be0fec44d21400f3d4a5,2,20,0.8912718296051025,0.10872817039489746,0.0
5725be0fec44d21400f3d4a5,2,21,0.8999263048171997,0.10007369518280029,0.0
5725be0fec44d21400f3d4a5,2,22,0.8978765606880188,0.1021234393119812,0.0
5725be0fec44d21400f3d4a5,2,23,0.9011913537979126,0.0988086462020874,0.0
5725be0fec44d21400f3d4a5,2,24,0.8980379104614258,0.10196208953857422,0.0
5725be0fec44d21400f3d4a5,2,25,0.8846102356910706,0.11538976430892944,0.0
5725be0fec44d21400f3d4a5,2,26,0.8687602877616882,0.13123971223831177,0.0
5725be0fec44d21400f3d4a5,2,27,0.8555841445922852,0.14441585540771484,0.0
5725be0fec44d21400f3d4a5,2,28,0.8124539852142334,0.1875460147857666,0.0
5725be0fec44d21400f3d4a5,3,0,0.47292250394821167,0.5270774960517883,0.0
5725be0fec44d21400f3d4a5,3,1,0.7823196053504944,0.21768039464950562,0.0
5725be0fec44d21400f3d4a5,3,2,0.7318456768989563,0.2681543231010437,0.0
5725be0fec44d21400f3d4a5,3,3,0.7736145257949829,0.2263854742050171,0.0
5725be0fec44d21400f3d4a5,3,4,0.7771694660186768,0.22283053398132324,0.0
5725be0fec44d21400f3d4a5,3,5,0.7451247572898865,0.2548752427101135,0.0
5725be0fec44d21400f3d4a5,3,6,0.7431998252868652,0.25680017471313477,0.0
5725be0fec44d21400f3d4a5,3,7,0.7118984460830688,0.28810155391693115,0.0
5725be0fec44d21400f3d4a5,3,8,0.7007556557655334,0.29924434423446655,0.0
5725be0fec44d21400f3d4a5,3,9,0.7031337022781372,0.2968662977218628,0.0
5725be0fec44d21400f3d4a5,3,10,0.7007147669792175,0.29928523302078247,0.0
5725be0fec44d21400f3d4a5,3,11,0.6864098310470581,0.3135901689529419,0.0
5725be0fec44d21400f3d4a5,3,12,0.7119231820106506,0.28807681798934937,0.0
5725be0fec44d21400f3d4a5,3,13,0.7161672115325928,0.2838327884674072,0.0
5725be0fec44d21400f3d4a5,3,14,0.7342512011528015,0.2657487988471985,0.0
5725be0fec44d21400f3d4a5,3,15,0.7796133756637573,0.22038662433624268,0.0
5725be0fec44d21400f3d4a5,3,16,0.8183717727661133,0.18162822723388672,0.0
5725be0fec44d21400f3d4a5,3,17,0.8412492871284485,0.1587507128715515,0.0
5725be0fec44d21400f3d4a5,3,18,0.8314387798309326,0.16856122016906738,0.0
5725be0fec44d21400f3d4a5,3,19,0.8330888748168945,0.16691112518310547,0.0
5725be0fec44d21400f3d4a5,3,20,0.8428696990013123,0.15713030099868774,0.0
5725be0fec44d21400f3d4a5,3,21,0.8567687273025513,0.14323127269744873,0.0
5725be0fec44d21400f3d4a5,3,22,0.8517205119132996,0.14827948808670044,0.0
5725be0fec44d21400f3d4a5,3,23,0.8591970801353455,0.14080291986465454,0.0
5725be0fec44d21400f3d4a5,3,24,0.858860194683075,0.14113980531692505,0.0
5725be0fec44d21400f3d4a5,3,25,0.8490337133407593,0.15096628665924072,0.0
5725be0fec44d21400f3d4a5,3,26,0.8311605453491211,0.1688394546508789,0.0
5725be0fec44d21400f3d4a5,3,27,0.8222124576568604,0.17778754234313965,0.0
5725be0fec44d21400f3d4a5,3,28,0.7640104293823242,0.23598957061767578,0.0
5725d662ec44d21400f3d687,1,0,0.8464677333831787,0.1535322666168213,0.0
5725d662ec44d21400f3d687,1,1,0.9456124305725098,0.054387569427490234,0.0
5725d662ec44d21400f3d687,1,2,0.9346001744270325,0.06539982557296753,0.0
5725d662ec44d21400f3d687,1,3,0.9455708861351013,0.05442911386489868,0.0
5725d662ec44d21400f3d687,1,4,0.9411149024963379,0.05888509750366211,0.0
5725d662ec44d21400f3d687,1,5,0.9428807497024536,0.05711925029754639,0.0
5725d662ec44d21400f3d687,1,6,0.9467889666557312,0.0532110333442688,0.0
5725d662ec44d21400f3d687,1,7,0.944759726524353,0.05524027347564697,0.0
5725d662ec44d21400f3d687,1,8,0.951720654964447,0.04827934503555298,0.0
5725d662ec44d21400f3d687,1,9,0.9551858305931091,0.04481416940689087,0.0
5725d662ec44d21400f3d687,1,10,0.9573885202407837,0.04261147975921631,0.0
5725d662ec44d21400f3d687,1,11,0.9583005309104919,0.04169946908950806,0.0
5725d662ec44d21400f3d687,1,12,0.9589171409606934,0.04108285903930664,0.0
5725d662ec44d21400f3d687,1,13,0.965641975402832,0.03435802459716797,0.0
5725d662ec44d21400f3d687,1,14,0.9689351916313171,0.03106480836868286,0.0
5725d662ec44d21400f3d687,1,15,0.9763224720954895,0.023677527904510498,0.0
5725d662ec44d21400f3d687,1,16,0.9781374335289001,0.021862566471099854,0.0
5725d662ec44d21400f3d687,1,17,0.9808056950569153,0.019194304943084717,0.0
5725d662ec44d21400f3d687,1,18,0.9800138473510742,0.01998615264892578,0.0
5725d662ec44d21400f3d687,1,19,0.9788928627967834,0.021107137203216553,0.0
5725d662ec44d21400f3d687,1,20,0.9817535281181335,0.018246471881866455,0.0
5725d662ec44d21400f3d687,1,21,0.9823626279830933,0.01763737201690674,0.0
5725d662ec44d21400f3d687,1,22,0.9832903742790222,0.016709625720977783,0.0
5725d662ec44d21400f3d687,1,23,0.9841886162757874,0.015811383724212646,0.0
5725d662ec44d21400f3d687,1,24,0.9834485650062561,0.016551434993743896,0.0
5725d662ec44d21400f3d687,1,25,0.9805428385734558,0.01945716142654419,0.0
5725d662ec44d21400f3d687,1,26,0.9741712808609009,0.02582871913909912,0.0
5725d662ec44d21400f3d687,1,27,0.9735332727432251,0.026466727256774902,0.0
5725d662ec44d21400f3d687,1,28,0.9654955863952637,0.03450441360473633,0.0
5725d662ec44d21400f3d687,2,0,0.7506504654884338,0.24934953451156616,0.0
5725d662ec44d21400f3d687,2,1,0.9042301774024963,0.09576982259750366,0.0
5725d662ec44d21400f3d687,2,2,0.8854149580001831,0.1145850419998169,0.0
5725d662ec44d21400f3d687,2,3,0.8925235271453857,0.10747647285461426,0.0
5725d662ec44d21400f3d687,2,4,0.8797089457511902,0.12029105424880981,0.0
5725d662ec44d21400f3d687,2,5,0.881121814250946,0.11887818574905396,0.0
5725d662ec44d21400f3d687,2,6,0.8781218528747559,0.12187814712524414,0.0
5725d662ec44d21400f3d687,2,7,0.8514897227287292,0.14851027727127075,0.0
5725d662ec44d21400f3d687,2,8,0.8697106838226318,0.13028931617736816,0.0
5725d662ec44d21400f3d687,2,9,0.8787893652915955,0.12121063470840454,0.0
5725d662ec44d21400f3d687,2,10,0.890926718711853,0.10907328128814697,0.0
5725d662ec44d21400f3d687,2,11,0.8915168642997742,0.10848313570022583,0.0
5725d662ec44d21400f3d687,2,12,0.8991217017173767,0.10087829828262329,0.0
5725d662ec44d21400f3d687,2,13,0.9129091501235962,0.08709084987640381,0.0
5725d662ec44d21400f3d687,2,14,0.9145628213882446,0.08543717861175537,0.0
5725d662ec44d21400f3d687,2,15,0.9330263137817383,0.06697368621826172,0.0
5725d662ec44d21400f3d687,2,16,0.9425241947174072,0.05747580528259277,0.0
5725d662ec44d21400f3d687,2,17,0.9494223594665527,0.050577640533447266,0.0
5725d662ec44d21400f3d687,2,18,0.9492644667625427,0.050735533237457275,0.0
5725d662ec44d21400f3d687,2,19,0.9466893076896667,0.05331069231033325,0.0
5725d662ec44d21400f3d687,2,20,0.9526241421699524,0.04737585783004761,0.0
5725d662ec44d21400f3d687,2,21,0.9561336040496826,0.04386639595031738,0.0
5725d662ec44d21400f3d687,2,22,0.9567656517028809,0.04323434829711914,0.0
5725d662ec44d21400f3d687,2,23,0.9590920805931091,0.04090791940689087,0.0
5725d662ec44d21400f3d687,2,24,0.9601211547851562,0.03987884521484375,0.0
5725d662ec44d21400f3d687,2,25,0.9576177597045898,0.042382240295410156,0.0
5725d662ec44d21400f3d687,2,26,0.9521397352218628,0.04786026477813721,0.0
5725d662ec44d21400f3d687,2,27,0.9504038691520691,0.04959613084793091,0.0
5725d662ec44d21400f3d687,2,28,0.9451239705085754,0.05487602949142456,0.0
5725d662ec44d21400f3d687,3,0,0.601260244846344,0.398739755153656,0.0
5725d662ec44d21400f3d687,3,1,0.8158706426620483,0.18412935733795166,0.0
5725d662ec44d21400f3d687,3,2,0.7935385704040527,0.20646142959594727,0.0
5725d662ec44d21400f3d687,3,3,0.8142507076263428,0.18574929237365723,0.0
5725d662ec44d21400f3d687,3,4,0.788989245891571,0.21101075410842896,0.0
5725d662ec44d21400f3d687,3,5,0.7696563005447388,0.23034369945526123,0.0
5725d662ec44d21400f3d687,3,6,0.7749521136283875,0.22504788637161255,0.0
5725d662ec44d21400f3d687,3,7,0.7508388757705688,0.24916112422943115,0.0
5725d662ec44d21400f3d687,3,8,0.7804858684539795,0.2195141315460205,0.0
5725d662ec44d21400f3d687,3,9,0.7974139451980591,0.20258605480194092,0.0
5725d662ec44d21400f3d687,3,10,0.8110688328742981,0.1889311671257019,0.0
5725d662ec44d21400f3d687,3,11,0.8043628931045532,0.19563710689544678,0.0
5725d662ec44d21400f3d687,3,12,0.8184521794319153,0.18154782056808472,0.0
5725d662ec44d21400f3d687,3,13,0.8393871784210205,0.1606128215789795,0.0
5725d662ec44d21400f3d687,3,14,0.8450247049331665,0.1549752950668335,0.0
5725d662ec44d21400f3d687,3,15,0.8780040144920349,0.12199598550796509,0.0
5725d662ec44d21400f3d687,3,16,0.8932318687438965,0.10676813125610352,0.0
5725d662ec44d21400f3d687,3,17,0.9017088413238525,0.09829115867614746,0.0
5725d662ec44d21400f3d687,3,18,0.8931872844696045,0.10681271553039551,0.0
5725d662ec44d21400f3d687,3,19,0.8908765316009521,0.10912346839904785,0.0
5725d662ec44d21400f3d687,3,20,0.908126711845398,0.09187328815460205,0.0
5725d662ec44d21400f3d687,3,21,0.9175363779067993,0.08246362209320068,0.0
5725d662ec44d21400f3d687,3,22,0.9203846454620361,0.07961535453796387,0.0
5725d662ec44d21400f3d687,3,23,0.9260013103485107,0.07399868965148926,0.0
5725d662ec44d21400f3d687,3,24,0.927265465259552,0.072734534740448,0.0
5725d662ec44d21400f3d687,3,25,0.9209235310554504,0.07907646894454956,0.0
5725d662ec44d21400f3d687,3,26,0.9060947895050049,0.09390521049499512,0.0
5725d662ec44d21400f3d687,3,27,0.9009204506874084,0.09907954931259155,0.0
5725d662ec44d21400f3d687,3,28,0.8842484951019287,0.11575150489807129,0.0
5725e748ec44d21400f3d733,1,0,0.8921435475349426,0.10785645246505737,0.0
5725e748ec44d21400f3d733,1,1,0.911064624786377,0.08893537521362305,0.0
5725e748ec44d21400f3d733,1,2,0.8819533586502075,0.11804664134979248,0.0
5725e748ec44d21400f3d733,1,3,0.8917983770370483,0.10820162296295166,0.0
5725e748ec44d21400f3d733,1,4,0.8900513052940369,0.10994869470596313,0.0
5725e748ec44d21400f3d733,1,5,0.8783750534057617,0.12162494659423828,0.0
5725e748ec44d21400f3d733,1,6,0.8810012936592102,0.1189987063407898,0.0
5725e748ec44d21400f3d733,1,7,0.8643897175788879,0.13561028242111206,0.0
5725e748ec44d21400f3d733,1,8,0.8665705919265747,0.1334294080734253,0.0
5725e748ec44d21400f3d733,1,9,0.8574610352516174,0.14253896474838257,0.0
5725e748ec44d21400f3d733,1,10,0.8714292049407959,0.1285707950592041,0.0
5725e748ec44d21400f3d733,1,11,0.8701504468917847,0.12984955310821533,0.0
5725e748ec44d21400f3d733,1,12,0.8810089826583862,0.11899101734161377,0.0
5725e748ec44d21400f3d733,1,13,0.88335782289505,0.11664217710494995,0.0
5725e748ec44d21400f3d733,1,14,0.8990577459335327,0.10094225406646729,0.0
5725e748ec44d21400f3d733,1,15,0.9162795543670654,0.08372044563293457,0.0
5725e748ec44d21400f3d733,1,16,0.9268040060997009,0.07319599390029907,0.0
5725e748ec44d21400f3d733,1,17,0.9339885711669922,0.06601142883300781,0.0
5725e748ec44d21400f3d733,1,18,0.9352935552597046,0.06470644474029541,0.0
5725e748ec44d21400f3d733,1,19,0.9354390501976013,0.06456094980239868,0.0
5725e748ec44d21400f3d733,1,20,0.943908154964447,0.05609184503555298,0.0
5725e748ec44d21400f3d733,1,21,0.9486563801765442,0.05134361982345581,0.0
5725e748ec44d21400f3d733,1,22,0.9504960775375366,0.04950392246246338,0.0
5725e748ec44d21400f3d733,1,23,0.9527146816253662,0.04728531837463379,0.0
5725e748ec44d21400f3d733,1,24,0.9543331861495972,0.04566681385040283,0.0
5725e748ec44d21400f3d733,1,25,0.9533162713050842,0.04668372869491577,0.0
5725e748ec44d21400f3d733,1,26,0.9484186172485352,0.051581382751464844,0.0
5725e748ec44d21400f3d733,1,27,0.9445552825927734,0.05544471740722656,0.0
5725e748ec44d21400f3d733,1,28,0.9290221333503723,0.07097786664962769,0.0
5725e748ec44d21400f3d733,2,0,0.7372735142707825,0.26272648572921753,-0.8181818181818182
5725e748ec44d21400f3d733,2,1,0.8520660996437073,0.14793390035629272,-0.8181818181818182
5725e748ec44d21400f3d733,2,2,0.8067822456359863,0.19321775436401367,-0.8181818181818182
5725e748ec44d21400f3d733,2,3,0.8194003105163574,0.18059968948364258,-0.8181818181818182
5725e748ec44d21400f3d733,2,4,0.8222552537918091,0.17774474620819092,-0.8181818181818182
5725e748ec44d21400f3d733,2,5,0.8015477657318115,0.19845223426818848,-0.8181818181818182
5725e748ec44d21400f3d733,2,6,0.8030393123626709,0.1969606876373291,-0.8181818181818182
5725e748ec44d21400f3d733,2,7,0.7813183069229126,0.2186816930770874,-0.8181818181818182
5725e748ec44d21400f3d733,2,8,0.7789204716682434,0.2210795283317566,-0.8181818181818182
5725e748ec44d21400f3d733,2,9,0.764992356300354,0.235007643699646,-0.8181818181818182
5725e748ec44d21400f3d733,2,10,0.7765350341796875,0.2234649658203125,-0.8181818181818182
5725e748ec44d21400f3d733,2,11,0.7758577466011047,0.22414225339889526,-0.8181818181818182
5725e748ec44d21400f3d733,2,12,0.7831045389175415,0.2168954610824585,-0.8181818181818182
5725e748ec44d21400f3d733,2,13,0.7872833013534546,0.2127166986465454,-0.8181818181818182
5725e748ec44d21400f3d733,2,14,0.8122199773788452,0.18778002262115479,-0.8181818181818182
5725e748ec44d21400f3d733,2,15,0.8388512134552002,0.1611487865447998,-0.8181818181818182
5725e748ec44d21400f3d733,2,16,0.8574739098548889,0.14252609014511108,-0.8181818181818182
5725e748ec44d21400f3d733,2,17,0.8666083216667175,0.13339167833328247,-0.8181818181818182
5725e748ec44d21400f3d733,2,18,0.8691931366920471,0.13080686330795288,-0.8181818181818182
5725e748ec44d21400f3d733,2,19,0.8722319006919861,0.12776809930801392,-0.8181818181818182
5725e748ec44d21400f3d733,2,20,0.8892689943313599,0.11073100566864014,-0.8181818181818182
5725e748ec44d21400f3d733,2,21,0.898625910282135,0.10137408971786499,-0.8181818181818182
5725e748ec44d21400f3d733,2,22,0.9024915099143982,0.0975084900856018,-0.8181818181818182
5725e748ec44d21400f3d733,2,23,0.9082319140434265,0.09176808595657349,-0.8181818181818182
5725e748ec44d21400f3d733,2,24,0.9092967510223389,0.09070324897766113,-0.8181818181818182
5725e748ec44d21400f3d733,2,25,0.904584527015686,0.09541547298431396,-0.8181818181818182
5725e748ec44d21400f3d733,2,26,0.886259913444519,0.11374008655548096,-0.8181818181818182
5725e748ec44d21400f3d733,2,27,0.8739985823631287,0.12600141763687134,-0.8181818181818182
5725e748ec44d21400f3d733,2,28,0.8136744499206543,0.1863255500793457,-0.8181818181818182
5725e748ec44d21400f3d733,3,0,0.602743923664093,0.397256076335907,0.1818181818181818
5725e748ec44d21400f3d733,3,1,0.7951222658157349,0.20487773418426514,0.1818181818181818
5725e748ec44d21400f3d733,3,2,0.745731770992279,0.25426822900772095,0.1818181818181818
5725e748ec44d21400f3d733,3,3,0.7632703185081482,0.2367296814918518,0.1818181818181818
5725e748ec44d21400f3d733,3,4,0.7654811143875122,0.2345188856124878,0.1818181818181818
5725e748ec44d21400f3d733,3,5,0.7285485863685608,0.2714514136314392,0.1818181818181818
5725e748ec44d21400f3d733,3,6,0.726568877696991,0.27343112230300903,0.1818181818181818
5725e748ec44d21400f3d733,3,7,0.7024307250976562,0.29756927490234375,0.1818181818181818
5725e748ec44d21400f3d733,3,8,0.6913272142410278,0.30867278575897217,0.1818181818181818
5725e748ec44d21400f3d733,3,9,0.6727547645568848,0.32724523544311523,0.1818181818181818
5725e748ec44d21400f3d733,3,10,0.6867203712463379,0.3132796287536621,0.1818181818181818
5725e748ec44d21400f3d733,3,11,0.6842111945152283,0.31578880548477173,0.1818181818181818
5725e748ec44d21400f3d733,3,12,0.6924372315406799,0.30756276845932007,0.1818181818181818
5725e748ec44d21400f3d733,3,13,0.7066457271575928,0.2933542728424072,0.1818181818181818
5725e748ec44d21400f3d733,3,14,0.7393494844436646,0.26065051555633545,0.1818181818181818
5725e748ec44d21400f3d733,3,15,0.7731906175613403,0.22680938243865967,0.1818181818181818
5725e748ec44d21400f3d733,3,16,0.8015009164810181,0.19849908351898193,0.1818181818181818
5725e748ec44d21400f3d733,3,17,0.8106517195701599,0.1893482804298401,0.1818181818181818
5725e748ec44d21400f3d733,3,18,0.8181476593017578,0.1818523406982422,0.1818181818181818
5725e748ec44d21400f3d733,3,19,0.8207018971443176,0.17929810285568237,0.1818181818181818
5725e748ec44d21400f3d733,3,20,0.8449490666389465,0.15505093336105347,0.1818181818181818
5725e748ec44d21400f3d733,3,21,0.8617106676101685,0.13828933238983154,0.1818181818181818
5725e748ec44d21400f3d733,3,22,0.8671714067459106,0.13282859325408936,0.1818181818181818
5725e748ec44d21400f3d733,3,23,0.8753671646118164,0.1246328353881836,0.1818181818181818
5725e748ec44d21400f3d733,3,24,0.8797632455825806,0.12023675441741943,0.1818181818181818
5725e748ec44d21400f3d733,3,25,0.874897301197052,0.125102698802948,0.1818181818181818
5725e748ec44d21400f3d733,3,26,0.8547373414039612,0.14526265859603882,0.1818181818181818
5725e748ec44d21400f3d733,3,27,0.8410676121711731,0.1589323878288269,0.1818181818181818
5725e748ec44d21400f3d733,3,28,0.7764662504196167,0.2235337495803833,0.1818181818181818
5726400589a1e219009ac5f2,1,0,0.8907553553581238,0.10924464464187622,0.09090909090909083
5726400589a1e219009ac5f2,1,1,0.944273829460144,0.05572617053985596,0.09090909090909083
5726400589a1e219009ac5f2,1,2,0.9005988240242004,0.09940117597579956,0.09090909090909083
5726400589a1e219009ac5f2,1,3,0.9076865911483765,0.09231340885162354,0.09090909090909083
5726400589a1e219009ac5f2,1,4,0.9046175479888916,0.0953824520111084,0.09090909090909083
5726400589a1e219009ac5f2,1,5,0.892909824848175,0.10709017515182495,0.09090909090909083
5726400589a1e219009ac5f2,1,6,0.8894771337509155,0.11052286624908447,0.09090909090909083
5726400589a1e219009ac5f2,1,7,0.8891448974609375,0.1108551025390625,0.09090909090909083
5726400589a1e219009ac5f2,1,8,0.8877809047698975,0.11221909523010254,0.09090909090909083
5726400589a1e219009ac5f2,1,9,0.8809460997581482,0.1190539002418518,0.09090909090909083
5726400589a1e219009ac5f2,1,10,0.8817830085754395,0.11821699142456055,0.09090909090909083
5726400589a1e219009ac5f2,1,11,0.8879194259643555,0.11208057403564453,0.09090909090909083
5726400589a1e219009ac5f2,1,12,0.893846333026886,0.10615366697311401,0.09090909090909083
5726400589a1e219009ac5f2,1,13,0.8913610577583313,0.1086389422416687,0.09090909090909083
5726400589a1e219009ac5f2,1,14,0.8988727927207947,0.10112720727920532,0.09090909090909083
5726400589a1e219009ac5f2,1,15,0.9103500843048096,0.08964991569519043,0.09090909090909083
5726400589a1e219009ac5f2,1,16,0.9230642318725586,0.0769357681274414,0.09090909090909083
5726400589a1e219009ac5f2,1,17,0.9326045513153076,0.06739544868469238,0.09090909090909083
5726400589a1e219009ac5f2,1,18,0.9404058456420898,0.059594154357910156,0.09090909090909083
5726400589a1e219009ac5f2,1,19,0.9420390725135803,0.05796092748641968,0.09090909090909083
5726400589a1e219009ac5f2,1,20,0.9472025632858276,0.05279743671417236,0.09090909090909083
5726400589a1e219009ac5f2,1,21,0.9537064433097839,0.046293556690216064,0.09090909090909083
5726400589a1e219009ac5f2,1,22,0.9555367827415466,0.04446321725845337,0.09090909090909083
5726400589a1e219009ac5f2,1,23,0.95665043592453,0.04334956407546997,0.09090909090909083
5726400589a1e219009ac5f2,1,24,0.9565849900245667,0.04341500997543335,0.09090909090909083
5726400589a1e219009ac5f2,1,25,0.9494114518165588,0.05058854818344116,0.09090909090909083
5726400589a1e219009ac5f2,1,26,0.9441026449203491,0.05589735507965088,0.09090909090909083
5726400589a1e219009ac5f2,1,27,0.9282792806625366,0.07172071933746338,0.09090909090909083
5726400589a1e219009ac5f2,1,28,0.8819059729576111,0.11809402704238892,0.09090909090909083
5726400589a1e219009ac5f2,2,0,0.5516950488090515,0.4483049511909485,0.5454545454545455
5726400589a1e219009ac5f2,2,1,0.8572737574577332,0.14272624254226685,0.5454545454545455
5726400589a1e219009ac5f2,2,2,0.7936610579490662,0.20633894205093384,0.5454545454545455
5726400589a1e219009ac5f2,2,3,0.8221994042396545,0.17780059576034546,0.5454545454545455
5726400589a1e219009ac5f2,2,4,0.8176544308662415,0.18234556913375854,0.5454545454545455
5726400589a1e219009ac5f2,2,5,0.7895199656486511,0.21048003435134888,0.5454545454545455
5726400589a1e219009ac5f2,2,6,0.7960270643234253,0.2039729356765747,0.5454545454545455
5726400589a1e219009ac5f2,2,7,0.793401837348938,0.206598162651062,0.5454545454545455
5726400589a1e219009ac5f2,2,8,0.8016302585601807,0.19836974143981934,0.5454545454545455
5726400589a1e219009ac5f2,2,9,0.8052510619163513,0.19474893808364868,0.5454545454545455
5726400589a1e219009ac5f2,2,10,0.8030532598495483,0.19694674015045166,0.5454545454545455
5726400589a1e219009ac5f2,2,11,0.8100621700286865,0.18993782997131348,0.5454545454545455
5726400589a1e219009ac5f2,2,12,0.8254687786102295,0.1745312213897705,0.5454545454545455
5726400589a1e219009ac5f2,2,13,0.8291813135147095,0.17081868648529053,0.5454545454545455
5726400589a1e219009ac5f2,2,14,0.8440559506416321,0.15594404935836792,0.5454545454545455
5726400589a1e219009ac5f2,2,15,0.8668656349182129,0.1331343650817871,0.5454545454545455
5726400589a1e219009ac5f2,2,16,0.8858445882797241,0.11415541172027588,0.5454545454545455
5726400589a1e219009ac5f2,2,17,0.8976488709449768,0.1023511290550232,0.5454545454545455
5726400589a1e219009ac5f2,2,18,0.9045113325119019,0.09548866748809814,0.5454545454545455
5726400589a1e219009ac5f2,2,19,0.9070752263069153,0.09292477369308472,0.5454545454545455
5726400589a1e219009ac5f2,2,20,0.9181408882141113,0.08185911178588867,0.5454545454545455
5726400589a1e219009ac5f2,2,21,0.9265228509902954,0.07347714900970459,0.5454545454545455
5726400589a1e219009ac5f2,2,22,0.9285755753517151,0.07142442464828491,0.5454545454545455
5726400589a1e219009ac5f2,2,23,0.9315711259841919,0.0684288740158081,0.5454545454545455
5726400589a1e219009ac5f2,2,24,0.9300401210784912,0.06995987892150879,0.5454545454545455
5726400589a1e219009ac5f2,2,25,0.9220988750457764,0.07790112495422363,0.5454545454545455
5726400589a1e219009ac5f2,2,26,0.9040194749832153,0.09598052501678467,0.5454545454545455
5726400589a1e219009ac5f2,2,27,0.8758952617645264,0.12410473823547363,0.5454545454545455
5726400589a1e219009ac5f2,2,28,0.824253261089325,0.17574673891067505,0.5454545454545455
5726400589a1e219009ac5f2,3,0,0.4854389429092407,0.5145610570907593,0.09090909090909083
5726400589a1e219009ac5f2,3,1,0.8122970461845398,0.1877029538154602,0.09090909090909083
5726400589a1e219009ac5f2,3,2,0.7352181673049927,0.2647818326950073,0.09090909090909083
5726400589a1e219009ac5f2,3,3,0.7712333798408508,0.22876662015914917,0.09090909090909083
5726400589a1e219009ac5f2,3,4,0.7650864124298096,0.23491358757019043,0.09090909090909083
5726400589a1e219009ac5f2,3,5,0.7059522867202759,0.2940477132797241,0.09090909090909083
5726400589a1e219009ac5f2,3,6,0.7105943560600281,0.2894056439399719,0.09090909090909083
5726400589a1e219009ac5f2,3,7,0.7056114077568054,0.2943885922431946,0.09090909090909083
5726400589a1e219009ac5f2,3,8,0.7125808596611023,0.2874191403388977,0.09090909090909083
5726400589a1e219009ac5f2,3,9,0.7056940793991089,0.2943059206008911,0.09090909090909083
5726400589a1e219009ac5f2,3,10,0.6949502229690552,0.3050497770309448,0.09090909090909083
5726400589a1e219009ac5f2,3,11,0.6886228322982788,0.3113771677017212,0.09090909090909083
5726400589a1e219009ac5f2,3,12,0.7114768624305725,0.2885231375694275,0.09090909090909083
5726400589a1e219009ac5f2,3,13,0.7236772179603577,0.27632278203964233,0.09090909090909083
5726400589a1e219009ac5f2,3,14,0.7513261437416077,0.24867385625839233,0.09090909090909083
5726400589a1e219009ac5f2,3,15,0.7865891456604004,0.2134108543395996,0.09090909090909083
5726400589a1e219009ac5f2,3,16,0.8257142901420593,0.17428570985794067,0.09090909090909083
5726400589a1e219009ac5f2,3,17,0.8450697660446167,0.1549302339553833,0.09090909090909083
5726400589a1e219009ac5f2,3,18,0.8546968102455139,0.14530318975448608,0.09090909090909083
5726400589a1e219009ac5f2,3,19,0.8614034652709961,0.1385965347290039,0.09090909090909083
5726400589a1e219009ac5f2,3,20,0.8779326677322388,0.12206733226776123,0.09090909090909083
5726400589a1e219009ac5f2,3,21,0.8914136290550232,0.1085863709449768,0.09090909090909083
5726400589a1e219009ac5f2,3,22,0.8963086605072021,0.10369133949279785,0.09090909090909083
5726400589a1e219009ac5f2,3,23,0.9012702107429504,0.09872978925704956,0.09090909090909083
5726400589a1e219009ac5f2,3,24,0.8998029828071594,0.10019701719284058,0.09090909090909083
5726400589a1e219009ac5f2,3,25,0.8957567811012268,0.1042432188987732,0.09090909090909083
5726400589a1e219009ac5f2,3,26,0.8691381216049194,0.13086187839508057,0.09090909090909083
5726400589a1e219009ac5f2,3,27,0.8435840010643005,0.15641599893569946,0.09090909090909083
5726400589a1e219009ac5f2,3,28,0.7878902554512024,0.2121097445487976,0.09090909090909083
5726d9935951b619008f7ff1,1,0,0.750961184501648,0.24903881549835205,0.0
5726d9935951b619008f7ff1,1,1,0.9183926582336426,0.08160734176635742,0.0
5726d9935951b619008f7ff1,1,2,0.9244336485862732,0.0755663514137268,0.0
5726d9935951b619008f7ff1,1,3,0.929492712020874,0.07050728797912598,0.0
5726d9935951b619008f7ff1,1,4,0.9258593916893005,0.07414060831069946,0.0
5726d9935951b619008f7ff1,1,5,0.9250501990318298,0.07494980096817017,0.0
5726d9935951b619008f7ff1,1,6,0.9306982159614563,0.0693017840385437,0.0
5726d9935951b619008f7ff1,1,7,0.9264822006225586,0.0735177993774414,0.0
5726d9935951b619008f7ff1,1,8,0.9299396872520447,0.07006031274795532,0.0
5726d9935951b619008f7ff1,1,9,0.935845673084259,0.06415432691574097,0.0
5726d9935951b619008f7ff1,1,10,0.9392004013061523,0.060799598693847656,0.0
5726d9935951b619008f7ff1,1,11,0.9433842897415161,0.05661571025848389,0.0
5726d9935951b619008f7ff1,1,12,0.9469434022903442,0.05305659770965576,0.0
5726d9935951b619008f7ff1,1,13,0.9544670581817627,0.045532941818237305,0.0
5726d9935951b619008f7ff1,1,14,0.9576537013053894,0.042346298694610596,0.0
5726d9935951b619008f7ff1,1,15,0.9679359793663025,0.03206402063369751,0.0
5726d9935951b619008f7ff1,1,16,0.9748200178146362,0.02517998218536377,0.0
5726d9935951b619008f7ff1,1,17,0.9753202199935913,0.02467978000640869,0.0
5726d9935951b619008f7ff1,1,18,0.9746596217155457,0.025340378284454346,0.0
5726d9935951b619008f7ff1,1,19,0.9737600684165955,0.02623993158340454,0.0
5726d9935951b619008f7ff1,1,20,0.9781091213226318,0.021890878677368164,0.0
5726d9935951b619008f7ff1,1,21,0.9796953797340393,0.020304620265960693,0.0
5726d9935951b619008f7ff1,1,22,0.979892909526825,0.02010709047317505,0.0
5726d9935951b619008f7ff1,1,23,0.9808608889579773,0.019139111042022705,0.0
5726d9935951b619008f7ff1,1,24,0.9807994961738586,0.019200503826141357,0.0
5726d9935951b619008f7ff1,1,25,0.9785987138748169,0.021401286125183105,0.0
5726d9935951b619008f7ff1,1,26,0.9757940173149109,0.02420598268508911,0.0
5726d9935951b619008f7ff1,1,27,0.9740372896194458,0.0259627103805542,0.0
5726d9935951b619008f7ff1,1,28,0.9608147740364075,0.03918522596359253,0.0
5726d9935951b619008f7ff1,2,0,0.6392370462417603,0.36076295375823975,1.0
5726d9935951b619008f7ff1,2,1,0.8304464221000671,0.16955357789993286,1.0
5726d9935951b619008f7ff1,2,2,0.7885364294052124,0.2114635705947876,1.0
5726d9935951b619008f7ff1,2,3,0.8005821108818054,0.19941788911819458,1.0
5726d9935951b619008f7ff1,2,4,0.7821786403656006,0.21782135963439941,1.0
5726d9935951b619008f7ff1,2,5,0.7773883938789368,0.22261160612106323,1.0
5726d9935951b619008f7ff1,2,6,0.7769927382469177,0.22300726175308228,1.0
5726d9935951b619008f7ff1,2,7,0.7889956831932068,0.2110043168067932,1.0
5726d9935951b619008f7ff1,2,8,0.8179911971092224,0.1820088028907776,1.0
5726d9935951b619008f7ff1,2,9,0.8249418139457703,0.17505818605422974,1.0
5726d9935951b619008f7ff1,2,10,0.8205390572547913,0.17946094274520874,1.0
5726d9935951b619008f7ff1,2,11,0.8272795081138611,0.17272049188613892,1.0
5726d9935951b619008f7ff1,2,12,0.8463671803474426,0.15363281965255737,1.0
5726d9935951b619008f7ff1,2,13,0.8627063035964966,0.13729369640350342,1.0
5726d9935951b619008f7ff1,2,14,0.8775836229324341,0.12241637706756592,1.0
5726d9935951b619008f7ff1,2,15,0.8937326073646545,0.10626739263534546,1.0
5726d9935951b619008f7ff1,2,16,0.9077176451683044,0.09228235483169556,1.0
5726d9935951b619008f7ff1,2,17,0.9115766882896423,0.08842331171035767,1.0
5726d9935951b619008f7ff1,2,18,0.9116244912147522,0.0883755087852478,1.0
5726d9935951b619008f7ff1,2,19,0.9120333194732666,0.0879666805267334,1.0
5726d9935951b619008f7ff1,2,20,0.9193885326385498,0.0806114673614502,1.0
5726d9935951b619008f7ff1,2,21,0.9229275584220886,0.07707244157791138,1.0
5726d9935951b619008f7ff1,2,22,0.9249565601348877,0.0750434398651123,1.0
5726d9935951b619008f7ff1,2,23,0.9293444752693176,0.07065552473068237,1.0
5726d9935951b619008f7ff1,2,24,0.9288696050643921,0.07113039493560791,1.0
5726d9935951b619008f7ff1,2,25,0.918529212474823,0.081470787525177,1.0
5726d9935951b619008f7ff1,2,26,0.9099111557006836,0.0900888442993164,1.0
5726d9935951b619008f7ff1,2,27,0.9030274152755737,0.09697258472442627,1.0
5726d9935951b619008f7ff1,2,28,0.8468402028083801,0.15315979719161987,1.0
5726d9935951b619008f7ff1,3,0,0.5218057036399841,0.47819429636001587,1.0
5726d9935951b619008f7ff1,3,1,0.7680675983428955,0.2319324016571045,1.0
5726d9935951b619008f7ff1,3,2,0.6985784769058228,0.30142152309417725,1.0
5726d9935951b619008f7ff1,3,3,0.7297684550285339,0.27023154497146606,1.0
5726d9935951b619008f7ff1,3,4,0.7011954188346863,0.2988045811653137,1.0
5726d9935951b619008f7ff1,3,5,0.668003261089325,0.33199673891067505,1.0
5726d9935951b619008f7ff1,3,6,0.6692917943000793,0.33070820569992065,1.0
5726d9935951b619008f7ff1,3,7,0.6810256838798523,0.3189743161201477,1.0
5726d9935951b619008f7ff1,3,8,0.7182139158248901,0.28178608417510986,1.0
5726d9935951b619008f7ff1,3,9,0.731152355670929,0.26884764432907104,1.0
5726d9935951b619008f7ff1,3,10,0.7064791917800903,0.29352080821990967,1.0
5726d9935951b619008f7ff1,3,11,0.6990304589271545,0.30096954107284546,1.0
5726d9935951b619008f7ff1,3,12,0.7365497946739197,0.2634502053260803,1.0
5726d9935951b619008f7ff1,3,13,0.7662914991378784,0.23370850086212158,1.0
5726d9935951b619008f7ff1,3,14,0.7921308279037476,0.20786917209625244,1.0
5726d9935951b619008f7ff1,3,15,0.8244183659553528,0.17558163404464722,1.0
5726d9935951b619008f7ff1,3,16,0.8552592396736145,0.1447407603263855,1.0
5726d9935951b619008f7ff1,3,17,0.8636282682418823,0.13637173175811768,1.0
5726d9935951b619008f7ff1,3,18,0.8624071478843689,0.1375928521156311,1.0
5726d9935951b619008f7ff1,3,19,0.8653748035430908,0.13462519645690918,1.0
5726d9935951b619008f7ff1,3,20,0.8764614462852478,0.1235385537147522,1.0
5726d9935951b619008f7ff1,3,21,0.8834006190299988,0.11659938097000122,1.0
5726d9935951b619008f7ff1,3,22,0.8849511742591858,0.11504882574081421,1.0
5726d9935951b619008f7ff1,3,23,0.8921017646789551,0.10789823532104492,1.0
5726d9935951b619008f7ff1,3,24,0.8902678489685059,0.10973215103149414,1.0
5726d9935951b619008f7ff1,3,25,0.8777897953987122,0.12221020460128784,1.0
5726d9935951b619008f7ff1,3,26,0.8695805668830872,0.13041943311691284,1.0
5726d9935951b619008f7ff1,3,27,0.8600083589553833,0.1399916410446167,1.0
5726d9935951b619008f7ff1,3,28,0.7895798683166504,0.2104201316833496,1.0
5727e9523acd2414000def99,1,0,0.8947221040725708,0.1052778959274292,0.2666666666666666
5727e9523acd2414000def99,1,1,0.9600723385810852,0.039927661418914795,0.2666666666666666
5727e9523acd2414000def99,1,2,0.9581899642944336,0.041810035705566406,0.2666666666666666
5727e9523acd2414000def99,1,3,0.9674616456031799,0.03253835439682007,0.2666666666666666
5727e9523acd2414000def99,1,4,0.9743449091911316,0.025655090808868408,0.2666666666666666
5727e9523acd2414000def99,1,5,0.9723359942436218,0.027664005756378174,0.2666666666666666
5727e9523acd2414000def99,1,6,0.9739089012145996,0.02609109878540039,0.2666666666666666
5727e9523acd2414000def99,1,7,0.9756404161453247,0.024359583854675293,0.2666666666666666
5727e9523acd2414000def99,1,8,0.9754663109779358,0.02453368902206421,0.2666666666666666
5727e9523acd2414000def99,1,9,0.9779723286628723,0.022027671337127686,0.2666666666666666
5727e9523acd2414000def99,1,10,0.9778029918670654,0.02219700813293457,0.2666666666666666
5727e9523acd2414000def99,1,11,0.9776535034179688,0.02234649658203125,0.2666666666666666
5727e9523acd2414000def99,1,12,0.9826357960700989,0.017364203929901123,0.2666666666666666
5727e9523acd2414000def99,1,13,0.9814723134040833,0.018527686595916748,0.2666666666666666
5727e9523acd2414000def99,1,14,0.9833970069885254,0.01660299301147461,0.2666666666666666
5727e9523acd2414000def99,1,15,0.9846659302711487,0.015334069728851318,0.2666666666666666
5727e9523acd2414000def99,1,16,0.9861403107643127,0.013859689235687256,0.2666666666666666
5727e9523acd2414000def99,1,17,0.9862066507339478,0.013793349266052246,0.2666666666666666
5727e9523acd2414000def99,1,18,0.9847085475921631,0.015291452407836914,0.2666666666666666
5727e9523acd2414000def99,1,19,0.983937680721283,0.01606231927871704,0.2666666666666666
5727e9523acd2414000def99,1,20,0.984687328338623,0.015312671661376953,0.2666666666666666
5727e9523acd2414000def99,1,21,0.9867880940437317,0.01321190595626831,0.2666666666666666
5727e9523acd2414000def99,1,22,0.9869570732116699,0.013042926788330078,0.2666666666666666
5727e9523acd2414000def99,1,23,0.986128032207489,0.013871967792510986,0.2666666666666666
5727e9523acd2414000def99,1,24,0.9867856502532959,0.013214349746704102,0.2666666666666666
5727e9523acd2414000def99,1,25,0.9866584539413452,0.013341546058654785,0.2666666666666666
5727e9523acd2414000def99,1,26,0.9856995940208435,0.014300405979156494,0.2666666666666666
5727e9523acd2414000def99,1,27,0.9847348928451538,0.015265107154846191,0.2666666666666666
5727e9523acd2414000def99,1,28,0.9785947799682617,0.02140522003173828,0.2666666666666666
5727e9523acd2414000def99,2,0,0.7729742527008057,0.22702574729919434,0.6175438596491227
5727e9523acd2414000def99,2,1,0.8975532650947571,0.10244673490524292,0.6175438596491227
5727e9523acd2414000def99,2,2,0.8784121870994568,0.12158781290054321,0.6175438596491227
5727e9523acd2414000def99,2,3,0.8990213871002197,0.10097861289978027,0.6175438596491227
5727e9523acd2414000def99,2,4,0.9057575464248657,0.09424245357513428,0.6175438596491227
5727e9523acd2414000def99,2,5,0.8792761564254761,0.12072384357452393,0.6175438596491227
5727e9523acd2414000def99,2,6,0.8835161924362183,0.11648380756378174,0.6175438596491227
5727e9523acd2414000def99,2,7,0.8852908611297607,0.11470913887023926,0.6175438596491227
5727e9523acd2414000def99,2,8,0.8890579342842102,0.1109420657157898,0.6175438596491227
5727e9523acd2414000def99,2,9,0.8933301568031311,0.1066698431968689,0.6175438596491227
5727e9523acd2414000def99,2,10,0.8905160427093506,0.10948395729064941,0.6175438596491227
5727e9523acd2414000def99,2,11,0.8790375590324402,0.12096244096755981,0.6175438596491227
5727e9523acd2414000def99,2,12,0.8987457752227783,0.10125422477722168,0.6175438596491227
5727e9523acd2414000def99,2,13,0.9068487286567688,0.0931512713432312,0.6175438596491227
5727e9523acd2414000def99,2,14,0.9211275577545166,0.0788724422454834,0.6175438596491227
5727e9523acd2414000def99,2,15,0.9363695383071899,0.06363046169281006,0.6175438596491227
5727e9523acd2414000def99,2,16,0.9469754695892334,0.0530245304107666,0.6175438596491227
5727e9523acd2414000def99,2,17,0.9501009583473206,0.04989904165267944,0.6175438596491227
5727e9523acd2414000def99,2,18,0.9511492848396301,0.04885071516036987,0.6175438596491227
5727e9523acd2414000def99,2,19,0.9493252635002136,0.05067473649978638,0.6175438596491227
5727e9523acd2414000def99,2,20,0.9558975696563721,0.04410243034362793,0.6175438596491227
5727e9523acd2414000def99,2,21,0.9607324600219727,0.039267539978027344,0.6175438596491227
5727e9523acd2414000def99,2,22,0.9615103006362915,0.038489699363708496,0.6175438596491227
5727e9523acd2414000def99,2,23,0.9607425332069397,0.0392574667930603,0.6175438596491227
5727e9523acd2414000def99,2,24,0.9611737728118896,0.03882622718811035,0.6175438596491227
5727e9523acd2414000def99,2,25,0.9587898850440979,0.0412101149559021,0.6175438596491227
5727e9523acd2414000def99,2,26,0.955636739730835,0.04436326026916504,0.6175438596491227
5727e9523acd2414000def99,2,27,0.952100396156311,0.047899603843688965,0.6175438596491227
5727e9523acd2414000def99,2,28,0.9287932515144348,0.07120674848556519,0.6175438596491227
5727e9523acd2414000def99,3,0,0.6651510000228882,0.3348489999771118,0.6175438596491227
5727e9523acd2414000def99,3,1,0.8454570770263672,0.1545429229736328,0.6175438596491227
5727e9523acd2414000def99,3,2,0.8039578795433044,0.19604212045669556,0.6175438596491227
5727e9523acd2414000def99,3,3,0.83861243724823,0.16138756275177002,0.6175438596491227
5727e9523acd2414000def99,3,4,0.843268096446991,0.15673190355300903,0.6175438596491227
5727e9523acd2414000def99,3,5,0.8066328763961792,0.1933671236038208,0.6175438596491227
5727e9523acd2414000def99,3,6,0.8171730637550354,0.1828269362449646,0.6175438596491227
5727e9523acd2414000def99,3,7,0.8261357545852661,0.1738642454147339,0.6175438596491227
5727e9523acd2414000def99,3,8,0.8312154412269592,0.16878455877304077,0.6175438596491227
5727e9523acd2414000def99,3,9,0.844048798084259,0.15595120191574097,0.6175438596491227
5727e9523acd2414000def99,3,10,0.8398524522781372,0.1601475477218628,0.6175438596491227
5727e9523acd2414000def99,3,11,0.8190659880638123,0.18093401193618774,0.6175438596491227
5727e9523acd2414000def99,3,12,0.8446860909461975,0.1553139090538025,0.6175438596491227
5727e9523acd2414000def99,3,13,0.8570393919944763,0.14296060800552368,0.6175438596491227
5727e9523acd2414000def99,3,14,0.8763559460639954,0.12364405393600464,0.6175438596491227
5727e9523acd2414000def99,3,15,0.9055630564689636,0.09443694353103638,0.6175438596491227
5727e9523acd2414000def99,3,16,0.9217067360877991,0.07829326391220093,0.6175438596491227
5727e9523acd2414000def99,3,17,0.9270378947257996,0.07296210527420044,0.6175438596491227
5727e9523acd2414000def99,3,18,0.9302994012832642,0.06970059871673584,0.6175438596491227
5727e9523acd2414000def99,3,19,0.928094208240509,0.07190579175949097,0.6175438596491227
5727e9523acd2414000def99,3,20,0.9374665021896362,0.06253349781036377,0.6175438596491227
5727e9523acd2414000def99,3,21,0.9430314302444458,0.0569685697555542,0.6175438596491227
5727e9523acd2414000def99,3,22,0.9430099725723267,0.05699002742767334,0.6175438596491227
5727e9523acd2414000def99,3,23,0.9440568685531616,0.05594313144683838,0.6175438596491227
5727e9523acd2414000def99,3,24,0.9444025754928589,0.05559742450714111,0.6175438596491227
5727e9523acd2414000def99,3,25,0.9391596913337708,0.06084030866622925,0.6175438596491227
5727e9523acd2414000def99,3,26,0.9336479306221008,0.06635206937789917,0.6175438596491227
5727e9523acd2414000def99,3,27,0.9275503158569336,0.0724496841430664,0.6175438596491227
5727e9523acd2414000def99,3,28,0.8940274119377136,0.10597258806228638,0.6175438596491227
5727f44c2ca10214002d9a33,1,0,0.9049018025398254,0.09509819746017456,0.0
5727f44c2ca10214002d9a33,1,1,0.9625553488731384,0.03744465112686157,0.0
5727f44c2ca10214002d9a33,1,2,0.9338433146476746,0.06615668535232544,0.0
5727f44c2ca10214002d9a33,1,3,0.9347296953201294,0.0652703046798706,0.0
5727f44c2ca10214002d9a33,1,4,0.9267181754112244,0.07328182458877563,0.0
5727f44c2ca10214002d9a33,1,5,0.9234258532524109,0.07657414674758911,0.0
5727f44c2ca10214002d9a33,1,6,0.9290034174919128,0.07099658250808716,0.0
5727f44c2ca10214002d9a33,1,7,0.9203701019287109,0.07962989807128906,0.0
5727f44c2ca10214002d9a33,1,8,0.9200095534324646,0.0799904465675354,0.0
5727f44c2ca10214002d9a33,1,9,0.9220455288887024,0.07795447111129761,0.0
5727f44c2ca10214002d9a33,1,10,0.9182071089744568,0.08179289102554321,0.0
5727f44c2ca10214002d9a33,1,11,0.9245694279670715,0.07543057203292847,0.0
5727f44c2ca10214002d9a33,1,12,0.9305405020713806,0.06945949792861938,0.0
5727f44c2ca10214002d9a33,1,13,0.9321209192276001,0.0678790807723999,0.0
5727f44c2ca10214002d9a33,1,14,0.933188259601593,0.06681174039840698,0.0
5727f44c2ca10214002d9a33,1,15,0.9346866011619568,0.06531339883804321,0.0
5727f44c2ca10214002d9a33,1,16,0.9441723823547363,0.05582761764526367,0.0
5727f44c2ca10214002d9a33,1,17,0.9478346705436707,0.052165329456329346,0.0
5727f44c2ca10214002d9a33,1,18,0.9510753154754639,0.04892468452453613,0.0
5727f44c2ca10214002d9a33,1,19,0.9517879486083984,0.04821205139160156,0.0
5727f44c2ca10214002d9a33,1,20,0.956708550453186,0.043291449546813965,0.0
5727f44c2ca10214002d9a33,1,21,0.9623958468437195,0.03760415315628052,0.0
5727f44c2ca10214002d9a33,1,22,0.9628059267997742,0.03719407320022583,0.0
5727f44c2ca10214002d9a33,1,23,0.9640175700187683,0.03598242998123169,0.0
5727f44c2ca10214002d9a33,1,24,0.964783251285553,0.03521674871444702,0.0
5727f44c2ca10214002d9a33,1,25,0.9627591371536255,0.03724086284637451,0.0
5727f44c2ca10214002d9a33,1,26,0.9559876918792725,0.04401230812072754,0.0
5727f44c2ca10214002d9a33,1,27,0.9548024535179138,0.04519754648208618,0.0
5727f44c2ca10214002d9a33,1,28,0.9446718096733093,0.055328190326690674,0.0
5727f44c2ca10214002d9a33,2,0,0.7495622634887695,0.25043773651123047,0.0
5727f44c2ca10214002d9a33,2,1,0.8790271878242493,0.12097281217575073,0.0
5727f44c2ca10214002d9a33,2,2,0.8224139213562012,0.17758607864379883,0.0
5727f44c2ca10214002d9a33,2,3,0.8503573536872864,0.14964264631271362,0.0
5727f44c2ca10214002d9a33,2,4,0.8360410928726196,0.16395890712738037,0.0
5727f44c2ca10214002d9a33,2,5,0.801584005355835,0.19841599464416504,0.0
5727f44c2ca10214002d9a33,2,6,0.81539386510849,0.18460613489151,0.0
5727f44c2ca10214002d9a33,2,7,0.7784436345100403,0.22155636548995972,0.0
5727f44c2ca10214002d9a33,2,8,0.7843465805053711,0.2156534194946289,0.0
5727f44c2ca10214002d9a33,2,9,0.8047442436218262,0.19525575637817383,0.0
5727f44c2ca10214002d9a33,2,10,0.7984611392021179,0.20153886079788208,0.0
5727f44c2ca10214002d9a33,2,11,0.8148368000984192,0.1851631999015808,0.0
5727f44c2ca10214002d9a33,2,12,0.808548629283905,0.19145137071609497,0.0
5727f44c2ca10214002d9a33,2,13,0.8075178265571594,0.19248217344284058,0.0
5727f44c2ca10214002d9a33,2,14,0.8154388070106506,0.18456119298934937,0.0
5727f44c2ca10214002d9a33,2,15,0.8213542103767395,0.1786457896232605,0.0
5727f44c2ca10214002d9a33,2,16,0.8324278593063354,0.16757214069366455,0.0
5727f44c2ca10214002d9a33,2,17,0.8410411477088928,0.15895885229110718,0.0
5727f44c2ca10214002d9a33,2,18,0.8413845300674438,0.15861546993255615,0.0
5727f44c2ca10214002d9a33,2,19,0.8451675176620483,0.15483248233795166,0.0
5727f44c2ca10214002d9a33,2,20,0.8516509532928467,0.14834904670715332,0.0
5727f44c2ca10214002d9a33,2,21,0.8629516363143921,0.1370483636856079,0.0
5727f44c2ca10214002d9a33,2,22,0.8674498796463013,0.13255012035369873,0.0
5727f44c2ca10214002d9a33,2,23,0.8778830766677856,0.12211692333221436,0.0
5727f44c2ca10214002d9a33,2,24,0.8728553652763367,0.12714463472366333,0.0
5727f44c2ca10214002d9a33,2,25,0.8700042366981506,0.12999576330184937,0.0
5727f44c2ca10214002d9a33,2,26,0.8319567441940308,0.16804325580596924,0.0
5727f44c2ca10214002d9a33,2,27,0.8241466879844666,0.17585331201553345,0.0
5727f44c2ca10214002d9a33,2,28,0.7819148898124695,0.21808511018753052,0.0
5727f44c2ca10214002d9a33,3,0,0.6161611080169678,0.3838388919830322,0.0
5727f44c2ca10214002d9a33,3,1,0.8062566518783569,0.19374334812164307,0.0
5727f44c2ca10214002d9a33,3,2,0.719878077507019,0.28012192249298096,0.0
5727f44c2ca10214002d9a33,3,3,0.777012288570404,0.22298771142959595,0.0
5727f44c2ca10214002d9a33,3,4,0.7528359889984131,0.24716401100158691,0.0
5727f44c2ca10214002d9a33,3,5,0.6831109523773193,0.31688904762268066,0.0
5727f44c2ca10214002d9a33,3,6,0.7137759327888489,0.2862240672111511,0.0
5727f44c2ca10214002d9a33,3,7,0.6472264528274536,0.3527735471725464,0.0
5727f44c2ca10214002d9a33,3,8,0.6551434993743896,0.34485650062561035,0.0
5727f44c2ca10214002d9a33,3,9,0.682214617729187,0.317785382270813,0.0
5727f44c2ca10214002d9a33,3,10,0.6802985072135925,0.31970149278640747,0.0
5727f44c2ca10214002d9a33,3,11,0.6948248147964478,0.30517518520355225,0.0
5727f44c2ca10214002d9a33,3,12,0.6960784196853638,0.30392158031463623,0.0
5727f44c2ca10214002d9a33,3,13,0.7086399793624878,0.2913600206375122,0.0
5727f44c2ca10214002d9a33,3,14,0.739405632019043,0.26059436798095703,0.0
5727f44c2ca10214002d9a33,3,15,0.7641867995262146,0.2358132004737854,0.0
5727f44c2ca10214002d9a33,3,16,0.7774694561958313,0.2225305438041687,0.0
5727f44c2ca10214002d9a33,3,17,0.7931947112083435,0.2068052887916565,0.0
5727f44c2ca10214002d9a33,3,18,0.7885286211967468,0.21147137880325317,0.0
5727f44c2ca10214002d9a33,3,19,0.793830931186676,0.20616906881332397,0.0
5727f44c2ca10214002d9a33,3,20,0.8070052862167358,0.19299471378326416,0.0
5727f44c2ca10214002d9a33,3,21,0.8202500343322754,0.1797499656677246,0.0
5727f44c2ca10214002d9a33,3,22,0.8223264813423157,0.17767351865768433,0.0
5727f44c2ca10214002d9a33,3,23,0.8357029557228088,0.16429704427719116,0.0
5727f44c2ca10214002d9a33,3,24,0.8269800543785095,0.17301994562149048,0.0
5727f44c2ca10214002d9a33,3,25,0.825441837310791,0.17455816268920898,0.0
5727f44c2ca10214002d9a33,3,26,0.7781130075454712,0.2218869924545288,0.0
5727f44c2ca10214002d9a33,3,27,0.7677032351493835,0.23229676485061646,0.0
5727f44c2ca10214002d9a33,3,28,0.7127784490585327,0.2872215509414673,0.0
5727f746ff5b5019007d9960,1,0,0.9482529759407043,0.051747024059295654,0.8666666666666667
5727f746ff5b5019007d9960,1,1,0.9664832353591919,0.033516764640808105,0.8666666666666667
5727f746ff5b5019007d9960,1,2,0.9510979056358337,0.04890209436416626,0.8666666666666667
5727f746ff5b5019007d9960,1,3,0.9517655372619629,0.04823446273803711,0.8666666666666667
5727f746ff5b5019007d9960,1,4,0.9437310695648193,0.056268930435180664,0.8666666666666667
5727f746ff5b5019007d9960,1,5,0.9259302020072937,0.0740697979927063,0.8666666666666667
5727f746ff5b5019007d9960,1,6,0.9340102672576904,0.06598973274230957,0.8666666666666667
5727f746ff5b5019007d9960,1,7,0.9353302717208862,0.06466972827911377,0.8666666666666667
5727f746ff5b5019007d9960,1,8,0.9302346110343933,0.06976538896560669,0.8666666666666667
5727f746ff5b5019007d9960,1,9,0.9371318817138672,0.06286811828613281,0.8666666666666667
5727f746ff5b5019007d9960,1,10,0.9404399394989014,0.05956006050109863,0.8666666666666667
5727f746ff5b5019007d9960,1,11,0.9400655031204224,0.05993449687957764,0.8666666666666667
5727f746ff5b5019007d9960,1,12,0.9409220218658447,0.05907797813415527,0.8666666666666667
5727f746ff5b5019007d9960,1,13,0.9428046941757202,0.057195305824279785,0.8666666666666667
5727f746ff5b5019007d9960,1,14,0.9479522109031677,0.052047789096832275,0.8666666666666667
5727f746ff5b5019007d9960,1,15,0.9461045861244202,0.053895413875579834,0.8666666666666667
5727f746ff5b5019007d9960,1,16,0.95518958568573,0.04481041431427002,0.8666666666666667
5727f746ff5b5019007d9960,1,17,0.9576575756072998,0.042342424392700195,0.8666666666666667
5727f746ff5b5019007d9960,1,18,0.9618176817893982,0.03818231821060181,0.8666666666666667
5727f746ff5b5019007d9960,1,19,0.9627098441123962,0.03729015588760376,0.8666666666666667
5727f746ff5b5019007d9960,1,20,0.9678019881248474,0.03219801187515259,0.8666666666666667
5727f746ff5b5019007d9960,1,21,0.9705849885940552,0.029415011405944824,0.8666666666666667
5727f746ff5b5019007d9960,1,22,0.9722806811332703,0.027719318866729736,0.8666666666666667
5727f746ff5b5019007d9960,1,23,0.9728980660438538,0.02710193395614624,0.8666666666666667
5727f746ff5b5019007d9960,1,24,0.9749855995178223,0.025014400482177734,0.8666666666666667
5727f746ff5b5019007d9960,1,25,0.9752385020256042,0.024761497974395752,0.8666666666666667
5727f746ff5b5019007d9960,1,26,0.9736250042915344,0.026374995708465576,0.8666666666666667
5727f746ff5b5019007d9960,1,27,0.9749359488487244,0.025064051151275635,0.8666666666666667
5727f746ff5b5019007d9960,1,28,0.9717977643013,0.02820223569869995,0.8666666666666667
5727f746ff5b5019007d9960,2,0,0.876781702041626,0.12321829795837402,0.75
5727f746ff5b5019007d9960,2,1,0.9245160818099976,0.07548391819000244,0.75
5727f746ff5b5019007d9960,2,2,0.8935062289237976,0.10649377107620239,0.75
5727f746ff5b5019007d9960,2,3,0.900419294834137,0.09958070516586304,0.75
5727f746ff5b5019007d9960,2,4,0.8879439830780029,0.11205601692199707,0.75
5727f746ff5b5019007d9960,2,5,0.8562593460083008,0.14374065399169922,0.75
5727f746ff5b5019007d9960,2,6,0.861912727355957,0.13808727264404297,0.75
5727f746ff5b5019007d9960,2,7,0.8536290526390076,0.14637094736099243,0.75
5727f746ff5b5019007d9960,2,8,0.849606454372406,0.150393545627594,0.75
5727f746ff5b5019007d9960,2,9,0.8554694652557373,0.1445305347442627,0.75
5727f746ff5b5019007d9960,2,10,0.8588835000991821,0.14111649990081787,0.75
5727f746ff5b5019007d9960,2,11,0.8577144145965576,0.14228558540344238,0.75
5727f746ff5b5019007d9960,2,12,0.8630569577217102,0.1369430422782898,0.75
5727f746ff5b5019007d9960,2,13,0.8730247616767883,0.12697523832321167,0.75
5727f746ff5b5019007d9960,2,14,0.8844873905181885,0.11551260948181152,0.75
5727f746ff5b5019007d9960,2,15,0.8873399496078491,0.11266005039215088,0.75
5727f746ff5b5019007d9960,2,16,0.9079552292823792,0.09204477071762085,0.75
5727f746ff5b5019007d9960,2,17,0.9117106795310974,0.08828932046890259,0.75
5727f746ff5b5019007d9960,2,18,0.9174991250038147,0.0825008749961853,0.75
5727f746ff5b5019007d9960,2,19,0.9170463681221008,0.08295363187789917,0.75
5727f746ff5b5019007d9960,2,20,0.9249706864356995,0.07502931356430054,0.75
5727f746ff5b5019007d9960,2,21,0.9323818683624268,0.06761813163757324,0.75
5727f746ff5b5019007d9960,2,22,0.9353927969932556,0.06460720300674438,0.75
5727f746ff5b5019007d9960,2,23,0.9372215867042542,0.06277841329574585,0.75
5727f746ff5b5019007d9960,2,24,0.9410690665245056,0.058930933475494385,0.75
5727f746ff5b5019007d9960,2,25,0.9376035928726196,0.06239640712738037,0.75
5727f746ff5b5019007d9960,2,26,0.9271301627159119,0.07286983728408813,0.75
5727f746ff5b5019007d9960,2,27,0.9286463856697083,0.07135361433029175,0.75
5727f746ff5b5019007d9960,2,28,0.9139209985733032,0.08607900142669678,0.75
5727f746ff5b5019007d9960,3,0,0.8149049878120422,0.18509501218795776,0.75
5727f746ff5b5019007d9960,3,1,0.9000709056854248,0.0999290943145752,0.75
5727f746ff5b5019007d9960,3,2,0.8594149947166443,0.1405850052833557,0.75
5727f746ff5b5019007d9960,3,3,0.8700726628303528,0.12992733716964722,0.75
5727f746ff5b5019007d9960,3,4,0.8540204763412476,0.14597952365875244,0.75
5727f746ff5b5019007d9960,3,5,0.8079182505607605,0.1920817494392395,0.75
5727f746ff5b5019007d9960,3,6,0.8170894980430603,0.1829105019569397,0.75
5727f746ff5b5019007d9960,3,7,0.8025120496749878,0.1974879503250122,0.75
5727f746ff5b5019007d9960,3,8,0.7973520755767822,0.20264792442321777,0.75
5727f746ff5b5019007d9960,3,9,0.8061301708221436,0.19386982917785645,0.75
5727f746ff5b5019007d9960,3,10,0.8106358051300049,0.18936419486999512,0.75
5727f746ff5b5019007d9960,3,11,0.8024868369102478,0.1975131630897522,0.75
5727f746ff5b5019007d9960,3,12,0.8117578625679016,0.1882421374320984,0.75
5727f746ff5b5019007d9960,3,13,0.8295137286186218,0.17048627138137817,0.75
5727f746ff5b5019007d9960,3,14,0.8448455929756165,0.15515440702438354,0.75
5727f746ff5b5019007d9960,3,15,0.8563968539237976,0.1436031460762024,0.75
5727f746ff5b5019007d9960,3,16,0.8825364708900452,0.11746352910995483,0.75
5727f746ff5b5019007d9960,3,17,0.8888513445854187,0.1111486554145813,0.75
5727f746ff5b5019007d9960,3,18,0.8941651582717896,0.10583484172821045,0.75
5727f746ff5b5019007d9960,3,19,0.8940503597259521,0.10594964027404785,0.75
5727f746ff5b5019007d9960,3,20,0.9033095240592957,0.09669047594070435,0.75
5727f746ff5b5019007d9960,3,21,0.9137653112411499,0.0862346887588501,0.75
5727f746ff5b5019007d9960,3,22,0.9164630770683289,0.08353692293167114,0.75
5727f746ff5b5019007d9960,3,23,0.9191190004348755,0.08088099956512451,0.75
5727f746ff5b5019007d9960,3,24,0.9240207672119141,0.07597923278808594,0.75
5727f746ff5b5019007d9960,3,25,0.9212503433227539,0.0787496566772461,0.75
5727f746ff5b5019007d9960,3,26,0.908496618270874,0.09150338172912598,0.75
5727f746ff5b5019007d9960,3,27,0.9106546640396118,0.08934533596038818,0.75
5727f746ff5b5019007d9960,3,28,0.8903557658195496,0.10964423418045044,0.75
5728455bff5b5019007da078,1,0,0.9447163343429565,0.05528366565704346,0.0
5728455bff5b5019007da078,1,1,0.9815430045127869,0.018456995487213135,0.0
5728455bff5b5019007da078,1,2,0.9797744154930115,0.020225584506988525,0.0
5728455bff5b5019007da078,1,3,0.9830085635185242,0.01699143648147583,0.0
5728455bff5b5019007da078,1,4,0.9822399616241455,0.017760038375854492,0.0
5728455bff5b5019007da078,1,5,0.9789444208145142,0.02105557918548584,0.0
5728455bff5b5019007da078,1,6,0.9794515371322632,0.020548462867736816,0.0
5728455bff5b5019007da078,1,7,0.9790214896202087,0.02097851037979126,0.0
5728455bff5b5019007da078,1,8,0.9770606756210327,0.022939324378967285,0.0
5728455bff5b5019007da078,1,9,0.9772204160690308,0.02277958393096924,0.0
5728455bff5b5019007da078,1,10,0.9774966835975647,0.022503316402435303,0.0
5728455bff5b5019007da078,1,11,0.9782581925392151,0.021741807460784912,0.0
5728455bff5b5019007da078,1,12,0.9812365770339966,0.018763422966003418,0.0
5728455bff5b5019007da078,1,13,0.9817187190055847,0.018281280994415283,0.0
5728455bff5b5019007da078,1,14,0.9813637137413025,0.01863628625869751,0.0
5728455bff5b5019007da078,1,15,0.9857649207115173,0.014235079288482666,0.0
5728455bff5b5019007da078,1,16,0.9886565208435059,0.01134347915649414,0.0
5728455bff5b5019007da078,1,17,0.9886883497238159,0.011311650276184082,0.0
5728455bff5b5019007da078,1,18,0.9892927408218384,0.010707259178161621,0.0
5728455bff5b5019007da078,1,19,0.988711416721344,0.011288583278656006,0.0
5728455bff5b5019007da078,1,20,0.9901251196861267,0.009874880313873291,0.0
5728455bff5b5019007da078,1,21,0.9909908175468445,0.009009182453155518,0.0
5728455bff5b5019007da078,1,22,0.9908599257469177,0.009140074253082275,0.0
5728455bff5b5019007da078,1,23,0.9908432364463806,0.009156763553619385,0.0
5728455bff5b5019007da078,1,24,0.9902092814445496,0.00979071855545044,0.0
5728455bff5b5019007da078,1,25,0.9874054193496704,0.01259458065032959,0.0
5728455bff5b5019007da078,1,26,0.9856045246124268,0.014395475387573242,0.0
5728455bff5b5019007da078,1,27,0.985399067401886,0.014600932598114014,0.0
5728455bff5b5019007da078,1,28,0.9791247844696045,0.020875215530395508,0.0
5728455bff5b5019007da078,2,0,0.908896267414093,0.09110373258590698,0.0
5728455bff5b5019007da078,2,1,0.9602720737457275,0.03972792625427246,0.0
5728455bff5b5019007da078,2,2,0.9484505653381348,0.051549434661865234,0.0
5728455bff5b5019007da078,2,3,0.9532172679901123,0.046782732009887695,0.0
5728455bff5b5019007da078,2,4,0.9448536038398743,0.05514639616012573,0.0
5728455bff5b5019007da078,2,5,0.9287217259407043,0.07127827405929565,0.0
5728455bff5b5019007da078,2,6,0.9191110134124756,0.08088898658752441,0.0
5728455bff5b5019007da078,2,7,0.8987399935722351,0.10126000642776489,0.0
5728455bff5b5019007da078,2,8,0.8748680353164673,0.12513196468353271,0.0
5728455bff5b5019007da078,2,9,0.8623316287994385,0.13766837120056152,0.0
5728455bff5b5019007da078,2,10,0.8506706953048706,0.1493293046951294,0.0
5728455bff5b5019007da078,2,11,0.8256226181983948,0.17437738180160522,0.0
5728455bff5b5019007da078,2,12,0.8390591740608215,0.16094082593917847,0.0
5728455bff5b5019007da078,2,13,0.8397799134254456,0.16022008657455444,0.0
5728455bff5b5019007da078,2,14,0.8564419746398926,0.14355802536010742,0.0
5728455bff5b5019007da078,2,15,0.8898271918296814,0.1101728081703186,0.0
5728455bff5b5019007da078,2,16,0.8996376395225525,0.10036236047744751,0.0
5728455bff5b5019007da078,2,17,0.9107434749603271,0.08925652503967285,0.0
5728455bff5b5019007da078,2,18,0.9199699759483337,0.08003002405166626,0.0
5728455bff5b5019007da078,2,19,0.9228119254112244,0.07718807458877563,0.0
5728455bff5b5019007da078,2,20,0.9294993281364441,0.07050067186355591,0.0
5728455bff5b5019007da078,2,21,0.9386745095252991,0.06132549047470093,0.0
5728455bff5b5019007da078,2,22,0.9419606328010559,0.05803936719894409,0.0
5728455bff5b5019007da078,2,23,0.9432637095451355,0.0567362904548645,0.0
5728455bff5b5019007da078,2,24,0.9465958476066589,0.053404152393341064,0.0
5728455bff5b5019007da078,2,25,0.943295419216156,0.056704580783843994,0.0
5728455bff5b5019007da078,2,26,0.9379860162734985,0.062013983726501465,0.0
5728455bff5b5019007da078,2,27,0.9371005296707153,0.06289947032928467,0.0
5728455bff5b5019007da078,2,28,0.9116590619087219,0.08834093809127808,0.0
5728455bff5b5019007da078,3,0,0.8235204815864563,0.1764795184135437,0.0
5728455bff5b5019007da078,3,1,0.9206064939498901,0.07939350605010986,0.0
5728455bff5b5019007da078,3,2,0.8879436254501343,0.11205637454986572,0.0
5728455bff5b5019007da078,3,3,0.904223620891571,0.09577637910842896,0.0
5728455bff5b5019007da078,3,4,0.8885213732719421,0.11147862672805786,0.0
5728455bff5b5019007da078,3,5,0.8575992584228516,0.14240074157714844,0.0
5728455bff5b5019007da078,3,6,0.8539991974830627,0.14600080251693726,0.0
5728455bff5b5019007da078,3,7,0.8265585899353027,0.17344141006469727,0.0
5728455bff5b5019007da078,3,8,0.7968380451202393,0.20316195487976074,0.0
5728455bff5b5019007da078,3,9,0.7831666469573975,0.21683335304260254,0.0
5728455bff5b5019007da078,3,10,0.7806867361068726,0.21931326389312744,0.0
5728455bff5b5019007da078,3,11,0.7570967674255371,0.2429032325744629,0.0
5728455bff5b5019007da078,3,12,0.7690766453742981,0.2309233546257019,0.0
5728455bff5b5019007da078,3,13,0.7738443613052368,0.22615563869476318,0.0
5728455bff5b5019007da078,3,14,0.7904433608055115,0.20955663919448853,0.0
5728455bff5b5019007da078,3,15,0.8467198610305786,0.1532801389694214,0.0
5728455bff5b5019007da078,3,16,0.8660354018211365,0.13396459817886353,0.0
5728455bff5b5019007da078,3,17,0.87972092628479,0.12027907371520996,0.0
5728455bff5b5019007da078,3,18,0.8879113793373108,0.11208862066268921,0.0
5728455bff5b5019007da078,3,19,0.8929001092910767,0.10709989070892334,0.0
5728455bff5b5019007da078,3,20,0.9057859778404236,0.09421402215957642,0.0
5728455bff5b5019007da078,3,21,0.9174940586090088,0.08250594139099121,0.0
5728455bff5b5019007da078,3,22,0.9213144779205322,0.07868552207946777,0.0
5728455bff5b5019007da078,3,23,0.9246821403503418,0.0753178596496582,0.0
5728455bff5b5019007da078,3,24,0.925007164478302,0.074992835521698,0.0
5728455bff5b5019007da078,3,25,0.9154896140098572,0.08451038599014282,0.0
5728455bff5b5019007da078,3,26,0.9038775563240051,0.09612244367599487,0.0
5728455bff5b5019007da078,3,27,0.9011207818984985,0.09887921810150146,0.0
5728455bff5b5019007da078,3,28,0.8585058450698853,0.14149415493011475,0.0
5728d5793acd2414000dffb7,1,0,0.8852483630180359,0.11475163698196411,0.935483870967742
5728d5793acd2414000dffb7,1,1,0.956504225730896,0.043495774269104004,0.935483870967742
5728d5793acd2414000dffb7,1,2,0.9420362114906311,0.057963788509368896,0.935483870967742
5728d5793acd2414000dffb7,1,3,0.9459114670753479,0.0540885329246521,0.935483870967742
5728d5793acd2414000dffb7,1,4,0.9505894184112549,0.04941058158874512,0.935483870967742
5728d5793acd2414000dffb7,1,5,0.932289183139801,0.06771081686019897,0.935483870967742
5728d5793acd2414000dffb7,1,6,0.9379043579101562,0.06209564208984375,0.935483870967742
5728d5793acd2414000dffb7,1,7,0.9402830004692078,0.059716999530792236,0.935483870967742
5728d5793acd2414000dffb7,1,8,0.9411435723304749,0.058856427669525146,0.935483870967742
5728d5793acd2414000dffb7,1,9,0.9508693218231201,0.04913067817687988,0.935483870967742
5728d5793acd2414000dffb7,1,10,0.9503573179244995,0.04964268207550049,0.935483870967742
5728d5793acd2414000dffb7,1,11,0.9470592737197876,0.0529407262802124,0.935483870967742
5728d5793acd2414000dffb7,1,12,0.9571735858917236,0.04282641410827637,0.935483870967742
5728d5793acd2414000dffb7,1,13,0.9588474631309509,0.04115253686904907,0.935483870967742
5728d5793acd2414000dffb7,1,14,0.9591427445411682,0.04085725545883179,0.935483870967742
5728d5793acd2414000dffb7,1,15,0.9671096205711365,0.032890379428863525,0.935483870967742
5728d5793acd2414000dffb7,1,16,0.9754976630210876,0.024502336978912354,0.935483870967742
5728d5793acd2414000dffb7,1,17,0.9755105376243591,0.02448946237564087,0.935483870967742
5728d5793acd2414000dffb7,1,18,0.9754959344863892,0.02450406551361084,0.935483870967742
5728d5793acd2414000dffb7,1,19,0.977053701877594,0.022946298122406006,0.935483870967742
5728d5793acd2414000dffb7,1,20,0.9786495566368103,0.021350443363189697,0.935483870967742
5728d5793acd2414000dffb7,1,21,0.9801074862480164,0.019892513751983643,0.935483870967742
5728d5793acd2414000dffb7,1,22,0.980609655380249,0.019390344619750977,0.935483870967742
5728d5793acd2414000dffb7,1,23,0.9809478521347046,0.01905214786529541,0.935483870967742
5728d5793acd2414000dffb7,1,24,0.9810582995414734,0.01894170045852661,0.935483870967742
5728d5793acd2414000dffb7,1,25,0.9810431003570557,0.018956899642944336,0.935483870967742
5728d5793acd2414000dffb7,1,26,0.9794062972068787,0.020593702793121338,0.935483870967742
5728d5793acd2414000dffb7,1,27,0.9781200885772705,0.021879911422729492,0.935483870967742
5728d5793acd2414000dffb7,1,28,0.9668068289756775,0.03319317102432251,0.935483870967742
5728d5793acd2414000dffb7,2,0,0.7899869084358215,0.21001309156417847,0.935483870967742
5728d5793acd2414000dffb7,2,1,0.9248189926147461,0.0751810073852539,0.935483870967742
5728d5793acd2414000dffb7,2,2,0.9008923768997192,0.09910762310028076,0.935483870967742
5728d5793acd2414000dffb7,2,3,0.9135347604751587,0.08646523952484131,0.935483870967742
5728d5793acd2414000dffb7,2,4,0.9156923294067383,0.08430767059326172,0.935483870967742
5728d5793acd2414000dffb7,2,5,0.886914074420929,0.11308592557907104,0.935483870967742
5728d5793acd2414000dffb7,2,6,0.88522869348526,0.11477130651473999,0.935483870967742
5728d5793acd2414000dffb7,2,7,0.8776795864105225,0.12232041358947754,0.935483870967742
5728d5793acd2414000dffb7,2,8,0.8752851486206055,0.12471485137939453,0.935483870967742
5728d5793acd2414000dffb7,2,9,0.8909432888031006,0.10905671119689941,0.935483870967742
5728d5793acd2414000dffb7,2,10,0.8917646408081055,0.10823535919189453,0.935483870967742
5728d5793acd2414000dffb7,2,11,0.8880228400230408,0.11197715997695923,0.935483870967742
5728d5793acd2414000dffb7,2,12,0.9002403616905212,0.09975963830947876,0.935483870967742
5728d5793acd2414000dffb7,2,13,0.9005312919616699,0.09946870803833008,0.935483870967742
5728d5793acd2414000dffb7,2,14,0.9099975228309631,0.09000247716903687,0.935483870967742
5728d5793acd2414000dffb7,2,15,0.9284666776657104,0.07153332233428955,0.935483870967742
5728d5793acd2414000dffb7,2,16,0.9436808228492737,0.05631917715072632,0.935483870967742
5728d5793acd2414000dffb7,2,17,0.9492029547691345,0.05079704523086548,0.935483870967742
5728d5793acd2414000dffb7,2,18,0.9486907124519348,0.051309287548065186,0.935483870967742
5728d5793acd2414000dffb7,2,19,0.9505997896194458,0.0494002103805542,0.935483870967742
5728d5793acd2414000dffb7,2,20,0.9545788168907166,0.04542118310928345,0.935483870967742
5728d5793acd2414000dffb7,2,21,0.9556934237480164,0.04430657625198364,0.935483870967742
5728d5793acd2414000dffb7,2,22,0.956353485584259,0.04364651441574097,0.935483870967742
5728d5793acd2414000dffb7,2,23,0.9579181671142578,0.04208183288574219,0.935483870967742
5728d5793acd2414000dffb7,2,24,0.9568189382553101,0.04318106174468994,0.935483870967742
5728d5793acd2414000dffb7,2,25,0.9527781009674072,0.04722189903259277,0.935483870967742
5728d5793acd2414000dffb7,2,26,0.9434765577316284,0.05652344226837158,0.935483870967742
5728d5793acd2414000dffb7,2,27,0.9379054307937622,0.06209456920623779,0.935483870967742
5728d5793acd2414000dffb7,2,28,0.8983796834945679,0.10162031650543213,0.935483870967742
5728d5793acd2414000dffb7,3,0,0.6453551054000854,0.35464489459991455,0.935483870967742
5728d5793acd2414000dffb7,3,1,0.8626521229743958,0.13734787702560425,0.935483870967742
5728d5793acd2414000dffb7,3,2,0.8128971457481384,0.18710285425186157,0.935483870967742
5728d5793acd2414000dffb7,3,3,0.8271021246910095,0.17289787530899048,0.935483870967742
5728d5793acd2414000dffb7,3,4,0.8189612627029419,0.1810387372970581,0.935483870967742
5728d5793acd2414000dffb7,3,5,0.7674252390861511,0.23257476091384888,0.935483870967742
5728d5793acd2414000dffb7,3,6,0.7579028010368347,0.24209719896316528,0.935483870967742
5728d5793acd2414000dffb7,3,7,0.7447400093078613,0.25525999069213867,0.935483870967742
5728d5793acd2414000dffb7,3,8,0.7407580018043518,0.2592419981956482,0.935483870967742
5728d5793acd2414000dffb7,3,9,0.7698137164115906,0.23018628358840942,0.935483870967742
5728d5793acd2414000dffb7,3,10,0.7700033783912659,0.22999662160873413,0.935483870967742
5728d5793acd2414000dffb7,3,11,0.7560030221939087,0.2439969778060913,0.935483870967742
5728d5793acd2414000dffb7,3,12,0.7727085947990417,0.22729140520095825,0.935483870967742
5728d5793acd2414000dffb7,3,13,0.7861706614494324,0.21382933855056763,0.935483870967742
5728d5793acd2414000dffb7,3,14,0.8087032437324524,0.1912967562675476,0.935483870967742
5728d5793acd2414000dffb7,3,15,0.8500661253929138,0.14993387460708618,0.935483870967742
5728d5793acd2414000dffb7,3,16,0.8759035468101501,0.12409645318984985,0.935483870967742
5728d5793acd2414000dffb7,3,17,0.8848950862884521,0.11510491371154785,0.935483870967742
5728d5793acd2414000dffb7,3,18,0.8850707411766052,0.11492925882339478,0.935483870967742
5728d5793acd2414000dffb7,3,19,0.8871582746505737,0.11284172534942627,0.935483870967742
5728d5793acd2414000dffb7,3,20,0.8993640542030334,0.10063594579696655,0.935483870967742
5728d5793acd2414000dffb7,3,21,0.9070984125137329,0.09290158748626709,0.935483870967742
5728d5793acd2414000dffb7,3,22,0.9076652526855469,0.09233474731445312,0.935483870967742
5728d5793acd2414000dffb7,3,23,0.9129059314727783,0.08709406852722168,0.935483870967742
5728d5793acd2414000dffb7,3,24,0.9154922366142273,0.0845077633857727,0.935483870967742
5728d5793acd2414000dffb7,3,25,0.9130761623382568,0.08692383766174316,0.935483870967742
5728d5793acd2414000dffb7,3,26,0.8971802592277527,0.10281974077224731,0.935483870967742
5728d5793acd2414000dffb7,3,27,0.8892298340797424,0.11077016592025757,0.935483870967742
5728d5793acd2414000dffb7,3,28,0.8335720300674438,0.16642796993255615,0.935483870967742
5728f2e26aef051400154898,1,0,0.8190694451332092,0.18093055486679077,0.0
5728f2e26aef051400154898,1,1,0.9123587608337402,0.08764123916625977,0.0
5728f2e26aef051400154898,1,2,0.8798534870147705,0.12014651298522949,0.0
5728f2e26aef051400154898,1,3,0.9039733409881592,0.09602665901184082,0.0
5728f2e26aef051400154898,1,4,0.9001595973968506,0.09984040260314941,0.0
5728f2e26aef051400154898,1,5,0.8964903354644775,0.10350966453552246,0.0
5728f2e26aef051400154898,1,6,0.903890073299408,0.09610992670059204,0.0
5728f2e26aef051400154898,1,7,0.8923739790916443,0.10762602090835571,0.0
5728f2e26aef051400154898,1,8,0.8848373889923096,0.11516261100769043,0.0
5728f2e26aef051400154898,1,9,0.9009081721305847,0.09909182786941528,0.0
5728f2e26aef051400154898,1,10,0.9042658805847168,0.0957341194152832,0.0
5728f2e26aef051400154898,1,11,0.9139439463615417,0.08605605363845825,0.0
5728f2e26aef051400154898,1,12,0.9227107167243958,0.07728928327560425,0.0
5728f2e26aef051400154898,1,13,0.9234649538993835,0.07653504610061646,0.0
5728f2e26aef051400154898,1,14,0.9237939119338989,0.07620608806610107,0.0
5728f2e26aef051400154898,1,15,0.9423474669456482,0.05765253305435181,0.0
5728f2e26aef051400154898,1,16,0.9524829387664795,0.04751706123352051,0.0
5728f2e26aef051400154898,1,17,0.9567862749099731,0.043213725090026855,0.0
5728f2e26aef051400154898,1,18,0.9526424407958984,0.04735755920410156,0.0
5728f2e26aef051400154898,1,19,0.9498276710510254,0.05017232894897461,0.0
5728f2e26aef051400154898,1,20,0.9563502073287964,0.04364979267120361,0.0
5728f2e26aef051400154898,1,21,0.9581501483917236,0.04184985160827637,0.0
5728f2e26aef051400154898,1,22,0.9576510787010193,0.04234892129898071,0.0
5728f2e26aef051400154898,1,23,0.9587367177009583,0.04126328229904175,0.0
5728f2e26aef051400154898,1,24,0.9577276706695557,0.042272329330444336,0.0
5728f2e26aef051400154898,1,25,0.953283429145813,0.04671657085418701,0.0
5728f2e26aef051400154898,1,26,0.9457388520240784,0.05426114797592163,0.0
5728f2e26aef051400154898,1,27,0.9423743486404419,0.057625651359558105,0.0
5728f2e26aef051400154898,1,28,0.9235196113586426,0.07648038864135742,0.0
5728f2e26aef051400154898,2,0,0.7010209560394287,0.2989790439605713,0.0
5728f2e26aef051400154898,2,1,0.8387402892112732,0.1612597107887268,0.0
5728f2e26aef051400154898,2,2,0.7772595882415771,0.22274041175842285,0.0
5728f2e26aef051400154898,2,3,0.8097769021987915,0.1902230978012085,0.0
5728f2e26aef051400154898,2,4,0.7921595573425293,0.2078404426574707,0.0
5728f2e26aef051400154898,2,5,0.7756423950195312,0.22435760498046875,0.0
5728f2e26aef051400154898,2,6,0.7939298748970032,0.20607012510299683,0.0
5728f2e26aef051400154898,2,7,0.7655002474784851,0.2344997525215149,0.0
5728f2e26aef051400154898,2,8,0.7527852654457092,0.24721473455429077,0.0
5728f2e26aef051400154898,2,9,0.7798448204994202,0.22015517950057983,0.0
5728f2e26aef051400154898,2,10,0.7740606665611267,0.2259393334388733,0.0
5728f2e26aef051400154898,2,11,0.7781816124916077,0.22181838750839233,0.0
5728f2e26aef051400154898,2,12,0.8135687708854675,0.18643122911453247,0.0
5728f2e26aef051400154898,2,13,0.8163945078849792,0.18360549211502075,0.0
5728f2e26aef051400154898,2,14,0.8304576873779297,0.1695423126220703,0.0
5728f2e26aef051400154898,2,15,0.8523970246315002,0.14760297536849976,0.0
5728f2e26aef051400154898,2,16,0.867986261844635,0.132013738155365,0.0
5728f2e26aef051400154898,2,17,0.8817428946495056,0.11825710535049438,0.0
5728f2e26aef051400154898,2,18,0.8757973909378052,0.12420260906219482,0.0
5728f2e26aef051400154898,2,19,0.8715253472328186,0.1284746527671814,0.0
5728f2e26aef051400154898,2,20,0.8863115310668945,0.11368846893310547,0.0
5728f2e26aef051400154898,2,21,0.8906403183937073,0.10935968160629272,0.0
5728f2e26aef051400154898,2,22,0.8903350830078125,0.1096649169921875,0.0
5728f2e26aef051400154898,2,23,0.8973351716995239,0.10266482830047607,0.0
5728f2e26aef051400154898,2,24,0.8903235793113708,0.10967642068862915,0.0
5728f2e26aef051400154898,2,25,0.8790191411972046,0.12098085880279541,0.0
5728f2e26aef051400154898,2,26,0.8404779434204102,0.15952205657958984,0.0
5728f2e26aef051400154898,2,27,0.8182083964347839,0.18179160356521606,0.0
5728f2e26aef051400154898,2,28,0.7169955372810364,0.2830044627189636,0.0
5728f2e26aef051400154898,3,0,0.5809537768363953,0.41904622316360474,0.0
5728f2e26aef051400154898,3,1,0.7761241793632507,0.22387582063674927,0.0
5728f2e26aef051400154898,3,2,0.7001765370368958,0.29982346296310425,0.0
5728f2e26aef051400154898,3,3,0.7407081723213196,0.2592918276786804,0.0
5728f2e26aef051400154898,3,4,0.7215005159378052,0.2784994840621948,0.0
5728f2e26aef051400154898,3,5,0.6979094743728638,0.30209052562713623,0.0
5728f2e26aef051400154898,3,6,0.7134884595870972,0.28651154041290283,0.0
5728f2e26aef051400154898,3,7,0.6764547228813171,0.32354527711868286,0.0
5728f2e26aef051400154898,3,8,0.6690433621406555,0.3309566378593445,0.0
5728f2e26aef051400154898,3,9,0.7025380730628967,0.29746192693710327,0.0
5728f2e26aef051400154898,3,10,0.6950247883796692,0.3049752116203308,0.0
5728f2e26aef051400154898,3,11,0.6864814162254333,0.31351858377456665,0.0
5728f2e26aef051400154898,3,12,0.732390284538269,0.26760971546173096,0.0
5728f2e26aef051400154898,3,13,0.7435394525527954,0.2564605474472046,0.0
5728f2e26aef051400154898,3,14,0.7678155303001404,0.23218446969985962,0.0
5728f2e26aef051400154898,3,15,0.8063066005706787,0.1936933994293213,0.0
5728f2e26aef051400154898,3,16,0.8241977095603943,0.1758022904396057,0.0
5728f2e26aef051400154898,3,17,0.8429627418518066,0.15703725814819336,0.0
5728f2e26aef051400154898,3,18,0.8359419703483582,0.16405802965164185,0.0
5728f2e26aef051400154898,3,19,0.8343963623046875,0.1656036376953125,0.0
5728f2e26aef051400154898,3,20,0.8524006009101868,0.14759939908981323,0.0
5728f2e26aef051400154898,3,21,0.8597943186759949,0.14020568132400513,0.0
5728f2e26aef051400154898,3,22,0.8565430641174316,0.14345693588256836,0.0
5728f2e26aef051400154898,3,23,0.8664728403091431,0.13352715969085693,0.0
5728f2e26aef051400154898,3,24,0.8597556948661804,0.14024430513381958,0.0
5728f2e26aef051400154898,3,25,0.8428882360458374,0.1571117639541626,0.0
5728f2e26aef051400154898,3,26,0.7956237196922302,0.20437628030776978,0.0
5728f2e26aef051400154898,3,27,0.7730540037155151,0.22694599628448486,0.0
5728f2e26aef051400154898,3,28,0.6427047848701477,0.3572952151298523,0.0
57291fb4af94a219006aa0b5,1,0,0.8209965229034424,0.17900347709655762,0.6666666666666666
57291fb4af94a219006aa0b5,1,1,0.9354619979858398,0.06453800201416016,0.6666666666666666
57291fb4af94a219006aa0b5,1,2,0.9216986894607544,0.0783013105392456,0.6666666666666666
57291fb4af94a219006aa0b5,1,3,0.9321860074996948,0.06781399250030518,0.6666666666666666
57291fb4af94a219006aa0b5,1,4,0.9248993396759033,0.07510066032409668,0.6666666666666666
57291fb4af94a219006aa0b5,1,5,0.8986375331878662,0.10136246681213379,0.6666666666666666
57291fb4af94a219006aa0b5,1,6,0.9071133136749268,0.09288668632507324,0.6666666666666666
57291fb4af94a219006aa0b5,1,7,0.8968220353126526,0.10317796468734741,0.6666666666666666
57291fb4af94a219006aa0b5,1,8,0.8832136988639832,0.11678630113601685,0.6666666666666666
57291fb4af94a219006aa0b5,1,9,0.888321042060852,0.11167895793914795,0.6666666666666666
57291fb4af94a219006aa0b5,1,10,0.8763077855110168,0.12369221448898315,0.6666666666666666
57291fb4af94a219006aa0b5,1,11,0.8931527137756348,0.10684728622436523,0.6666666666666666
57291fb4af94a219006aa0b5,1,12,0.8772709965705872,0.12272900342941284,0.6666666666666666
57291fb4af94a219006aa0b5,1,13,0.8869970440864563,0.1130029559135437,0.6666666666666666
57291fb4af94a219006aa0b5,1,14,0.8966490030288696,0.10335099697113037,0.6666666666666666
57291fb4af94a219006aa0b5,1,15,0.9090816378593445,0.09091836214065552,0.6666666666666666
57291fb4af94a219006aa0b5,1,16,0.9179452061653137,0.08205479383468628,0.6666666666666666
57291fb4af94a219006aa0b5,1,17,0.9268631339073181,0.07313686609268188,0.6666666666666666
57291fb4af94a219006aa0b5,1,18,0.9259573221206665,0.0740426778793335,0.6666666666666666
57291fb4af94a219006aa0b5,1,19,0.9268680810928345,0.07313191890716553,0.6666666666666666
57291fb4af94a219006aa0b5,1,20,0.9362411499023438,0.06375885009765625,0.6666666666666666
57291fb4af94a219006aa0b5,1,21,0.9425956606864929,0.05740433931350708,0.6666666666666666
57291fb4af94a219006aa0b5,1,22,0.9474642872810364,0.05253571271896362,0.6666666666666666
57291fb4af94a219006aa0b5,1,23,0.9491133093833923,0.050886690616607666,0.6666666666666666
57291fb4af94a219006aa0b5,1,24,0.9558514356613159,0.04414856433868408,0.6666666666666666
57291fb4af94a219006aa0b5,1,25,0.9583166241645813,0.0416833758354187,0.6666666666666666
57291fb4af94a219006aa0b5,1,26,0.9568558931350708,0.0431441068649292,0.6666666666666666
57291fb4af94a219006aa0b5,1,27,0.9529961943626404,0.04700380563735962,0.6666666666666666
57291fb4af94a219006aa0b5,1,28,0.9333701729774475,0.06662982702255249,0.6666666666666666
57291fb4af94a219006aa0b5,2,0,0.6688047647476196,0.33119523525238037,0.6666666666666666
57291fb4af94a219006aa0b5,2,1,0.852533757686615,0.147466242313385,0.6666666666666666
57291fb4af94a219006aa0b5,2,2,0.8177263140678406,0.18227368593215942,0.6666666666666666
57291fb4af94a219006aa0b5,2,3,0.8351710438728333,0.16482895612716675,0.6666666666666666
57291fb4af94a219006aa0b5,2,4,0.816132128238678,0.18386787176132202,0.6666666666666666
57291fb4af94a219006aa0b5,2,5,0.7595146298408508,0.24048537015914917,0.6666666666666666
57291fb4af94a219006aa0b5,2,6,0.7570408582687378,0.2429591417312622,0.6666666666666666
57291fb4af94a219006aa0b5,2,7,0.7330516576766968,0.2669483423233032,0.6666666666666666
57291fb4af94a219006aa0b5,2,8,0.7087756395339966,0.2912243604660034,0.6666666666666666
57291fb4af94a219006aa0b5,2,9,0.7110666036605835,0.2889333963394165,0.6666666666666666
57291fb4af94a219006aa0b5,2,10,0.695266842842102,0.30473315715789795,0.6666666666666666
57291fb4af94a219006aa0b5,2,11,0.6983400583267212,0.3016599416732788,0.6666666666666666
57291fb4af94a219006aa0b5,2,12,0.7069671154022217,0.2930328845977783,0.6666666666666666
57291fb4af94a219006aa0b5,2,13,0.7253847718238831,0.27461522817611694,0.6666666666666666
57291fb4af94a219006aa0b5,2,14,0.7488096952438354,0.25119030475616455,0.6666666666666666
57291fb4af94a219006aa0b5,2,15,0.7725560665130615,0.22744393348693848,0.6666666666666666
57291fb4af94a219006aa0b5,2,16,0.7938101887702942,0.2061898112297058,0.6666666666666666
57291fb4af94a219006aa0b5,2,17,0.8181698322296143,0.18183016777038574,0.6666666666666666
57291fb4af94a219006aa0b5,2,18,0.8277156352996826,0.17228436470031738,0.6666666666666666
57291fb4af94a219006aa0b5,2,19,0.8326007127761841,0.16739928722381592,0.6666666666666666
57291fb4af94a219006aa0b5,2,20,0.8486226201057434,0.1513773798942566,0.6666666666666666
57291fb4af94a219006aa0b5,2,21,0.8645184636116028,0.13548153638839722,0.6666666666666666
57291fb4af94a219006aa0b5,2,22,0.8740006685256958,0.1259993314743042,0.6666666666666666
57291fb4af94a219006aa0b5,2,23,0.875735342502594,0.124264657497406,0.6666666666666666
57291fb4af94a219006aa0b5,2,24,0.8889327645301819,0.11106723546981812,0.6666666666666666
57291fb4af94a219006aa0b5,2,25,0.8882321119308472,0.11176788806915283,0.6666666666666666
57291fb4af94a219006aa0b5,2,26,0.8801866173744202,0.11981338262557983,0.6666666666666666
57291fb4af94a219006aa0b5,2,27,0.8638722896575928,0.13612771034240723,0.6666666666666666
57291fb4af94a219006aa0b5,2,28,0.8202256560325623,0.17977434396743774,0.6666666666666666
57291fb4af94a219006aa0b5,3,0,0.5858795642852783,0.4141204357147217,0.6666666666666666
57291fb4af94a219006aa0b5,3,1,0.8204417824745178,0.17955821752548218,0.6666666666666666
57291fb4af94a219006aa0b5,3,2,0.7751736044883728,0.2248263955116272,0.6666666666666666
57291fb4af94a219006aa0b5,3,3,0.8045892715454102,0.19541072845458984,0.6666666666666666
57291fb4af94a219006aa0b5,3,4,0.7774613499641418,0.22253865003585815,0.6666666666666666
57291fb4af94a219006aa0b5,3,5,0.7049224376678467,0.2950775623321533,0.6666666666666666
57291fb4af94a219006aa0b5,3,6,0.7034419775009155,0.2965580224990845,0.6666666666666666
57291fb4af94a219006aa0b5,3,7,0.6756037473678589,0.3243962526321411,0.6666666666666666
57291fb4af94a219006aa0b5,3,8,0.6589056253433228,0.34109437465667725,0.6666666666666666
57291fb4af94a219006aa0b5,3,9,0.6603308916091919,0.3396691083908081,0.6666666666666666
57291fb4af94a219006aa0b5,3,10,0.6481902003288269,0.3518097996711731,0.6666666666666666
57291fb4af94a219006aa0b5,3,11,0.6451707482337952,0.35482925176620483,0.6666666666666666
57291fb4af94a219006aa0b5,3,12,0.661704421043396,0.338295578956604,0.6666666666666666
57291fb4af94a219006aa0b5,3,13,0.6780695915222168,0.3219304084777832,0.6666666666666666
57291fb4af94a219006aa0b5,3,14,0.7074206471443176,0.2925793528556824,0.6666666666666666
57291fb4af94a219006aa0b5,3,15,0.7420271635055542,0.2579728364944458,0.6666666666666666
57291fb4af94a219006aa0b5,3,16,0.7643596529960632,0.23564034700393677,0.6666666666666666
57291fb4af94a219006aa0b5,3,17,0.7935307025909424,0.20646929740905762,0.6666666666666666
57291fb4af94a219006aa0b5,3,18,0.8037118315696716,0.19628816843032837,0.6666666666666666
57291fb4af94a219006aa0b5,3,19,0.8099455833435059,0.19005441665649414,0.6666666666666666
57291fb4af94a219006aa0b5,3,20,0.8255802989006042,0.17441970109939575,0.6666666666666666
57291fb4af94a219006aa0b5,3,21,0.8442489504814148,0.1557510495185852,0.6666666666666666
57291fb4af94a219006aa0b5,3,22,0.8527603149414062,0.14723968505859375,0.6666666666666666
57291fb4af94a219006aa0b5,3,23,0.8554614782333374,0.1445385217666626,0.6666666666666666
57291fb4af94a219006aa0b5,3,24,0.8696609735488892,0.13033902645111084,0.6666666666666666
57291fb4af94a219006aa0b5,3,25,0.8665575981140137,0.13344240188598633,0.6666666666666666
57291fb4af94a219006aa0b5,3,26,0.8542991876602173,0.14570081233978271,0.6666666666666666
57291fb4af94a219006aa0b5,3,27,0.8354045748710632,0.16459542512893677,0.6666666666666666
57291fb4af94a219006aa0b5,3,28,0.7891737222671509,0.21082627773284912,0.6666666666666666
572925491d046914007790c5,1,0,0.6996445655822754,0.3003554344177246,0.0
572925491d046914007790c5,1,1,0.8267694711685181,0.17323052883148193,0.0
572925491d046914007790c5,1,2,0.7775067687034607,0.2224932312965393,0.0
572925491d046914007790c5,1,3,0.7973929047584534,0.20260709524154663,0.0
572925491d046914007790c5,1,4,0.7664783000946045,0.2335216999053955,0.0
572925491d046914007790c5,1,5,0.7405624985694885,0.2594375014305115,0.0
572925491d046914007790c5,1,6,0.7909439206123352,0.2090560793876648,0.0
572925491d046914007790c5,1,7,0.7969293594360352,0.20307064056396484,0.0
572925491d046914007790c5,1,8,0.8108022212982178,0.18919777870178223,0.0
572925491d046914007790c5,1,9,0.8216853737831116,0.17831462621688843,0.0
572925491d046914007790c5,1,10,0.8274455666542053,0.17255443334579468,0.0
572925491d046914007790c5,1,11,0.8192761540412903,0.18072384595870972,0.0
572925491d046914007790c5,1,12,0.8392402529716492,0.16075974702835083,0.0
572925491d046914007790c5,1,13,0.8455283045768738,0.15447169542312622,0.0
572925491d046914007790c5,1,14,0.8605472445487976,0.1394527554512024,0.0
572925491d046914007790c5,1,15,0.8586133122444153,0.14138668775558472,0.0
572925491d046914007790c5,1,16,0.8698768615722656,0.13012313842773438,0.0
572925491d046914007790c5,1,17,0.8775492310523987,0.12245076894760132,0.0
572925491d046914007790c5,1,18,0.8778234124183655,0.12217658758163452,0.0
572925491d046914007790c5,1,19,0.875650942325592,0.12434905767440796,0.0
572925491d046914007790c5,1,20,0.8847976922988892,0.11520230770111084,0.0
572925491d046914007790c5,1,21,0.891120195388794,0.10887980461120605,0.0
572925491d046914007790c5,1,22,0.8981941938400269,0.10180580615997314,0.0
572925491d046914007790c5,1,23,0.898930013179779,0.10106998682022095,0.0
572925491d046914007790c5,1,24,0.8962947130203247,0.10370528697967529,0.0
572925491d046914007790c5,1,25,0.897622287273407,0.10237771272659302,0.0
572925491d046914007790c5,1,26,0.8845531344413757,0.11544686555862427,0.0
572925491d046914007790c5,1,27,0.8792639970779419,0.1207360029220581,0.0
572925491d046914007790c5,1,28,0.8334367871284485,0.1665632128715515,0.0
572925491d046914007790c5,2,0,0.4665411114692688,0.5334588885307312,0.0
572925491d046914007790c5,2,1,0.697955310344696,0.30204468965530396,0.0
572925491d046914007790c5,2,2,0.6502673625946045,0.3497326374053955,0.0
572925491d046914007790c5,2,3,0.6831151247024536,0.3168848752975464,0.0
572925491d046914007790c5,2,4,0.6471500396728516,0.35284996032714844,0.0
572925491d046914007790c5,2,5,0.6041355133056641,0.39586448669433594,0.0
572925491d046914007790c5,2,6,0.6601820588111877,0.33981794118881226,0.0
572925491d046914007790c5,2,7,0.6655330657958984,0.33446693420410156,0.0
572925491d046914007790c5,2,8,0.682451069355011,0.317548930644989,0.0
572925491d046914007790c5,2,9,0.693710207939148,0.30628979206085205,0.0
572925491d046914007790c5,2,10,0.6749551296234131,0.3250448703765869,0.0
572925491d046914007790c5,2,11,0.6584528088569641,0.3415471911430359,0.0
572925491d046914007790c5,2,12,0.69395512342453,0.30604487657546997,0.0
572925491d046914007790c5,2,13,0.710365355014801,0.289634644985199,0.0
572925491d046914007790c5,2,14,0.743381142616272,0.256618857383728,0.0
572925491d046914007790c5,2,15,0.7708372473716736,0.22916275262832642,0.0
572925491d046914007790c5,2,16,0.7988739013671875,0.2011260986328125,0.0
572925491d046914007790c5,2,17,0.80967777967453,0.19032222032546997,0.0
572925491d046914007790c5,2,18,0.8094358444213867,0.19056415557861328,0.0
572925491d046914007790c5,2,19,0.8102178573608398,0.18978214263916016,0.0
572925491d046914007790c5,2,20,0.8304237723350525,0.1695762276649475,0.0
572925491d046914007790c5,2,21,0.8399794697761536,0.16002053022384644,0.0
572925491d046914007790c5,2,22,0.8468683958053589,0.1531316041946411,0.0
572925491d046914007790c5,2,23,0.8524025678634644,0.14759743213653564,0.0
572925491d046914007790c5,2,24,0.8516390323638916,0.1483609676361084,0.0
572925491d046914007790c5,2,25,0.8521813750267029,0.14781862497329712,0.0
572925491d046914007790c5,2,26,0.8321998715400696,0.16780012845993042,0.0
572925491d046914007790c5,2,27,0.8306424021720886,0.16935759782791138,0.0
572925491d046914007790c5,2,28,0.7459360957145691,0.2540639042854309,0.0
572925491d046914007790c5,3,0,0.30587324500083923,0.6941267251968384,1.0
572925491d046914007790c5,3,1,0.5805561542510986,0.41944384574890137,1.0
572925491d046914007790c5,3,2,0.5097441673278809,0.49025583267211914,1.0
572925491d046914007790c5,3,3,0.5622440576553345,0.4377559423446655,1.0
572925491d046914007790c5,3,4,0.524405837059021,0.475594162940979,1.0
572925491d046914007790c5,3,5,0.46484386920928955,0.5351561307907104,1.0
572925491d046914007790c5,3,6,0.5319631099700928,0.4680368900299072,1.0
572925491d046914007790c5,3,7,0.5436902642250061,0.4563097357749939,1.0
572925491d046914007790c5,3,8,0.541648268699646,0.458351731300354,1.0
572925491d046914007790c5,3,9,0.5562665462493896,0.44373345375061035,1.0
572925491d046914007790c5,3,10,0.5292544960975647,0.4707455039024353,1.0
572925491d046914007790c5,3,11,0.5217792987823486,0.47822070121765137,1.0
572925491d046914007790c5,3,12,0.5574076175689697,0.4425923824310303,1.0
572925491d046914007790c5,3,13,0.5753227472305298,0.4246772527694702,1.0
572925491d046914007790c5,3,14,0.6123008728027344,0.3876991271972656,1.0
572925491d046914007790c5,3,15,0.651900589466095,0.34809941053390503,1.0
572925491d046914007790c5,3,16,0.6937249302864075,0.30627506971359253,1.0
572925491d046914007790c5,3,17,0.7047132849693298,0.29528671503067017,1.0
572925491d046914007790c5,3,18,0.7067437767982483,0.2932562232017517,1.0
572925491d046914007790c5,3,19,0.7070702314376831,0.2929297685623169,1.0
572925491d046914007790c5,3,20,0.736423909664154,0.26357609033584595,1.0
572925491d046914007790c5,3,21,0.7551124691963196,0.24488753080368042,1.0
572925491d046914007790c5,3,22,0.7553457021713257,0.24465429782867432,1.0
572925491d046914007790c5,3,23,0.7630422115325928,0.23695778846740723,1.0
572925491d046914007790c5,3,24,0.7682947516441345,0.23170524835586548,1.0
572925491d046914007790c5,3,25,0.7708553075790405,0.22914469242095947,1.0
572925491d046914007790c5,3,26,0.748682975769043,0.25131702423095703,1.0
572925491d046914007790c5,3,27,0.7518932819366455,0.2481067180633545,1.0
572925491d046914007790c5,3,28,0.635856032371521,0.364143967628479,1.0
572978e66aef051400154f78,1,0,0.9009456038475037,0.09905439615249634,0.0
572978e66aef051400154f78,1,1,0.967226505279541,0.032773494720458984,0.0
572978e66aef051400154f78,1,2,0.966046929359436,0.033953070640563965,0.0
572978e66aef051400154f78,1,3,0.9746932983398438,0.02530670166015625,0.0
572978e66aef051400154f78,1,4,0.9775086641311646,0.02249133586883545,0.0
572978e66aef051400154f78,1,5,0.9740035533905029,0.02599644660949707,0.0
572978e66aef051400154f78,1,6,0.9758180379867554,0.02418196201324463,0.0
572978e66aef051400154f78,1,7,0.9753609299659729,0.0246390700340271,0.0
572978e66aef051400154f78,1,8,0.9751349091529846,0.02486509084701538,0.0
572978e66aef051400154f78,1,9,0.9782833456993103,0.021716654300689697,0.0
572978e66aef051400154f78,1,10,0.9814748764038086,0.018525123596191406,0.0
572978e66aef051400154f78,1,11,0.9813907742500305,0.018609225749969482,0.0
572978e66aef051400154f78,1,12,0.9830836653709412,0.016916334629058838,0.0
572978e66aef051400154f78,1,13,0.9848940372467041,0.015105962753295898,0.0
572978e66aef051400154f78,1,14,0.9875414967536926,0.012458503246307373,0.0
572978e66aef051400154f78,1,15,0.9897212386131287,0.010278761386871338,0.0
572978e66aef051400154f78,1,16,0.9920077323913574,0.007992267608642578,0.0
572978e66aef051400154f78,1,17,0.9922630786895752,0.007736921310424805,0.0
572978e66aef051400154f78,1,18,0.9926453828811646,0.007354617118835449,0.0
572978e66aef051400154f78,1,19,0.9925760626792908,0.0074239373207092285,0.0
572978e66aef051400154f78,1,20,0.9935945272445679,0.006405472755432129,0.0
572978e66aef051400154f78,1,21,0.9942064881324768,0.005793511867523193,0.0
572978e66aef051400154f78,1,22,0.9941741824150085,0.005825817584991455,0.0
572978e66aef051400154f78,1,23,0.9941186904907227,0.005881309509277344,0.0
572978e66aef051400154f78,1,24,0.9943039417266846,0.00569605827331543,0.0
572978e66aef051400154f78,1,25,0.9944748282432556,0.005525171756744385,0.0
572978e66aef051400154f78,1,26,0.9938017725944519,0.006198227405548096,0.0
572978e66aef051400154f78,1,27,0.9935930371284485,0.006406962871551514,0.0
572978e66aef051400154f78,1,28,0.9908807873725891,0.009119212627410889,0.0
572978e66aef051400154f78,2,0,0.7973806262016296,0.20261937379837036,0.0
572978e66aef051400154f78,2,1,0.9058359265327454,0.09416407346725464,0.0
572978e66aef051400154f78,2,2,0.8732052445411682,0.1267947554588318,0.0
572978e66aef051400154f78,2,3,0.8993169069290161,0.10068309307098389,0.0
572978e66aef051400154f78,2,4,0.906416118144989,0.09358388185501099,0.0
572978e66aef051400154f78,2,5,0.885887861251831,0.11411213874816895,0.0
572978e66aef051400154f78,2,6,0.9032191038131714,0.09678089618682861,0.0
572978e66aef051400154f78,2,7,0.9001337289810181,0.09986627101898193,0.0
572978e66aef051400154f78,2,8,0.9019564390182495,0.09804356098175049,0.0
572978e66aef051400154f78,2,9,0.9099282026290894,0.09007179737091064,0.0
572978e66aef051400154f78,2,10,0.9139899015426636,0.08601009845733643,0.0
572978e66aef051400154f78,2,11,0.914935827255249,0.08506417274475098,0.0
572978e66aef051400154f78,2,12,0.9242153763771057,0.07578462362289429,0.0
572978e66aef051400154f78,2,13,0.9289801716804504,0.07101982831954956,0.0
572978e66aef051400154f78,2,14,0.9422490000724792,0.05775099992752075,0.0
572978e66aef051400154f78,2,15,0.953523576259613,0.04647642374038696,0.0
572978e66aef051400154f78,2,16,0.9627832174301147,0.037216782569885254,0.0
572978e66aef051400154f78,2,17,0.9653019905090332,0.0346980094909668,0.0
572978e66aef051400154f78,2,18,0.9664708971977234,0.03352910280227661,0.0
572978e66aef051400154f78,2,19,0.9664891958236694,0.033510804176330566,0.0
572978e66aef051400154f78,2,20,0.9696378111839294,0.030362188816070557,0.0
572978e66aef051400154f78,2,21,0.9726230502128601,0.027376949787139893,0.0
572978e66aef051400154f78,2,22,0.9720590114593506,0.027940988540649414,0.0
572978e66aef051400154f78,2,23,0.9733843803405762,0.026615619659423828,0.0
572978e66aef051400154f78,2,24,0.9720247983932495,0.02797520160675049,0.0
572978e66aef051400154f78,2,25,0.9664831757545471,0.03351682424545288,0.0
572978e66aef051400154f78,2,26,0.9484317302703857,0.05156826972961426,0.0
572978e66aef051400154f78,2,27,0.9427947402000427,0.057205259799957275,0.0
572978e66aef051400154f78,2,28,0.9044786095619202,0.09552139043807983,0.0
572978e66aef051400154f78,3,0,0.5870137214660645,0.41298627853393555,0.0
572978e66aef051400154f78,3,1,0.8332417011260986,0.16675829887390137,0.0
572978e66aef051400154f78,3,2,0.7614671587944031,0.23853284120559692,0.0
572978e66aef051400154f78,3,3,0.8053269386291504,0.1946730613708496,0.0
572978e66aef051400154f78,3,4,0.7929025292396545,0.20709747076034546,0.0
572978e66aef051400154f78,3,5,0.7673622965812683,0.2326377034187317,0.0
572978e66aef051400154f78,3,6,0.7918082475662231,0.20819175243377686,0.0
572978e66aef051400154f78,3,7,0.7806251049041748,0.2193748950958252,0.0
572978e66aef051400154f78,3,8,0.7732338309288025,0.2267661690711975,0.0
572978e66aef051400154f78,3,9,0.7844517230987549,0.21554827690124512,0.0
572978e66aef051400154f78,3,10,0.7787869572639465,0.22121304273605347,0.0
572978e66aef051400154f78,3,11,0.7736919522285461,0.22630804777145386,0.0
572978e66aef051400154f78,3,12,0.7868062257766724,0.21319377422332764,0.0
572978e66aef051400154f78,3,13,0.8045930862426758,0.19540691375732422,0.0
572978e66aef051400154f78,3,14,0.8336257934570312,0.16637420654296875,0.0
572978e66aef051400154f78,3,15,0.8737018704414368,0.12629812955856323,0.0
572978e66aef051400154f78,3,16,0.8950181007385254,0.10498189926147461,0.0
572978e66aef051400154f78,3,17,0.9006527662277222,0.09934723377227783,0.0
572978e66aef051400154f78,3,18,0.899266242980957,0.10073375701904297,0.0
572978e66aef051400154f78,3,19,0.9016527533531189,0.0983472466468811,0.0
572978e66aef051400154f78,3,20,0.9146221280097961,0.08537787199020386,0.0
572978e66aef051400154f78,3,21,0.9213115572929382,0.07868844270706177,0.0
572978e66aef051400154f78,3,22,0.917936384677887,0.08206361532211304,0.0
572978e66aef051400154f78,3,23,0.9221936464309692,0.07780635356903076,0.0
572978e66aef051400154f78,3,24,0.9117611646652222,0.08823883533477783,0.0
572978e66aef051400154f78,3,25,0.8975541591644287,0.10244584083557129,0.0
572978e66aef051400154f78,3,26,0.8496296405792236,0.15037035942077637,0.0
572978e66aef051400154f78,3,27,0.8306363224983215,0.16936367750167847,0.0
572978e66aef051400154f78,3,28,0.7768422365188599,0.22315776348114014,0.0
57298ef11d0469140077952f,1,0,0.9503708481788635,0.049629151821136475,0.0
57298ef11d0469140077952f,1,1,0.9842843413352966,0.01571565866470337,0.0
57298ef11d0469140077952f,1,2,0.9816576838493347,0.018342316150665283,0.0
57298ef11d0469140077952f,1,3,0.9853411316871643,0.014658868312835693,0.0
57298ef11d0469140077952f,1,4,0.9865252375602722,0.013474762439727783,0.0
57298ef11d0469140077952f,1,5,0.983619213104248,0.016380786895751953,0.0
57298ef11d0469140077952f,1,6,0.9860436916351318,0.013956308364868164,0.0
57298ef11d0469140077952f,1,7,0.9862158298492432,0.013784170150756836,0.0
57298ef11d0469140077952f,1,8,0.9816492795944214,0.018350720405578613,0.0
57298ef11d0469140077952f,1,9,0.9834374785423279,0.01656252145767212,0.0
57298ef11d0469140077952f,1,10,0.9841264486312866,0.01587355136871338,0.0
57298ef11d0469140077952f,1,11,0.9831782579421997,0.016821742057800293,0.0
57298ef11d0469140077952f,1,12,0.9853528141975403,0.014647185802459717,0.0
57298ef11d0469140077952f,1,13,0.9871330261230469,0.012866973876953125,0.0
57298ef11d0469140077952f,1,14,0.987607479095459,0.012392520904541016,0.0
57298ef11d0469140077952f,1,15,0.9901242852210999,0.009875714778900146,0.0
57298ef11d0469140077952f,1,16,0.99164217710495,0.008357822895050049,0.0
57298ef11d0469140077952f,1,17,0.9914917945861816,0.00850820541381836,0.0
57298ef11d0469140077952f,1,18,0.9917497634887695,0.008250236511230469,0.0
57298ef11d0469140077952f,1,19,0.9911129474639893,0.008887052536010742,0.0
57298ef11d0469140077952f,1,20,0.9921678900718689,0.007832109928131104,0.0
57298ef11d0469140077952f,1,21,0.993139922618866,0.006860077381134033,0.0
57298ef11d0469140077952f,1,22,0.9932173490524292,0.006782650947570801,0.0
57298ef11d0469140077952f,1,23,0.9933268427848816,0.006673157215118408,0.0
57298ef11d0469140077952f,1,24,0.9933679103851318,0.006632089614868164,0.0
57298ef11d0469140077952f,1,25,0.9934045672416687,0.006595432758331299,0.0
57298ef11d0469140077952f,1,26,0.9924192428588867,0.007580757141113281,0.0
57298ef11d0469140077952f,1,27,0.9922426342964172,0.007757365703582764,0.0
57298ef11d0469140077952f,1,28,0.990134596824646,0.009865403175354004,0.0
57298ef11d0469140077952f,2,0,0.86805260181427,0.13194739818572998,0.0
57298ef11d0469140077952f,2,1,0.949495255947113,0.05050474405288696,0.0
57298ef11d0469140077952f,2,2,0.9375903010368347,0.06240969896316528,0.0
57298ef11d0469140077952f,2,3,0.9488849639892578,0.05111503601074219,0.0
57298ef11d0469140077952f,2,4,0.9493092894554138,0.05069071054458618,0.0
57298ef11d0469140077952f,2,5,0.9408974647521973,0.059102535247802734,0.0
57298ef11d0469140077952f,2,6,0.9481349587440491,0.05186504125595093,0.0
57298ef11d0469140077952f,2,7,0.9504680633544922,0.04953193664550781,0.0
57298ef11d0469140077952f,2,8,0.9418540596961975,0.05814594030380249,0.0
57298ef11d0469140077952f,2,9,0.9426562786102295,0.05734372138977051,0.0
57298ef11d0469140077952f,2,10,0.9418911933898926,0.05810880661010742,0.0
57298ef11d0469140077952f,2,11,0.9369164705276489,0.06308352947235107,0.0
57298ef11d0469140077952f,2,12,0.9385005235671997,0.06149947643280029,0.0
57298ef11d0469140077952f,2,13,0.9447600841522217,0.05523991584777832,0.0
57298ef11d0469140077952f,2,14,0.9499028921127319,0.050097107887268066,0.0
57298ef11d0469140077952f,2,15,0.9603744149208069,0.039625585079193115,0.0
57298ef11d0469140077952f,2,16,0.9651074409484863,0.03489255905151367,0.0
57298ef11d0469140077952f,2,17,0.9651573300361633,0.03484266996383667,0.0
57298ef11d0469140077952f,2,18,0.9638469815254211,0.03615301847457886,0.0
57298ef11d0469140077952f,2,19,0.9617183208465576,0.03828167915344238,0.0
57298ef11d0469140077952f,2,20,0.9656215906143188,0.03437840938568115,0.0
57298ef11d0469140077952f,2,21,0.9700270891189575,0.02997291088104248,0.0
57298ef11d0469140077952f,2,22,0.9709560871124268,0.029043912887573242,0.0
57298ef11d0469140077952f,2,23,0.9725344777107239,0.027465522289276123,0.0
57298ef11d0469140077952f,2,24,0.9720156192779541,0.0279843807220459,0.0
57298ef11d0469140077952f,2,25,0.9705644249916077,0.029435575008392334,0.0
57298ef11d0469140077952f,2,26,0.9634262919425964,0.036573708057403564,0.0
57298ef11d0469140077952f,2,27,0.9605770111083984,0.03942298889160156,0.0
57298ef11d0469140077952f,2,28,0.9520861506462097,0.04791384935379028,0.0
57298ef11d0469140077952f,3,0,0.8160771131515503,0.1839228868484497,0.0
57298ef11d0469140077952f,3,1,0.9287437200546265,0.07125627994537354,0.0
57298ef11d0469140077952f,3,2,0.9109572768211365,0.08904272317886353,0.0
57298ef11d0469140077952f,3,3,0.9248759746551514,0.07512402534484863,0.0
57298ef11d0469140077952f,3,4,0.9253859519958496,0.07461404800415039,0.0
57298ef11d0469140077952f,3,5,0.9094216823577881,0.09057831764221191,0.0
57298ef11d0469140077952f,3,6,0.9159607291221619,0.08403927087783813,0.0
57298ef11d0469140077952f,3,7,0.9133874773979187,0.0866125226020813,0.0
57298ef11d0469140077952f,3,8,0.9062516093254089,0.09374839067459106,0.0
57298ef11d0469140077952f,3,9,0.910628080368042,0.08937191963195801,0.0
57298ef11d0469140077952f,3,10,0.907081127166748,0.09291887283325195,0.0
57298ef11d0469140077952f,3,11,0.8990106582641602,0.10098934173583984,0.0
57298ef11d0469140077952f,3,12,0.9036465287208557,0.09635347127914429,0.0
57298ef11d0469140077952f,3,13,0.914160966873169,0.08583903312683105,0.0
57298ef11d0469140077952f,3,14,0.9235036969184875,0.07649630308151245,0.0
57298ef11d0469140077952f,3,15,0.9414951205253601,0.05850487947463989,0.0
57298ef11d0469140077952f,3,16,0.9438523054122925,0.05614769458770752,0.0
57298ef11d0469140077952f,3,17,0.9456993341445923,0.054300665855407715,0.0
57298ef11d0469140077952f,3,18,0.9423237442970276,0.05767625570297241,0.0
57298ef11d0469140077952f,3,19,0.9373619556427002,0.0626380443572998,0.0
57298ef11d0469140077952f,3,20,0.9461315870285034,0.05386841297149658,0.0
57298ef11d0469140077952f,3,21,0.9523500204086304,0.04764997959136963,0.0
57298ef11d0469140077952f,3,22,0.9529872536659241,0.04701274633407593,0.0
57298ef11d0469140077952f,3,23,0.9569414854049683,0.04305851459503174,0.0
57298ef11d0469140077952f,3,24,0.9536904692649841,0.04630953073501587,0.0
57298ef11d0469140077952f,3,25,0.9474729895591736,0.052527010440826416,0.0
57298ef11d0469140077952f,3,26,0.9377945065498352,0.062205493450164795,0.0
57298ef11d0469140077952f,3,27,0.9333993792533875,0.06660062074661255,0.0
57298ef11d0469140077952f,3,28,0.9161487221717834,0.08385127782821655,0.0
5729efab3f37b319004785cf,1,0,0.9531247019767761,0.04687529802322388,0.0
5729efab3f37b319004785cf,1,1,0.9816749095916748,0.018325090408325195,0.0
5729efab3f37b319004785cf,1,2,0.9730441570281982,0.026955842971801758,0.0
5729efab3f37b319004785cf,1,3,0.9754902124404907,0.024509787559509277,0.0
5729efab3f37b319004785cf,1,4,0.9719211459159851,0.028078854084014893,0.0
5729efab3f37b319004785cf,1,5,0.9648808240890503,0.03511917591094971,0.0
5729efab3f37b319004785cf,1,6,0.9592554569244385,0.04074454307556152,0.0
5729efab3f37b319004785cf,1,7,0.955000102519989,0.044999897480010986,0.0
5729efab3f37b319004785cf,1,8,0.9555329084396362,0.04446709156036377,0.0
5729efab3f37b319004785cf,1,9,0.9544165134429932,0.045583486557006836,0.0
5729efab3f37b319004785cf,1,10,0.9608086347579956,0.039191365242004395,0.0
5729efab3f37b319004785cf,1,11,0.9661889672279358,0.03381103277206421,0.0
5729efab3f37b319004785cf,1,12,0.971767783164978,0.028232216835021973,0.0
5729efab3f37b319004785cf,1,13,0.9756397604942322,0.024360239505767822,0.0
5729efab3f37b319004785cf,1,14,0.9761608839035034,0.023839116096496582,0.0
5729efab3f37b319004785cf,1,15,0.980130136013031,0.019869863986968994,0.0
5729efab3f37b319004785cf,1,16,0.9829172492027283,0.01708275079727173,0.0
5729efab3f37b319004785cf,1,17,0.9845383763313293,0.015461623668670654,0.0
5729efab3f37b319004785cf,1,18,0.9850419163703918,0.014958083629608154,0.0
5729efab3f37b319004785cf,1,19,0.9845731258392334,0.015426874160766602,0.0
5729efab3f37b319004785cf,1,20,0.987284243106842,0.012715756893157959,0.0
5729efab3f37b319004785cf,1,21,0.988183856010437,0.011816143989562988,0.0
5729efab3f37b319004785cf,1,22,0.9886751770973206,0.011324822902679443,0.0
5729efab3f37b319004785cf,1,23,0.9894147515296936,0.010585248470306396,0.0
5729efab3f37b319004785cf,1,24,0.9879950881004333,0.01200491189956665,0.0
5729efab3f37b319004785cf,1,25,0.9849678874015808,0.01503211259841919,0.0
5729efab3f37b319004785cf,1,26,0.9794405698776245,0.02055943012237549,0.0
5729efab3f37b319004785cf,1,27,0.9760311245918274,0.023968875408172607,0.0
5729efab3f37b319004785cf,1,28,0.9520901441574097,0.04790985584259033,0.0
5729efab3f37b319004785cf,2,0,0.8877018094062805,0.11229819059371948,0.0
5729efab3f37b319004785cf,2,1,0.9507096409797668,0.049290359020233154,0.0
5729efab3f37b319004785cf,2,2,0.9323124885559082,0.0676875114440918,0.0
5729efab3f37b319004785cf,2,3,0.9399813413619995,0.06001865863800049,0.0
5729efab3f37b319004785cf,2,4,0.9351072311401367,0.06489276885986328,0.0
5729efab3f37b319004785cf,2,5,0.9170646071434021,0.0829353928565979,0.0
5729efab3f37b319004785cf,2,6,0.9059051871299744,0.09409481287002563,0.0
5729efab3f37b319004785cf,2,7,0.8932126760482788,0.10678732395172119,0.0
5729efab3f37b319004785cf,2,8,0.8863882422447205,0.11361175775527954,0.0
5729efab3f37b319004785cf,2,9,0.890760064125061,0.10923993587493896,0.0
5729efab3f37b319004785cf,2,10,0.8968561887741089,0.10314381122589111,0.0
5729efab3f37b319004785cf,2,11,0.9017065763473511,0.09829342365264893,0.0
5729efab3f37b319004785cf,2,12,0.9091826677322388,0.09081733226776123,0.0
5729efab3f37b319004785cf,2,13,0.9198103547096252,0.08018964529037476,0.0
5729efab3f37b319004785cf,2,14,0.9264752864837646,0.07352471351623535,0.0
5729efab3f37b319004785cf,2,15,0.9429286122322083,0.05707138776779175,0.0
5729efab3f37b319004785cf,2,16,0.9488094449043274,0.05119055509567261,0.0
5729efab3f37b319004785cf,2,17,0.9533033967018127,0.046696603298187256,0.0
5729efab3f37b319004785cf,2,18,0.9511198997497559,0.04888010025024414,0.0
5729efab3f37b319004785cf,2,19,0.949090301990509,0.05090969800949097,0.0
5729efab3f37b319004785cf,2,20,0.9576494693756104,0.04235053062438965,0.0
5729efab3f37b319004785cf,2,21,0.9597281217575073,0.040271878242492676,0.0
5729efab3f37b319004785cf,2,22,0.9602442979812622,0.03975570201873779,0.0
5729efab3f37b319004785cf,2,23,0.963238537311554,0.036761462688446045,0.0
5729efab3f37b319004785cf,2,24,0.9559125900268555,0.04408740997314453,0.0
5729efab3f37b319004785cf,2,25,0.9504132270812988,0.04958677291870117,0.0
5729efab3f37b319004785cf,2,26,0.9382474422454834,0.0617525577545166,0.0
5729efab3f37b319004785cf,2,27,0.9302536845207214,0.06974631547927856,0.0
5729efab3f37b319004785cf,2,28,0.8757562637329102,0.12424373626708984,0.0
5729efab3f37b319004785cf,3,0,0.8127244114875793,0.18727558851242065,0.0
5729efab3f37b319004785cf,3,1,0.907872200012207,0.09212779998779297,0.0
5729efab3f37b319004785cf,3,2,0.8772543668746948,0.12274563312530518,0.0
5729efab3f37b319004785cf,3,3,0.8924990892410278,0.10750091075897217,0.0
5729efab3f37b319004785cf,3,4,0.8843526840209961,0.1156473159790039,0.0
5729efab3f37b319004785cf,3,5,0.8531895279884338,0.14681047201156616,0.0
5729efab3f37b319004785cf,3,6,0.8364511132240295,0.16354888677597046,0.0
5729efab3f37b319004785cf,3,7,0.8177137970924377,0.18228620290756226,0.0
5729efab3f37b319004785cf,3,8,0.8098541498184204,0.1901458501815796,0.0
5729efab3f37b319004785cf,3,9,0.8188238739967346,0.18117612600326538,0.0
5729efab3f37b319004785cf,3,10,0.8305719494819641,0.1694280505180359,0.0
5729efab3f37b319004785cf,3,11,0.8382995128631592,0.16170048713684082,0.0
5729efab3f37b319004785cf,3,12,0.8561541438102722,0.14384585618972778,0.0
5729efab3f37b319004785cf,3,13,0.8719228506088257,0.12807714939117432,0.0
5729efab3f37b319004785cf,3,14,0.8800576329231262,0.11994236707687378,0.0
5729efab3f37b319004785cf,3,15,0.9040831923484802,0.09591680765151978,0.0
5729efab3f37b319004785cf,3,16,0.9074249863624573,0.09257501363754272,0.0
5729efab3f37b319004785cf,3,17,0.9184568524360657,0.08154314756393433,0.0
5729efab3f37b319004785cf,3,18,0.9093887805938721,0.09061121940612793,0.0
5729efab3f37b319004785cf,3,19,0.908446192741394,0.09155380725860596,0.0
5729efab3f37b319004785cf,3,20,0.9232397675514221,0.07676023244857788,0.0
5729efab3f37b319004785cf,3,21,0.927744448184967,0.07225555181503296,0.0
5729efab3f37b319004785cf,3,22,0.9248169660568237,0.07518303394317627,0.0
5729efab3f37b319004785cf,3,23,0.9305101633071899,0.06948983669281006,0.0
5729efab3f37b319004785cf,3,24,0.9156143069267273,0.0843856930732727,0.0
5729efab3f37b319004785cf,3,25,0.9119704365730286,0.08802956342697144,0.0
5729efab3f37b319004785cf,3,26,0.8876898288726807,0.11231017112731934,0.0
5729efab3f37b319004785cf,3,27,0.8673304319381714,0.1326695680618286,0.0
5729efab3f37b319004785cf,3,28,0.7786406874656677,0.22135931253433228,0.0
572a0c541d046914007796f5,1,0,0.9170523285865784,0.08294767141342163,0.0
572a0c541d046914007796f5,1,1,0.96787029504776,0.03212970495223999,0.0
572a0c541d046914007796f5,1,2,0.9608750939369202,0.039124906063079834,0.0
572a0c541d046914007796f5,1,3,0.9689502120018005,0.031049787998199463,0.0
572a0c541d046914007796f5,1,4,0.9652994275093079,0.03470057249069214,0.0
572a0c541d046914007796f5,1,5,0.9594125747680664,0.040587425231933594,0.0
572a0c541d046914007796f5,1,6,0.9642974138259888,0.03570258617401123,0.0
572a0c541d046914007796f5,1,7,0.9689512848854065,0.031048715114593506,0.0
572a0c541d046914007796f5,1,8,0.964089035987854,0.035910964012145996,0.0
572a0c541d046914007796f5,1,9,0.9703525304794312,0.029647469520568848,0.0
572a0c541d046914007796f5,1,10,0.9743139147758484,0.02568608522415161,0.0
572a0c541d046914007796f5,1,11,0.9769949316978455,0.02300506830215454,0.0
572a0c541d046914007796f5,1,12,0.9794109463691711,0.020589053630828857,0.0
572a0c541d046914007796f5,1,13,0.982385516166687,0.01761448383331299,0.0
572a0c541d046914007796f5,1,14,0.9841629266738892,0.01583707332611084,0.0
572a0c541d046914007796f5,1,15,0.9859879016876221,0.01401209831237793,0.0
572a0c541d046914007796f5,1,16,0.9873332977294922,0.012666702270507812,0.0
572a0c541d046914007796f5,1,17,0.9885209202766418,0.011479079723358154,0.0
572a0c541d046914007796f5,1,18,0.9889113903045654,0.01108860969543457,0.0
572a0c541d046914007796f5,1,19,0.9884321689605713,0.011567831039428711,0.0
572a0c541d046914007796f5,1,20,0.9900014400482178,0.009998559951782227,0.0
572a0c541d046914007796f5,1,21,0.9904982447624207,0.009501755237579346,0.0
572a0c541d046914007796f5,1,22,0.9905925989151001,0.009407401084899902,0.0
572a0c541d046914007796f5,1,23,0.9904742240905762,0.009525775909423828,0.0
572a0c541d046914007796f5,1,24,0.989752471446991,0.010247528553009033,0.0
572a0c541d046914007796f5,1,25,0.9880136847496033,0.011986315250396729,0.0
572a0c541d046914007796f5,1,26,0.9850633144378662,0.014936685562133789,0.0
572a0c541d046914007796f5,1,27,0.9844979047775269,0.015502095222473145,0.0
572a0c541d046914007796f5,1,28,0.9710672497749329,0.02893275022506714,0.0
572a0c541d046914007796f5,2,0,0.8312894105911255,0.1687105894088745,0.0
572a0c541d046914007796f5,2,1,0.924325168132782,0.07567483186721802,0.0
572a0c541d046914007796f5,2,2,0.8968369364738464,0.10316306352615356,0.0
572a0c541d046914007796f5,2,3,0.8995463848114014,0.10045361518859863,0.0
572a0c541d046914007796f5,2,4,0.8716674447059631,0.12833255529403687,0.0
572a0c541d046914007796f5,2,5,0.834888219833374,0.16511178016662598,0.0
572a0c541d046914007796f5,2,6,0.8325546979904175,0.16744530200958252,0.0
572a0c541d046914007796f5,2,7,0.8389374613761902,0.16106253862380981,0.0
572a0c541d046914007796f5,2,8,0.8459012508392334,0.1540987491607666,0.0
572a0c541d046914007796f5,2,9,0.858515739440918,0.14148426055908203,0.0
572a0c541d046914007796f5,2,10,0.8661432266235352,0.13385677337646484,0.0
572a0c541d046914007796f5,2,11,0.8752079010009766,0.12479209899902344,0.0
572a0c541d046914007796f5,2,12,0.8885922431945801,0.11140775680541992,0.0
572a0c541d046914007796f5,2,13,0.8972081542015076,0.10279184579849243,0.0
572a0c541d046914007796f5,2,14,0.9121372699737549,0.08786273002624512,0.0
572a0c541d046914007796f5,2,15,0.925564706325531,0.074435293674469,0.0
572a0c541d046914007796f5,2,16,0.9372565150260925,0.06274348497390747,0.0
572a0c541d046914007796f5,2,17,0.9428132772445679,0.05718672275543213,0.0
572a0c541d046914007796f5,2,18,0.9423466920852661,0.05765330791473389,0.0
572a0c541d046914007796f5,2,19,0.9418030381202698,0.058196961879730225,0.0
572a0c541d046914007796f5,2,20,0.9502173662185669,0.049782633781433105,0.0
572a0c541d046914007796f5,2,21,0.9549185633659363,0.04508143663406372,0.0
572a0c541d046914007796f5,2,22,0.9544432759284973,0.045556724071502686,0.0
572a0c541d046914007796f5,2,23,0.957020103931427,0.042979896068573,0.0
572a0c541d046914007796f5,2,24,0.9493981003761292,0.05060189962387085,0.0
572a0c541d046914007796f5,2,25,0.9402517080307007,0.059748291969299316,0.0
572a0c541d046914007796f5,2,26,0.929581344127655,0.07041865587234497,0.0
572a0c541d046914007796f5,2,27,0.9292963147163391,0.07070368528366089,0.0
572a0c541d046914007796f5,2,28,0.8979671001434326,0.10203289985656738,0.0
572a0c541d046914007796f5,3,0,0.7225539684295654,0.27744603157043457,0.0
572a0c541d046914007796f5,3,1,0.8758876323699951,0.12411236763000488,0.0
572a0c541d046914007796f5,3,2,0.8345121145248413,0.1654878854751587,0.0
572a0c541d046914007796f5,3,3,0.8507682085037231,0.14923179149627686,0.0
572a0c541d046914007796f5,3,4,0.8176561594009399,0.18234384059906006,0.0
572a0c541d046914007796f5,3,5,0.7697916626930237,0.23020833730697632,0.0
572a0c541d046914007796f5,3,6,0.762291431427002,0.23770856857299805,0.0
572a0c541d046914007796f5,3,7,0.7575530409812927,0.24244695901870728,0.0
572a0c541d046914007796f5,3,8,0.7558425664901733,0.24415743350982666,0.0
572a0c541d046914007796f5,3,9,0.7784979939460754,0.22150200605392456,0.0
572a0c541d046914007796f5,3,10,0.7882842421531677,0.21171575784683228,0.0
572a0c541d046914007796f5,3,11,0.8016604781150818,0.1983395218849182,0.0
572a0c541d046914007796f5,3,12,0.8223976492881775,0.1776023507118225,0.0
572a0c541d046914007796f5,3,13,0.8360047340393066,0.16399526596069336,0.0
572a0c541d046914007796f5,3,14,0.8544109463691711,0.14558905363082886,0.0
572a0c541d046914007796f5,3,15,0.8778027892112732,0.1221972107887268,0.0
572a0c541d046914007796f5,3,16,0.8925971984863281,0.10740280151367188,0.0
572a0c541d046914007796f5,3,17,0.903789758682251,0.09621024131774902,0.0
572a0c541d046914007796f5,3,18,0.898576557636261,0.10142344236373901,0.0
572a0c541d046914007796f5,3,19,0.8968153595924377,0.10318464040756226,0.0
572a0c541d046914007796f5,3,20,0.9136594533920288,0.08634054660797119,0.0
572a0c541d046914007796f5,3,21,0.9202626943588257,0.07973730564117432,0.0
572a0c541d046914007796f5,3,22,0.9186722040176392,0.08132779598236084,0.0
572a0c541d046914007796f5,3,23,0.9231619238853455,0.07683807611465454,0.0
572a0c541d046914007796f5,3,24,0.9008161425590515,0.09918385744094849,0.0
572a0c541d046914007796f5,3,25,0.8828133344650269,0.11718666553497314,0.0
572a0c541d046914007796f5,3,26,0.8550759553909302,0.14492404460906982,0.0
572a0c541d046914007796f5,3,27,0.8509671092033386,0.14903289079666138,0.0
572a0c541d046914007796f5,3,28,0.7909137010574341,0.20908629894256592,0.0
572fc8a904bcaa1900d76d20,1,0,0.7779738306999207,0.22202616930007935,0.0
572fc8a904bcaa1900d76d20,1,1,0.9164897203445435,0.08351027965545654,0.0
572fc8a904bcaa1900d76d20,1,2,0.9019699692726135,0.09803003072738647,0.0
572fc8a904bcaa1900d76d20,1,3,0.8973703384399414,0.1026296615600586,0.0
572fc8a904bcaa1900d76d20,1,4,0.8905665278434753,0.10943347215652466,0.0
572fc8a904bcaa1900d76d20,1,5,0.8748756051063538,0.12512439489364624,0.0
572fc8a904bcaa1900d76d20,1,6,0.8833542466163635,0.11664575338363647,0.0
572fc8a904bcaa1900d76d20,1,7,0.882940411567688,0.11705958843231201,0.0
572fc8a904bcaa1900d76d20,1,8,0.8669928312301636,0.13300716876983643,0.0
572fc8a904bcaa1900d76d20,1,9,0.8760938048362732,0.1239061951637268,0.0
572fc8a904bcaa1900d76d20,1,10,0.8932781219482422,0.10672187805175781,0.0
572fc8a904bcaa1900d76d20,1,11,0.8993507623672485,0.10064923763275146,0.0
572fc8a904bcaa1900d76d20,1,12,0.9060999751091003,0.09390002489089966,0.0
572fc8a904bcaa1900d76d20,1,13,0.911355197429657,0.08864480257034302,0.0
572fc8a904bcaa1900d76d20,1,14,0.9229690432548523,0.0770309567451477,0.0
572fc8a904bcaa1900d76d20,1,15,0.9302470684051514,0.06975293159484863,0.0
572fc8a904bcaa1900d76d20,1,16,0.9401240944862366,0.05987590551376343,0.0
572fc8a904bcaa1900d76d20,1,17,0.9414042234420776,0.05859577655792236,0.0
572fc8a904bcaa1900d76d20,1,18,0.9365988373756409,0.06340116262435913,0.0
572fc8a904bcaa1900d76d20,1,19,0.9374455213546753,0.06255447864532471,0.0
572fc8a904bcaa1900d76d20,1,20,0.9454652070999146,0.05453479290008545,0.0
572fc8a904bcaa1900d76d20,1,21,0.9523974657058716,0.04760253429412842,0.0
572fc8a904bcaa1900d76d20,1,22,0.9552199244499207,0.044780075550079346,0.0
572fc8a904bcaa1900d76d20,1,23,0.9596084356307983,0.04039156436920166,0.0
572fc8a904bcaa1900d76d20,1,24,0.9615766406059265,0.038423359394073486,0.0
572fc8a904bcaa1900d76d20,1,25,0.9618716239929199,0.03812837600708008,0.0
572fc8a904bcaa1900d76d20,1,26,0.9585309028625488,0.04146909713745117,0.0
572fc8a904bcaa1900d76d20,1,27,0.9578055143356323,0.042194485664367676,0.0
572fc8a904bcaa1900d76d20,1,28,0.9472765326499939,0.052723467350006104,0.0
572fc8a904bcaa1900d76d20,2,0,0.6569032669067383,0.3430967330932617,0.0
572fc8a904bcaa1900d76d20,2,1,0.8652902245521545,0.13470977544784546,0.0
572fc8a904bcaa1900d76d20,2,2,0.8251441717147827,0.17485582828521729,0.0
572fc8a904bcaa1900d76d20,2,3,0.8281404376029968,0.17185956239700317,0.0
572fc8a904bcaa1900d76d20,2,4,0.8089759945869446,0.19102400541305542,0.0
572fc8a904bcaa1900d76d20,2,5,0.7629742622375488,0.23702573776245117,0.0
572fc8a904bcaa1900d76d20,2,6,0.7836388349533081,0.2163611650466919,0.0
572fc8a904bcaa1900d76d20,2,7,0.7837972044944763,0.21620279550552368,0.0
572fc8a904bcaa1900d76d20,2,8,0.7645558714866638,0.23544412851333618,0.0
572fc8a904bcaa1900d76d20,2,9,0.7875193357467651,0.21248066425323486,0.0
572fc8a904bcaa1900d76d20,2,10,0.8068559169769287,0.1931440830230713,0.0
572fc8a904bcaa1900d76d20,2,11,0.8084461092948914,0.19155389070510864,0.0
572fc8a904bcaa1900d76d20,2,12,0.8270220756530762,0.17297792434692383,0.0
572fc8a904bcaa1900d76d20,2,13,0.8352014422416687,0.1647985577583313,0.0
572fc8a904bcaa1900d76d20,2,14,0.8548934459686279,0.14510655403137207,0.0
572fc8a904bcaa1900d76d20,2,15,0.8757362365722656,0.12426376342773438,0.0
572fc8a904bcaa1900d76d20,2,16,0.8972537517547607,0.10274624824523926,0.0
572fc8a904bcaa1900d76d20,2,17,0.899965226650238,0.10003477334976196,0.0
572fc8a904bcaa1900d76d20,2,18,0.8969111442565918,0.1030888557434082,0.0
572fc8a904bcaa1900d76d20,2,19,0.89998859167099,0.10001140832901001,0.0
572fc8a904bcaa1900d76d20,2,20,0.9108740091323853,0.08912599086761475,0.0
572fc8a904bcaa1900d76d20,2,21,0.9199271202087402,0.08007287979125977,0.0
572fc8a904bcaa1900d76d20,2,22,0.9221274256706238,0.07787257432937622,0.0
572fc8a904bcaa1900d76d20,2,23,0.9280831217765808,0.07191687822341919,0.0
572fc8a904bcaa1900d76d20,2,24,0.9288085103034973,0.07119148969650269,0.0
572fc8a904bcaa1900d76d20,2,25,0.9262275099754333,0.07377249002456665,0.0
572fc8a904bcaa1900d76d20,2,26,0.9217196702957153,0.07828032970428467,0.0
572fc8a904bcaa1900d76d20,2,27,0.9184460639953613,0.08155393600463867,0.0
572fc8a904bcaa1900d76d20,2,28,0.8968499302864075,0.10315006971359253,0.0
572fc8a904bcaa1900d76d20,3,0,0.5117138028144836,0.48828619718551636,0.0
572fc8a904bcaa1900d76d20,3,1,0.7946482300758362,0.20535176992416382,0.0
572fc8a904bcaa1900d76d20,3,2,0.7356854677200317,0.26431453227996826,0.0
572fc8a904bcaa1900d76d20,3,3,0.751014769077301,0.24898523092269897,0.0
572fc8a904bcaa1900d76d20,3,4,0.7221471071243286,0.2778528928756714,0.0
572fc8a904bcaa1900d76d20,3,5,0.6709473133087158,0.3290526866912842,0.0
572fc8a904bcaa1900d76d20,3,6,0.6916214823722839,0.30837851762771606,0.0
572fc8a904bcaa1900d76d20,3,7,0.6852266192436218,0.3147733807563782,0.0
572fc8a904bcaa1900d76d20,3,8,0.6745680570602417,0.3254319429397583,0.0
572fc8a904bcaa1900d76d20,3,9,0.7071924209594727,0.29280757904052734,0.0
572fc8a904bcaa1900d76d20,3,10,0.7280070185661316,0.2719929814338684,0.0
572fc8a904bcaa1900d76d20,3,11,0.7285441160202026,0.27145588397979736,0.0
572fc8a904bcaa1900d76d20,3,12,0.7424454092979431,0.2575545907020569,0.0
572fc8a904bcaa1900d76d20,3,13,0.7492893934249878,0.2507106065750122,0.0
572fc8a904bcaa1900d76d20,3,14,0.7759403586387634,0.22405964136123657,0.0
572fc8a904bcaa1900d76d20,3,15,0.8076605796813965,0.19233942031860352,0.0
572fc8a904bcaa1900d76d20,3,16,0.8417706489562988,0.15822935104370117,0.0
572fc8a904bcaa1900d76d20,3,17,0.8508439064025879,0.1491560935974121,0.0
572fc8a904bcaa1900d76d20,3,18,0.851096510887146,0.148903489112854,0.0
572fc8a904bcaa1900d76d20,3,19,0.8541000485420227,0.1458999514579773,0.0
572fc8a904bcaa1900d76d20,3,20,0.8706018328666687,0.1293981671333313,0.0
572fc8a904bcaa1900d76d20,3,21,0.8842930197715759,0.11570698022842407,0.0
572fc8a904bcaa1900d76d20,3,22,0.8871747851371765,0.11282521486282349,0.0
572fc8a904bcaa1900d76d20,3,23,0.8935912847518921,0.10640871524810791,0.0
572fc8a904bcaa1900d76d20,3,24,0.8938933610916138,0.10610663890838623,0.0
572fc8a904bcaa1900d76d20,3,25,0.887839674949646,0.112160325050354,0.0
572fc8a904bcaa1900d76d20,3,26,0.8754251599311829,0.12457484006881714,0.0
572fc8a904bcaa1900d76d20,3,27,0.8690732717514038,0.1309267282485962,0.0
572fc8a904bcaa1900d76d20,3,28,0.8310424089431763,0.16895759105682373,0.0
57300137b2c2fd1400568717,1,0,0.8821365833282471,0.11786341667175293,0.0
57300137b2c2fd1400568717,1,1,0.948836088180542,0.05116391181945801,0.0
57300137b2c2fd1400568717,1,2,0.9370790123939514,0.06292098760604858,0.0
57300137b2c2fd1400568717,1,3,0.9511480331420898,0.048851966857910156,0.0
57300137b2c2fd1400568717,1,4,0.9596819877624512,0.04031801223754883,0.0
57300137b2c2fd1400568717,1,5,0.9561918377876282,0.043808162212371826,0.0
57300137b2c2fd1400568717,1,6,0.9561148285865784,0.04388517141342163,0.0
57300137b2c2fd1400568717,1,7,0.9520570635795593,0.047942936420440674,0.0
57300137b2c2fd1400568717,1,8,0.944350004196167,0.05564999580383301,0.0
57300137b2c2fd1400568717,1,9,0.9471732974052429,0.05282670259475708,0.0
57300137b2c2fd1400568717,1,10,0.9498050808906555,0.05019491910934448,0.0
57300137b2c2fd1400568717,1,11,0.944634199142456,0.055365800857543945,0.0
57300137b2c2fd1400568717,1,12,0.9451112747192383,0.05488872528076172,0.0
57300137b2c2fd1400568717,1,13,0.9535021781921387,0.04649782180786133,0.0
57300137b2c2fd1400568717,1,14,0.961325466632843,0.03867453336715698,0.0
57300137b2c2fd1400568717,1,15,0.9686362147331238,0.03136378526687622,0.0
57300137b2c2fd1400568717,1,16,0.9746484756469727,0.025351524353027344,0.0
57300137b2c2fd1400568717,1,17,0.9755234122276306,0.024476587772369385,0.0
57300137b2c2fd1400568717,1,18,0.9759439826011658,0.02405601739883423,0.0
57300137b2c2fd1400568717,1,19,0.9748008251190186,0.025199174880981445,0.0
57300137b2c2fd1400568717,1,20,0.9786115884780884,0.02138841152191162,0.0
57300137b2c2fd1400568717,1,21,0.9819377660751343,0.018062233924865723,0.0
57300137b2c2fd1400568717,1,22,0.9833413362503052,0.016658663749694824,0.0
57300137b2c2fd1400568717,1,23,0.9834101796150208,0.016589820384979248,0.0
57300137b2c2fd1400568717,1,24,0.9846330285072327,0.015366971492767334,0.0
57300137b2c2fd1400568717,1,25,0.985198974609375,0.014801025390625,0.0
57300137b2c2fd1400568717,1,26,0.9846288561820984,0.015371143817901611,0.0
57300137b2c2fd1400568717,1,27,0.9849481582641602,0.015051841735839844,0.0
57300137b2c2fd1400568717,1,28,0.9772881865501404,0.02271181344985962,0.0
57300137b2c2fd1400568717,2,0,0.7902238368988037,0.2097761631011963,0.0
57300137b2c2fd1400568717,2,1,0.9139038920402527,0.08609610795974731,0.0
57300137b2c2fd1400568717,2,2,0.892174482345581,0.10782551765441895,0.0
57300137b2c2fd1400568717,2,3,0.9126352667808533,0.08736473321914673,0.0
57300137b2c2fd1400568717,2,4,0.9201716780662537,0.07982832193374634,0.0
57300137b2c2fd1400568717,2,5,0.9057173132896423,0.09428268671035767,0.0
57300137b2c2fd1400568717,2,6,0.9102612733840942,0.08973872661590576,0.0
57300137b2c2fd1400568717,2,7,0.9006783366203308,0.09932166337966919,0.0
57300137b2c2fd1400568717,2,8,0.8840389847755432,0.11596101522445679,0.0
57300137b2c2fd1400568717,2,9,0.8912205696105957,0.1087794303894043,0.0
57300137b2c2fd1400568717,2,10,0.8844886422157288,0.11551135778427124,0.0
57300137b2c2fd1400568717,2,11,0.880276620388031,0.119723379611969,0.0
57300137b2c2fd1400568717,2,12,0.8940985202789307,0.10590147972106934,0.0
57300137b2c2fd1400568717,2,13,0.9099418520927429,0.09005814790725708,0.0
57300137b2c2fd1400568717,2,14,0.9222236275672913,0.07777637243270874,0.0
57300137b2c2fd1400568717,2,15,0.9358201026916504,0.06417989730834961,0.0
57300137b2c2fd1400568717,2,16,0.9434988498687744,0.056501150131225586,0.0
57300137b2c2fd1400568717,2,17,0.9473732113838196,0.05262678861618042,0.0
57300137b2c2fd1400568717,2,18,0.9484586119651794,0.05154138803482056,0.0
57300137b2c2fd1400568717,2,19,0.9452149868011475,0.05478501319885254,0.0
57300137b2c2fd1400568717,2,20,0.9522268176078796,0.04777318239212036,0.0
57300137b2c2fd1400568717,2,21,0.9586190581321716,0.04138094186782837,0.0
57300137b2c2fd1400568717,2,22,0.9621081948280334,0.03789180517196655,0.0
57300137b2c2fd1400568717,2,23,0.9631873965263367,0.03681260347366333,0.0
57300137b2c2fd1400568717,2,24,0.9647276997566223,0.035272300243377686,0.0
57300137b2c2fd1400568717,2,25,0.9646893739700317,0.03531062602996826,0.0
57300137b2c2fd1400568717,2,26,0.9620347619056702,0.037965238094329834,0.0
57300137b2c2fd1400568717,2,27,0.9620752930641174,0.03792470693588257,0.0
57300137b2c2fd1400568717,2,28,0.9485180377960205,0.05148196220397949,0.0
57300137b2c2fd1400568717,3,0,0.7023546099662781,0.2976453900337219,0.0
57300137b2c2fd1400568717,3,1,0.8649877309799194,0.13501226902008057,0.0
57300137b2c2fd1400568717,3,2,0.8292360901832581,0.17076390981674194,0.0
57300137b2c2fd1400568717,3,3,0.8671888709068298,0.13281112909317017,0.0
57300137b2c2fd1400568717,3,4,0.8808974623680115,0.11910253763198853,0.0
57300137b2c2fd1400568717,3,5,0.855114221572876,0.14488577842712402,0.0
57300137b2c2fd1400568717,3,6,0.8574457764625549,0.14255422353744507,0.0
57300137b2c2fd1400568717,3,7,0.8354588150978088,0.16454118490219116,0.0
57300137b2c2fd1400568717,3,8,0.816259503364563,0.183740496635437,0.0
57300137b2c2fd1400568717,3,9,0.8274880647659302,0.17251193523406982,0.0
57300137b2c2fd1400568717,3,10,0.8153583407402039,0.18464165925979614,0.0
57300137b2c2fd1400568717,3,11,0.8038638830184937,0.19613611698150635,0.0
57300137b2c2fd1400568717,3,12,0.8246532082557678,0.17534679174423218,0.0
57300137b2c2fd1400568717,3,13,0.8484499454498291,0.1515500545501709,0.0
57300137b2c2fd1400568717,3,14,0.8718900680541992,0.12810993194580078,0.0
57300137b2c2fd1400568717,3,15,0.8944002389907837,0.10559976100921631,0.0
57300137b2c2fd1400568717,3,16,0.9070703983306885,0.09292960166931152,0.0
57300137b2c2fd1400568717,3,17,0.9129561185836792,0.0870438814163208,0.0
57300137b2c2fd1400568717,3,18,0.9120835661888123,0.08791643381118774,0.0
57300137b2c2fd1400568717,3,19,0.9076392650604248,0.0923607349395752,0.0
57300137b2c2fd1400568717,3,20,0.9204326272010803,0.07956737279891968,0.0
57300137b2c2fd1400568717,3,21,0.9317852854728699,0.06821471452713013,0.0
57300137b2c2fd1400568717,3,22,0.9374942779541016,0.06250572204589844,0.0
57300137b2c2fd1400568717,3,23,0.9401329159736633,0.05986708402633667,0.0
57300137b2c2fd1400568717,3,24,0.9422299861907959,0.0577700138092041,0.0
57300137b2c2fd1400568717,3,25,0.9407765865325928,0.05922341346740723,0.0
57300137b2c2fd1400568717,3,26,0.9351702332496643,0.0648297667503357,0.0
57300137b2c2fd1400568717,3,27,0.9345792531967163,0.06542074680328369,0.0
57300137b2c2fd1400568717,3,28,0.9049620628356934,0.09503793716430664,0.0
5730a40f396df91900096237,1,0,0.8781256079673767,0.12187439203262329,0.0
5730a40f396df91900096237,1,1,0.9614472389221191,0.03855276107788086,0.0
5730a40f396df91900096237,1,2,0.9545333981513977,0.045466601848602295,0.0
5730a40f396df91900096237,1,3,0.9615843892097473,0.038415610790252686,0.0
5730a40f396df91900096237,1,4,0.9588765501976013,0.04112344980239868,0.0
5730a40f396df91900096237,1,5,0.9503811001777649,0.04961889982223511,0.0
5730a40f396df91900096237,1,6,0.9516924023628235,0.048307597637176514,0.0
5730a40f396df91900096237,1,7,0.9586766362190247,0.04132336378097534,0.0
5730a40f396df91900096237,1,8,0.9508733153343201,0.04912668466567993,0.0
5730a40f396df91900096237,1,9,0.9481173753738403,0.05188262462615967,0.0
5730a40f396df91900096237,1,10,0.9556330442428589,0.04436695575714111,0.0
5730a40f396df91900096237,1,11,0.9575521945953369,0.042447805404663086,0.0
5730a40f396df91900096237,1,12,0.9649686217308044,0.03503137826919556,0.0
5730a40f396df91900096237,1,13,0.9675016403198242,0.03249835968017578,0.0
5730a40f396df91900096237,1,14,0.9722002744674683,0.02779972553253174,0.0
5730a40f396df91900096237,1,15,0.978615939617157,0.021384060382843018,0.0
5730a40f396df91900096237,1,16,0.9821096062660217,0.01789039373397827,0.0
5730a40f396df91900096237,1,17,0.9822338819503784,0.017766118049621582,0.0
5730a40f396df91900096237,1,18,0.9819101095199585,0.018089890480041504,0.0
5730a40f396df91900096237,1,19,0.98135906457901,0.01864093542098999,0.0
5730a40f396df91900096237,1,20,0.983951985836029,0.016048014163970947,0.0
5730a40f396df91900096237,1,21,0.9847859144210815,0.015214085578918457,0.0
5730a40f396df91900096237,1,22,0.9849246740341187,0.015075325965881348,0.0
5730a40f396df91900096237,1,23,0.9852734208106995,0.014726579189300537,0.0
5730a40f396df91900096237,1,24,0.9852781295776367,0.014721870422363281,0.0
5730a40f396df91900096237,1,25,0.9835531115531921,0.01644688844680786,0.0
5730a40f396df91900096237,1,26,0.9810428619384766,0.018957138061523438,0.0
5730a40f396df91900096237,1,27,0.9809946417808533,0.01900535821914673,0.0
5730a40f396df91900096237,1,28,0.9695690870285034,0.030430912971496582,0.0
5730a40f396df91900096237,2,0,0.7764300107955933,0.22356998920440674,0.0
5730a40f396df91900096237,2,1,0.9194502234458923,0.08054977655410767,0.0
5730a40f396df91900096237,2,2,0.9028351902961731,0.0971648097038269,0.0
5730a40f396df91900096237,2,3,0.9134951829910278,0.08650481700897217,0.0
5730a40f396df91900096237,2,4,0.8977075815200806,0.10229241847991943,0.0
5730a40f396df91900096237,2,5,0.8572200536727905,0.14277994632720947,0.0
5730a40f396df91900096237,2,6,0.8635996580123901,0.13640034198760986,0.0
5730a40f396df91900096237,2,7,0.871997594833374,0.12800240516662598,0.0
5730a40f396df91900096237,2,8,0.8504171967506409,0.14958280324935913,0.0
5730a40f396df91900096237,2,9,0.8579472303390503,0.1420527696609497,0.0
5730a40f396df91900096237,2,10,0.8705870509147644,0.1294129490852356,0.0
5730a40f396df91900096237,2,11,0.879363477230072,0.12063652276992798,0.0
5730a40f396df91900096237,2,12,0.8895950317382812,0.11040496826171875,0.0
5730a40f396df91900096237,2,13,0.897871196269989,0.10212880373001099,0.0
5730a40f396df91900096237,2,14,0.9117831587791443,0.08821684122085571,0.0
5730a40f396df91900096237,2,15,0.9320460557937622,0.06795394420623779,0.0
5730a40f396df91900096237,2,16,0.9449414610862732,0.05505853891372681,0.0
5730a40f396df91900096237,2,17,0.9474457502365112,0.05255424976348877,0.0
5730a40f396df91900096237,2,18,0.9444076418876648,0.055592358112335205,0.0
5730a40f396df91900096237,2,19,0.9463514685630798,0.053648531436920166,0.0
5730a40f396df91900096237,2,20,0.9549402594566345,0.04505974054336548,0.0
5730a40f396df91900096237,2,21,0.9569955468177795,0.04300445318222046,0.0
5730a40f396df91900096237,2,22,0.9584742784500122,0.04152572154998779,0.0
5730a40f396df91900096237,2,23,0.9601390361785889,0.03986096382141113,0.0
5730a40f396df91900096237,2,24,0.9612265229225159,0.03877347707748413,0.0
5730a40f396df91900096237,2,25,0.9564744234085083,0.0435255765914917,0.0
5730a40f396df91900096237,2,26,0.9485601186752319,0.051439881324768066,0.0
5730a40f396df91900096237,2,27,0.948435366153717,0.05156463384628296,0.0
5730a40f396df91900096237,2,28,0.9253586530685425,0.07464134693145752,0.0
5730a40f396df91900096237,3,0,0.6555848717689514,0.3444151282310486,0.0
5730a40f396df91900096237,3,1,0.8697496652603149,0.13025033473968506,0.0
5730a40f396df91900096237,3,2,0.8117534518241882,0.18824654817581177,0.0
5730a40f396df91900096237,3,3,0.8150724172592163,0.1849275827407837,0.0
5730a40f396df91900096237,3,4,0.7802819013595581,0.2197180986404419,0.0
5730a40f396df91900096237,3,5,0.7277184724807739,0.2722815275192261,0.0
5730a40f396df91900096237,3,6,0.7376413941383362,0.2623586058616638,0.0
5730a40f396df91900096237,3,7,0.7348768711090088,0.2651231288909912,0.0
5730a40f396df91900096237,3,8,0.7288071513175964,0.27119284868240356,0.0
5730a40f396df91900096237,3,9,0.7494421601295471,0.2505578398704529,0.0
5730a40f396df91900096237,3,10,0.775799572467804,0.22420042753219604,0.0
5730a40f396df91900096237,3,11,0.7878730297088623,0.2121269702911377,0.0
5730a40f396df91900096237,3,12,0.8085758686065674,0.19142413139343262,0.0
5730a40f396df91900096237,3,13,0.8136454820632935,0.18635451793670654,0.0
5730a40f396df91900096237,3,14,0.8343429565429688,0.16565704345703125,0.0
5730a40f396df91900096237,3,15,0.8594538569450378,0.14054614305496216,0.0
5730a40f396df91900096237,3,16,0.8796536326408386,0.12034636735916138,0.0
5730a40f396df91900096237,3,17,0.8887168765068054,0.11128312349319458,0.0
5730a40f396df91900096237,3,18,0.8831244111061096,0.11687558889389038,0.0
5730a40f396df91900096237,3,19,0.8892988562583923,0.11070114374160767,0.0
5730a40f396df91900096237,3,20,0.9044750332832336,0.09552496671676636,0.0
5730a40f396df91900096237,3,21,0.9082069993019104,0.0917930006980896,0.0
5730a40f396df91900096237,3,22,0.9105261564254761,0.08947384357452393,0.0
5730a40f396df91900096237,3,23,0.9162481427192688,0.0837518572807312,0.0
5730a40f396df91900096237,3,24,0.913459837436676,0.08654016256332397,0.0
5730a40f396df91900096237,3,25,0.9049099087715149,0.09509009122848511,0.0
5730a40f396df91900096237,3,26,0.8826765418052673,0.11732345819473267,0.0
5730a40f396df91900096237,3,27,0.8812627196311951,0.11873728036880493,0.0
5730a40f396df91900096237,3,28,0.8476583957672119,0.15234160423278809,0.0
5733ea04d058e614000b6596,1,0,0.8158093094825745,0.18419069051742554,0.0
5733ea04d058e614000b6596,1,1,0.9279756546020508,0.07202434539794922,0.0
5733ea04d058e614000b6596,1,2,0.9241389632225037,0.07586103677749634,0.0
5733ea04d058e614000b6596,1,3,0.9352066516876221,0.06479334831237793,0.0
5733ea04d058e614000b6596,1,4,0.9467125535011292,0.05328744649887085,0.0
5733ea04d058e614000b6596,1,5,0.9371742010116577,0.06282579898834229,0.0
5733ea04d058e614000b6596,1,6,0.9419954419136047,0.058004558086395264,0.0
5733ea04d058e614000b6596,1,7,0.9351396560668945,0.06486034393310547,0.0
5733ea04d058e614000b6596,1,8,0.9273237586021423,0.07267624139785767,0.0
5733ea04d058e614000b6596,1,9,0.9239639639854431,0.07603603601455688,0.0
5733ea04d058e614000b6596,1,10,0.9240869283676147,0.07591307163238525,0.0
5733ea04d058e614000b6596,1,11,0.9190609455108643,0.08093905448913574,0.0
5733ea04d058e614000b6596,1,12,0.9215341806411743,0.07846581935882568,0.0
5733ea04d058e614000b6596,1,13,0.930442750453949,0.06955724954605103,0.0
5733ea04d058e614000b6596,1,14,0.9402421712875366,0.05975782871246338,0.0
5733ea04d058e614000b6596,1,15,0.943845272064209,0.056154727935791016,0.0
5733ea04d058e614000b6596,1,16,0.9523058533668518,0.04769414663314819,0.0
5733ea04d058e614000b6596,1,17,0.9515401721000671,0.04845982789993286,0.0
5733ea04d058e614000b6596,1,18,0.9517900347709656,0.048209965229034424,0.0
5733ea04d058e614000b6596,1,19,0.9505508542060852,0.049449145793914795,0.0
5733ea04d058e614000b6596,1,20,0.958547830581665,0.04145216941833496,0.0
5733ea04d058e614000b6596,1,21,0.9638810753822327,0.036118924617767334,0.0
5733ea04d058e614000b6596,1,22,0.9683363437652588,0.03166365623474121,0.0
5733ea04d058e614000b6596,1,23,0.9697985649108887,0.030201435089111328,0.0
5733ea04d058e614000b6596,1,24,0.9719555377960205,0.028044462203979492,0.0
5733ea04d058e614000b6596,1,25,0.9747022986412048,0.025297701358795166,0.0
5733ea04d058e614000b6596,1,26,0.9742931723594666,0.025706827640533447,0.0
5733ea04d058e614000b6596,1,27,0.9730421304702759,0.02695786952972412,0.0
5733ea04d058e614000b6596,1,28,0.9563561081886292,0.04364389181137085,0.0
5733ea04d058e614000b6596,2,0,0.6240662932395935,0.3759337067604065,0.0
5733ea04d058e614000b6596,2,1,0.8627189993858337,0.13728100061416626,0.0
5733ea04d058e614000b6596,2,2,0.8513844013214111,0.14861559867858887,0.0
5733ea04d058e614000b6596,2,3,0.8720548152923584,0.1279451847076416,0.0
5733ea04d058e614000b6596,2,4,0.878876805305481,0.12112319469451904,0.0
5733ea04d058e614000b6596,2,5,0.8558617830276489,0.14413821697235107,0.0
5733ea04d058e614000b6596,2,6,0.8655205368995667,0.13447946310043335,0.0
5733ea04d058e614000b6596,2,7,0.8475939035415649,0.15240609645843506,0.0
5733ea04d058e614000b6596,2,8,0.8427389860153198,0.15726101398468018,0.0
5733ea04d058e614000b6596,2,9,0.8367626667022705,0.1632373332977295,0.0
5733ea04d058e614000b6596,2,10,0.8370168209075928,0.16298317909240723,0.0
5733ea04d058e614000b6596,2,11,0.8278011083602905,0.17219889163970947,0.0
5733ea04d058e614000b6596,2,12,0.8386066555976868,0.16139334440231323,0.0
5733ea04d058e614000b6596,2,13,0.8581196665763855,0.1418803334236145,0.0
5733ea04d058e614000b6596,2,14,0.8764185309410095,0.12358146905899048,0.0
5733ea04d058e614000b6596,2,15,0.887461245059967,0.11253875494003296,0.0
5733ea04d058e614000b6596,2,16,0.9055778384208679,0.09442216157913208,0.0
5733ea04d058e614000b6596,2,17,0.9035307765007019,0.0964692234992981,0.0
5733ea04d058e614000b6596,2,18,0.9038073420524597,0.09619265794754028,0.0
5733ea04d058e614000b6596,2,19,0.9028577208518982,0.0971422791481018,0.0
5733ea04d058e614000b6596,2,20,0.9161982536315918,0.0838017463684082,0.0
5733ea04d058e614000b6596,2,21,0.9253441095352173,0.07465589046478271,0.0
5733ea04d058e614000b6596,2,22,0.9317336678504944,0.06826633214950562,0.0
5733ea04d058e614000b6596,2,23,0.933112382888794,0.06688761711120605,0.0
5733ea04d058e614000b6596,2,24,0.9360980987548828,0.06390190124511719,0.0
5733ea04d058e614000b6596,2,25,0.9392826557159424,0.06071734428405762,0.0
5733ea04d058e614000b6596,2,26,0.9347913265228271,0.06520867347717285,0.0
5733ea04d058e614000b6596,2,27,0.9322318434715271,0.0677681565284729,0.0
5733ea04d058e614000b6596,2,28,0.9089536666870117,0.09104633331298828,0.0
5733ea04d058e614000b6596,3,0,0.4821299910545349,0.5178700089454651,0.0
5733ea04d058e614000b6596,3,1,0.7763861417770386,0.22361385822296143,0.0
5733ea04d058e614000b6596,3,2,0.7328439354896545,0.26715606451034546,0.0
5733ea04d058e614000b6596,3,3,0.7640721797943115,0.23592782020568848,0.0
5733ea04d058e614000b6596,3,4,0.7450474500656128,0.2549525499343872,0.0
5733ea04d058e614000b6596,3,5,0.6551553606987,0.34484463930130005,0.0
5733ea04d058e614000b6596,3,6,0.6453645825386047,0.35463541746139526,0.0
5733ea04d058e614000b6596,3,7,0.6077039837837219,0.3922960162162781,0.0
5733ea04d058e614000b6596,3,8,0.6081124544143677,0.3918875455856323,0.0
5733ea04d058e614000b6596,3,9,0.5909461379051208,0.40905386209487915,0.0
5733ea04d058e614000b6596,3,10,0.6065163016319275,0.3934836983680725,0.0
5733ea04d058e614000b6596,3,11,0.6210484504699707,0.3789515495300293,0.0
5733ea04d058e614000b6596,3,12,0.6409095525741577,0.3590904474258423,0.0
5733ea04d058e614000b6596,3,13,0.6621400713920593,0.3378599286079407,0.0
5733ea04d058e614000b6596,3,14,0.7029921412467957,0.29700785875320435,0.0
5733ea04d058e614000b6596,3,15,0.715004026889801,0.284995973110199,0.0
5733ea04d058e614000b6596,3,16,0.7448795437812805,0.2551204562187195,0.0
5733ea04d058e614000b6596,3,17,0.761137068271637,0.23886293172836304,0.0
5733ea04d058e614000b6596,3,18,0.7667766809463501,0.2332233190536499,0.0
5733ea04d058e614000b6596,3,19,0.7759658098220825,0.22403419017791748,0.0
5733ea04d058e614000b6596,3,20,0.8045843243598938,0.1954156756401062,0.0
5733ea04d058e614000b6596,3,21,0.8255879282951355,0.1744120717048645,0.0
5733ea04d058e614000b6596,3,22,0.8390843272209167,0.16091567277908325,0.0
5733ea04d058e614000b6596,3,23,0.8443318605422974,0.15566813945770264,0.0
5733ea04d058e614000b6596,3,24,0.8525038361549377,0.14749616384506226,0.0
5733ea04d058e614000b6596,3,25,0.8536800742149353,0.1463199257850647,0.0
5733ea04d058e614000b6596,3,26,0.8425605893135071,0.15743941068649292,0.0
5733ea04d058e614000b6596,3,27,0.8278142213821411,0.1721857786178589,0.0
5733ea04d058e614000b6596,3,28,0.748396635055542,0.251603364944458,0.0
57378c9b1c456719005744a9,1,0,0.8688984513282776,0.1311015486717224,0.0
57378c9b1c456719005744a9,1,1,0.9498360753059387,0.05016392469406128,0.0
57378c9b1c456719005744a9,1,2,0.9445633888244629,0.05543661117553711,0.0
57378c9b1c456719005744a9,1,3,0.9546799063682556,0.045320093631744385,0.0
57378c9b1c456719005744a9,1,4,0.9560337066650391,0.04396629333496094,0.0
57378c9b1c456719005744a9,1,5,0.9544390439987183,0.04556095600128174,0.0
57378c9b1c456719005744a9,1,6,0.9531413912773132,0.04685860872268677,0.0
57378c9b1c456719005744a9,1,7,0.9504386782646179,0.04956132173538208,0.0
57378c9b1c456719005744a9,1,8,0.9397621154785156,0.060237884521484375,0.0
57378c9b1c456719005744a9,1,9,0.9370502829551697,0.06294971704483032,0.0
57378c9b1c456719005744a9,1,10,0.9363324642181396,0.06366753578186035,0.0
57378c9b1c456719005744a9,1,11,0.9416828155517578,0.05831718444824219,0.0
57378c9b1c456719005744a9,1,12,0.9487013220787048,0.051298677921295166,0.0
57378c9b1c456719005744a9,1,13,0.950330913066864,0.049669086933135986,0.0
57378c9b1c456719005744a9,1,14,0.9553711414337158,0.04462885856628418,0.0
57378c9b1c456719005744a9,1,15,0.960860013961792,0.03913998603820801,0.0
57378c9b1c456719005744a9,1,16,0.9663408398628235,0.033659160137176514,0.0
57378c9b1c456719005744a9,1,17,0.9672107696533203,0.03278923034667969,0.0
57378c9b1c456719005744a9,1,18,0.9691215753555298,0.030878424644470215,0.0
57378c9b1c456719005744a9,1,19,0.9676895141601562,0.03231048583984375,0.0
57378c9b1c456719005744a9,1,20,0.9725075364112854,0.0274924635887146,0.0
57378c9b1c456719005744a9,1,21,0.9726583361625671,0.02734166383743286,0.0
57378c9b1c456719005744a9,1,22,0.9712687134742737,0.02873128652572632,0.0
57378c9b1c456719005744a9,1,23,0.9714351296424866,0.028564870357513428,0.0
57378c9b1c456719005744a9,1,24,0.9716135263442993,0.028386473655700684,0.0
57378c9b1c456719005744a9,1,25,0.9654598832130432,0.03454011678695679,0.0
57378c9b1c456719005744a9,1,26,0.9565971493721008,0.04340285062789917,0.0
57378c9b1c456719005744a9,1,27,0.9552581310272217,0.04474186897277832,0.0
57378c9b1c456719005744a9,1,28,0.941562294960022,0.05843770503997803,0.0
57378c9b1c456719005744a9,2,0,0.7134184241294861,0.2865815758705139,0.125
57378c9b1c456719005744a9,2,1,0.8989821672439575,0.10101783275604248,0.125
57378c9b1c456719005744a9,2,2,0.8754093647003174,0.12459063529968262,0.125
57378c9b1c456719005744a9,2,3,0.8947854042053223,0.10521459579467773,0.125
57378c9b1c456719005744a9,2,4,0.9019687175750732,0.09803128242492676,0.125
57378c9b1c456719005744a9,2,5,0.892199695110321,0.10780030488967896,0.125
57378c9b1c456719005744a9,2,6,0.8804761171340942,0.11952388286590576,0.125
57378c9b1c456719005744a9,2,7,0.8668332695960999,0.13316673040390015,0.125
57378c9b1c456719005744a9,2,8,0.8568705320358276,0.14312946796417236,0.125
57378c9b1c456719005744a9,2,9,0.8589953780174255,0.14100462198257446,0.125
57378c9b1c456719005744a9,2,10,0.8526455760002136,0.14735442399978638,0.125
57378c9b1c456719005744a9,2,11,0.8522120118141174,0.14778798818588257,0.125
57378c9b1c456719005744a9,2,12,0.8749420642852783,0.12505793571472168,0.125
57378c9b1c456719005744a9,2,13,0.8834071755409241,0.11659282445907593,0.125
57378c9b1c456719005744a9,2,14,0.8956820964813232,0.10431790351867676,0.125
57378c9b1c456719005744a9,2,15,0.9120451807975769,0.0879548192024231,0.125
57378c9b1c456719005744a9,2,16,0.9248636364936829,0.07513636350631714,0.125
57378c9b1c456719005744a9,2,17,0.9286243319511414,0.07137566804885864,0.125
57378c9b1c456719005744a9,2,18,0.9342463612556458,0.06575363874435425,0.125
57378c9b1c456719005744a9,2,19,0.9322391748428345,0.06776082515716553,0.125
57378c9b1c456719005744a9,2,20,0.9408693909645081,0.05913060903549194,0.125
57378c9b1c456719005744a9,2,21,0.9442514181137085,0.055748581886291504,0.125
57378c9b1c456719005744a9,2,22,0.9423882365226746,0.05761176347732544,0.125
57378c9b1c456719005744a9,2,23,0.9436895251274109,0.05631047487258911,0.125
57378c9b1c456719005744a9,2,24,0.9457863569259644,0.054213643074035645,0.125
57378c9b1c456719005744a9,2,25,0.9371169209480286,0.06288307905197144,0.125
57378c9b1c456719005744a9,2,26,0.9223005175590515,0.07769948244094849,0.125
57378c9b1c456719005744a9,2,27,0.9227409958839417,0.07725900411605835,0.125
57378c9b1c456719005744a9,2,28,0.8938826322555542,0.1061173677444458,0.125
57378c9b1c456719005744a9,3,0,0.6033089756965637,0.3966910243034363,0.125
57378c9b1c456719005744a9,3,1,0.8534972071647644,0.1465027928352356,0.125
57378c9b1c456719005744a9,3,2,0.799170970916748,0.20082902908325195,0.125
57378c9b1c456719005744a9,3,3,0.8161137700080872,0.18388622999191284,0.125
57378c9b1c456719005744a9,3,4,0.8170233368873596,0.18297666311264038,0.125
57378c9b1c456719005744a9,3,5,0.7959808111190796,0.2040191888809204,0.125
57378c9b1c456719005744a9,3,6,0.7877345681190491,0.21226543188095093,0.125
57378c9b1c456719005744a9,3,7,0.7711621522903442,0.22883784770965576,0.125
57378c9b1c456719005744a9,3,8,0.7720315456390381,0.22796845436096191,0.125
57378c9b1c456719005744a9,3,9,0.7711915373802185,0.2288084626197815,0.125
57378c9b1c456719005744a9,3,10,0.7697548270225525,0.2302451729774475,0.125
57378c9b1c456719005744a9,3,11,0.7646554112434387,0.23534458875656128,0.125
57378c9b1c456719005744a9,3,12,0.804277777671814,0.19572222232818604,0.125
57378c9b1c456719005744a9,3,13,0.8154151439666748,0.1845848560333252,0.125
57378c9b1c456719005744a9,3,14,0.8329311609268188,0.16706883907318115,0.125
57378c9b1c456719005744a9,3,15,0.8575055003166199,0.14249449968338013,0.125
57378c9b1c456719005744a9,3,16,0.8785347938537598,0.12146520614624023,0.125
57378c9b1c456719005744a9,3,17,0.8855469822883606,0.1144530177116394,0.125
57378c9b1c456719005744a9,3,18,0.894892692565918,0.10510730743408203,0.125
57378c9b1c456719005744a9,3,19,0.8937402963638306,0.10625970363616943,0.125
57378c9b1c456719005744a9,3,20,0.9071322083473206,0.09286779165267944,0.125
57378c9b1c456719005744a9,3,21,0.9129378795623779,0.08706212043762207,0.125
57378c9b1c456719005744a9,3,22,0.9107983708381653,0.08920162916183472,0.125
57378c9b1c456719005744a9,3,23,0.9148299694061279,0.08517003059387207,0.125
57378c9b1c456719005744a9,3,24,0.9178821444511414,0.08211785554885864,0.125
57378c9b1c456719005744a9,3,25,0.9089442491531372,0.09105575084686279,0.125
57378c9b1c456719005744a9,3,26,0.8883001208305359,0.11169987916946411,0.125
57378c9b1c456719005744a9,3,27,0.8868303894996643,0.1131696105003357,0.125
57378c9b1c456719005744a9,3,28,0.8503537774085999,0.14964622259140015,0.125
