model,model_revision,backend,task,example_id,keyword_strategy,clean_question,context,reference,question_word_count,condition,typo_type,location,severity,actual_severity,severity_achieved,typo_difficulty,mitigation,input_question,corruption_seed,edits,corruption_replicate,actual_char_operations,prediction,em,f1,semantic_correct,accuracy,latency_seconds,error,token_count,clean_token_count,token_increase,clean_example_score,example_drop,x,y
Qwen/Qwen3-4B,,hf,squad,56beb3a03aeaaa14008c9248,idf,How many total touchdowns did Cam Newton score?,"The Panthers offense, which led the NFL in scoring (500 points), was loaded with talent, boasting six Pro Bowl selections. Pro Bowl quarterback Cam Newton had one of his best seasons, throwing for 3,837 yards and rushing for 636, while recording a career-high and league-leading 45 total touchdowns (35 passing, 10 rushing), a career-low 10 interceptions, and a career-best quarterback rating of 99.4. Newton's leading receivers were tight end Greg Olsen, who caught a career-high 77 passes for 1,104 yards and seven touchdowns, and wide receiver Ted Ginn, Jr., who caught 44 passes for 739 yards and 10 touchdowns; Ginn also rushed for 60 yards and returned 27 punts for 277 yards. Other key receivers included veteran Jerricho Cotchery (39 receptions for 485 yards), rookie Devin Funchess (31 receptions for 473 yards and five touchdowns), and second-year receiver Corey Brown (31 receptions for 447 yards). The Panthers backfield featured Pro Bowl running back Jonathan Stewart, who led the team with 989 rushing yards and six touchdowns in 13 games, along with Pro Bowl fullback Mike Tolbert, who rushed for 256 yards and caught 18 passes for another 154 yards. Carolina's offensive line also featured two Pro Bowl selections: center Ryan Kalil and guard Trai Turner.","[""45"", ""45"", ""45""]",8,clean,none,none,0,0,True,none,none,How many total touchdowns did Cam Newton score?,,[],,0,45,1.0,1.0,1.0,,1.6008335409997017,,9,9,0,1.0,0.0,35.749985,14.197965
Qwen/Qwen3-4B,,hf,squad,56beb3a03aeaaa14008c9248,idf,How many total touchdowns did Cam Newton score?,"The Panthers offense, which led the NFL in scoring (500 points), was loaded with talent, boasting six Pro Bowl selections. Pro Bowl quarterback Cam Newton had one of his best seasons, throwing for 3,837 yards and rushing for 636, while recording a career-high and league-leading 45 total touchdowns (35 passing, 10 rushing), a career-low 10 interceptions, and a career-best quarterback rating of 99.4. Newton's leading receivers were tight end Greg Olsen, who caught a career-high 77 passes for 1,104 yards and seven touchdowns, and wide receiver Ted Ginn, Jr., who caught 44 passes for 739 yards and 10 touchdowns; Ginn also rushed for 60 yards and returned 27 punts for 277 yards. Other key receivers included veteran Jerricho Cotchery (39 receptions for 485 yards), rookie Devin Funchess (31 receptions for 473 yards and five touchdowns), and second-year receiver Corey Brown (31 receptions for 447 yards). The Panthers backfield featured Pro Bowl running back Jonathan Stewart, who led the team with 989 rushing yards and six touchdowns in 13 games, along with Pro Bowl fullback Mike Tolbert, who rushed for 256 yards and caught 18 passes for another 154 yards. Carolina's offensive line also featured two Pro Bowl selections: center Ryan Kalil and guard Trai Turner.","[""45"", ""45"", ""45""]",8,corrupted,keyboard,any,1,1,True,hard,none,How many total toufhdpwns did Cam Newton score?,42556087.0,"[{""edit_num"": 1, ""old"": ""touchdowns"", ""new"": ""toufhdpwns"", ""location"": ""any"", ""typo_type"": ""keyboard"", ""difficulty"": ""hard"", ""word_index"": 3, ""char_indices"": [3, 6], ""operation_count"": 2}]",0.0,2,45,1.0,1.0,1.0,,1.5952704840001388,,13,9,4,1.0,0.0,2.8383982,21.99374
Qwen/Qwen3-4B,,hf,squad,56beb3a03aeaaa14008c9248,idf,How many total touchdowns did Cam Newton score?,"The Panthers offense, which led the NFL in scoring (500 points), was loaded with talent, boasting six Pro Bowl selections. Pro Bowl quarterback Cam Newton had one of his best seasons, throwing for 3,837 yards and rushing for 636, while recording a career-high and league-leading 45 total touchdowns (35 passing, 10 rushing), a career-low 10 interceptions, and a career-best quarterback rating of 99.4. Newton's leading receivers were tight end Greg Olsen, who caught a career-high 77 passes for 1,104 yards and seven touchdowns, and wide receiver Ted Ginn, Jr., who caught 44 passes for 739 yards and 10 touchdowns; Ginn also rushed for 60 yards and returned 27 punts for 277 yards. Other key receivers included veteran Jerricho Cotchery (39 receptions for 485 yards), rookie Devin Funchess (31 receptions for 473 yards and five touchdowns), and second-year receiver Corey Brown (31 receptions for 447 yards). The Panthers backfield featured Pro Bowl running back Jonathan Stewart, who led the team with 989 rushing yards and six touchdowns in 13 games, along with Pro Bowl fullback Mike Tolbert, who rushed for 256 yards and caught 18 passes for another 154 yards. Carolina's offensive line also featured two Pro Bowl selections: center Ryan Kalil and guard Trai Turner.","[""45"", ""45"", ""45""]",8,corrupted,keyboard,any,2,2,True,hard,none,How many yktal toufhdpwns did Cam Newton score?,42556087.0,"[{""edit_num"": 1, ""old"": ""touchdowns"", ""new"": ""toufhdpwns"", ""location"": ""any"", ""typo_type"": ""keyboard"", ""difficulty"": ""hard"", ""word_index"": 3, ""char_indices"": [3, 6], ""operation_count"": 2}, {""edit_num"": 2, ""old"": ""total"", ""new"": ""yktal"", ""location"": ""any"", ""typo_type"": ""keyboard"", ""difficulty"": ""hard"", ""word_index"": 2, ""char_indices"": [0, 1], ""operation_count"": 2}]",0.0,4,45,1.0,1.0,1.0,,1.593820136999966,,15,9,6,1.0,0.0,-21.827234,22.511717
Qwen/Qwen3-4B,,hf,squad,56beb3a03aeaaa14008c9248,idf,How many total touchdowns did Cam Newton score?,"The Panthers offense, which led the NFL in scoring (500 points), was loaded with talent, boasting six Pro Bowl selections. Pro Bowl quarterback Cam Newton had one of his best seasons, throwing for 3,837 yards and rushing for 636, while recording a career-high and league-leading 45 total touchdowns (35 passing, 10 rushing), a career-low 10 interceptions, and a career-best quarterback rating of 99.4. Newton's leading receivers were tight end Greg Olsen, who caught a career-high 77 passes for 1,104 yards and seven touchdowns, and wide receiver Ted Ginn, Jr., who caught 44 passes for 739 yards and 10 touchdowns; Ginn also rushed for 60 yards and returned 27 punts for 277 yards. Other key receivers included veteran Jerricho Cotchery (39 receptions for 485 yards), rookie Devin Funchess (31 receptions for 473 yards and five touchdowns), and second-year receiver Corey Brown (31 receptions for 447 yards). The Panthers backfield featured Pro Bowl running back Jonathan Stewart, who led the team with 989 rushing yards and six touchdowns in 13 games, along with Pro Bowl fullback Mike Tolbert, who rushed for 256 yards and caught 18 passes for another 154 yards. Carolina's offensive line also featured two Pro Bowl selections: center Ryan Kalil and guard Trai Turner.","[""45"", ""45"", ""45""]",8,corrupted,keyboard,any,3,3,True,hard,none,How many yktal toufhdpwns did Cam Newton scofw?,42556087.0,"[{""edit_num"": 1, ""old"": ""touchdowns"", ""new"": ""toufhdpwns"", ""location"": ""any"", ""typo_type"": ""keyboard"", ""difficulty"": ""hard"", ""word_index"": 3, ""char_indices"": [3, 6], ""operation_count"": 2}, {""edit_num"": 2, ""old"": ""total"", ""new"": ""yktal"", ""location"": ""any"", ""typo_type"": ""keyboard"", ""difficulty"": ""hard"", ""word_index"": 2, ""char_indices"": [0, 1], ""operation_count"": 2}, {""edit_num"": 3, ""old"": ""score"", ""new"": ""scofw"", ""location"": ""any"", ""typo_type"": ""keyboard"", ""difficulty"": ""hard"", ""word_index"": 7, ""char_indices"": [3, 4], ""operation_count"": 2}]",0.0,6,45,1.0,1.0,1.0,,1.6060015709999789,,16,9,7,1.0,0.0,-27.449297,23.142096
Qwen/Qwen3-4B,,hf,squad,56beb7953aeaaa14008c92ad,idf,Who won Super Bowl XLIX?,"The Broncos defeated the Pittsburgh Steelers in the divisional round, 23–16, by scoring 11 points in the final three minutes of the game. They then beat the defending Super Bowl XLIX champion New England Patriots in the AFC Championship Game, 20–18, by intercepting a pass on New England's 2-point conversion attempt with 17 seconds left on the clock. Despite Manning's problems with interceptions during the season, he didn't throw any in their two playoff games.","[""New England Patriots"", ""New England Patriots"", ""Patriots""]",5,clean,none,none,0,0,True,none,none,Who won Super Bowl XLIX?,,[],,0,New England Patriots,1.0,1.0,1.0,,0.814942641000016,,7,7,0,1.0,0.0,30.371437,38.21428
Qwen/Qwen3-4B,,hf,squad,56beb7953aeaaa14008c92ad,idf,Who won Super Bowl XLIX?,"The Broncos defeated the Pittsburgh Steelers in the divisional round, 23–16, by scoring 11 points in the final three minutes of the game. They then beat the defending Super Bowl XLIX champion New England Patriots in the AFC Championship Game, 20–18, by intercepting a pass on New England's 2-point conversion attempt with 17 seconds left on the clock. Despite Manning's problems with interceptions during the season, he didn't throw any in their two playoff games.","[""New England Patriots"", ""New England Patriots"", ""Patriots""]",5,corrupted,keyboard,any,1,1,True,hard,none,Who won Super Bowl CLIS?,43566794.0,"[{""edit_num"": 1, ""old"": ""XLIX"", ""new"": ""CLIS"", ""location"": ""any"", ""typo_type"": ""keyboard"", ""difficulty"": ""hard"", ""word_index"": 4, ""char_indices"": [0, 3], ""operation_count"": 2}]",0.0,2,The question is invalid as Super Bowl CLIS does not exist. The correct answer is not available in the provided context.,0.0,0.0,0.0,,1.9770576339997208,,7,7,0,1.0,1.0,22.000319,44.470222
Qwen/Qwen3-4B,,hf,squad,56beb7953aeaaa14008c92ad,idf,Who won Super Bowl XLIX?,"The Broncos defeated the Pittsburgh Steelers in the divisional round, 23–16, by scoring 11 points in the final three minutes of the game. They then beat the defending Super Bowl XLIX champion New England Patriots in the AFC Championship Game, 20–18, by intercepting a pass on New England's 2-point conversion attempt with 17 seconds left on the clock. Despite Manning's problems with interceptions during the season, he didn't throw any in their two playoff games.","[""New England Patriots"", ""New England Patriots"", ""Patriots""]",5,corrupted,keyboard,any,2,2,True,hard,none,Who won Super Bpsl CLIS?,43566794.0,"[{""edit_num"": 1, ""old"": ""XLIX"", ""new"": ""CLIS"", ""location"": ""any"", ""typo_type"": ""keyboard"", ""difficulty"": ""hard"", ""word_index"": 4, ""char_indices"": [0, 3], ""operation_count"": 2}, {""edit_num"": 2, ""old"": ""Bowl"", ""new"": ""Bpsl"", ""location"": ""any"", ""typo_type"": ""keyboard"", ""difficulty"": ""hard"", ""word_index"": 3, ""char_indices"": [1, 2], ""operation_count"": 2}]",0.0,4,New England Patriots,1.0,1.0,1.0,,0.8159002440006589,,9,7,2,1.0,0.0,11.465387,40.1549
Qwen/Qwen3-4B,,hf,squad,56beb7953aeaaa14008c92ad,idf,Who won Super Bowl XLIX?,"The Broncos defeated the Pittsburgh Steelers in the divisional round, 23–16, by scoring 11 points in the final three minutes of the game. They then beat the defending Super Bowl XLIX champion New England Patriots in the AFC Championship Game, 20–18, by intercepting a pass on New England's 2-point conversion attempt with 17 seconds left on the clock. Despite Manning's problems with interceptions during the season, he didn't throw any in their two playoff games.","[""New England Patriots"", ""New England Patriots"", ""Patriots""]",5,corrupted,keyboard,any,3,3,True,hard,none,Who won Supdt Bpsl CLIS?,43566794.0,"[{""edit_num"": 1, ""old"": ""XLIX"", ""new"": ""CLIS"", ""location"": ""any"", ""typo_type"": ""keyboard"", ""difficulty"": ""hard"", ""word_index"": 4, ""char_indices"": [0, 3], ""operation_count"": 2}, {""edit_num"": 2, ""old"": ""Bowl"", ""new"": ""Bpsl"", ""location"": ""any"", ""typo_type"": ""keyboard"", ""difficulty"": ""hard"", ""word_index"": 3, ""char_indices"": [1, 2], ""operation_count"": 2}, {""edit_num"": 3, ""old"": ""Super"", ""new"": ""Supdt"", ""location"": ""any"", ""typo_type"": ""keyboard"", ""difficulty"": ""hard"", ""word_index"": 2, ""char_indices"": [3, 4], ""operation_count"": 2}]",0.0,6,New England Patriots,1.0,1.0,1.0,,0.8732095870000194,,10,7,3,1.0,0.0,-3.4253025,45.670456
Qwen/Qwen3-4B,,hf,squad,56bf1ae93aeaaa14008c951b,idf,Which network broadcasted the 50th Super Bowl game? ,"CBS broadcast Super Bowl 50 in the U.S., and charged an average of $5 million for a 30-second commercial during the game. The Super Bowl 50 halftime show was headlined by the British rock group Coldplay with special guest performers Beyoncé and Bruno Mars, who headlined the Super Bowl XLVII and Super Bowl XLVIII halftime shows, respectively. It was the third-most watched U.S. broadcast ever.","[""CBS"", ""CBS"", ""CBS""]",8,clean,none,none,0,0,True,none,none,Which network broadcasted the 50th Super Bowl game? ,,[],,0,CBS,1.0,1.0,1.0,,0.6142168669994135,,14,14,0,1.0,0.0,34.060547,32.17747
Qwen/Qwen3-4B,,hf,squad,56bf1ae93aeaaa14008c951b,idf,Which network broadcasted the 50th Super Bowl game? ,"CBS broadcast Super Bowl 50 in the U.S., and charged an average of $5 million for a 30-second commercial during the game. The Super Bowl 50 halftime show was headlined by the British rock group Coldplay with special guest performers Beyoncé and Bruno Mars, who headlined the Super Bowl XLVII and Super Bowl XLVIII halftime shows, respectively. It was the third-most watched U.S. broadcast ever.","[""CBS"", ""CBS"", ""CBS""]",8,corrupted,keyboard,any,1,1,True,hard,none,Which network broadcasted the 50th Super Bowl gqke? ,42075751.0,"[{""edit_num"": 1, ""old"": ""game"", ""new"": ""gqke"", ""location"": ""any"", ""typo_type"": ""keyboard"", ""difficulty"": ""hard"", ""word_index"": 7, ""char_indices"": [1, 2], ""operation_count"": 2}]",0.0,2,CBS,1.0,1.0,1.0,,0.7135519570001634,,16,14,2,1.0,0.0,18.11051,35.155167
Qwen/Qwen3-4B,,hf,squad,56bf1ae93aeaaa14008c951b,idf,Which network broadcasted the 50th Super Bowl game? ,"CBS broadcast Super Bowl 50 in the U.S., and charged an average of $5 million for a 30-second commercial during the game. The Super Bowl 50 halftime show was headlined by the British rock group Coldplay with special guest performers Beyoncé and Bruno Mars, who headlined the Super Bowl XLVII and Super Bowl XLVIII halftime shows, respectively. It was the third-most watched U.S. broadcast ever.","[""CBS"", ""CBS"", ""CBS""]",8,corrupted,keyboard,any,2,2,True,hard,none,Which network brladcqsted the 50th Super Bowl gqke? ,42075751.0,"[{""edit_num"": 1, ""old"": ""game"", ""new"": ""gqke"", ""location"": ""any"", ""typo_type"": ""keyboard"", ""difficulty"": ""hard"", ""word_index"": 7, ""char_indices"": [1, 2], ""operation_count"": 2}, {""edit_num"": 2, ""old"": ""broadcasted"", ""new"": ""brladcqsted"", ""location"": ""any"", ""typo_type"": ""keyboard"", ""difficulty"": ""hard"", ""word_index"": 2, ""char_indices"": [2, 6], ""operation_count"": 2}]",0.0,4,CBS,1.0,1.0,1.0,,0.6892504749994259,,18,14,4,1.0,0.0,-12.70268,41.748047
Qwen/Qwen3-4B,,hf,squad,56bf1ae93aeaaa14008c951b,idf,Which network broadcasted the 50th Super Bowl game? ,"CBS broadcast Super Bowl 50 in the U.S., and charged an average of $5 million for a 30-second commercial during the game. The Super Bowl 50 halftime show was headlined by the British rock group Coldplay with special guest performers Beyoncé and Bruno Mars, who headlined the Super Bowl XLVII and Super Bowl XLVIII halftime shows, respectively. It was the third-most watched U.S. broadcast ever.","[""CBS"", ""CBS"", ""CBS""]",8,corrupted,keyboard,any,3,3,True,hard,none,Which network brladcqsted the 50th Zuprr Bowl gqke? ,42075751.0,"[{""edit_num"": 1, ""old"": ""game"", ""new"": ""gqke"", ""location"": ""any"", ""typo_type"": ""keyboard"", ""difficulty"": ""hard"", ""word_index"": 7, ""char_indices"": [1, 2], ""operation_count"": 2}, {""edit_num"": 2, ""old"": ""broadcasted"", ""new"": ""brladcqsted"", ""location"": ""any"", ""typo_type"": ""keyboard"", ""difficulty"": ""hard"", ""word_index"": 2, ""char_indices"": [2, 6], ""operation_count"": 2}, {""edit_num"": 3, ""old"": ""Super"", ""new"": ""Zuprr"", ""location"": ""any"", ""typo_type"": ""keyboard"", ""difficulty"": ""hard"", ""word_index"": 5, ""char_indices"": [0, 3], ""operation_count"": 2}]",0.0,6,CBS,1.0,1.0,1.0,,0.6877262019997943,,20,14,6,1.0,0.0,-21.982193,44.992912
Qwen/Qwen3-4B,,hf,squad,56d70d240d65d21400198327,idf,Which hotel did the Panthers stay at for the Super Bowl?,The Panthers used the San Jose State practice facility and stayed at the San Jose Marriott. The Broncos practiced at Stanford University and stayed at the Santa Clara Marriott.,"[""San Jose Marriott."", ""the San Jose Marriott"", ""San Jose Marriott""]",11,clean,none,none,0,0,True,none,none,Which hotel did the Panthers stay at for the Super Bowl?,,[],,0,San Jose Marriott,1.0,1.0,1.0,,0.6122317519993885,,12,12,0,1.0,0.0,34.651165,29.66802
Qwen/Qwen3-4B,,hf,squad,56d70d240d65d21400198327,idf,Which hotel did the Panthers stay at for the Super Bowl?,The Panthers used the San Jose State practice facility and stayed at the San Jose Marriott. The Broncos practiced at Stanford University and stayed at the Santa Clara Marriott.,"[""San Jose Marriott."", ""the San Jose Marriott"", ""San Jose Marriott""]",11,corrupted,keyboard,any,1,1,True,hard,none,Which jotsl did the Panthers stay at for the Super Bowl?,42436003.0,"[{""edit_num"": 1, ""old"": ""hotel"", ""new"": ""jotsl"", ""location"": ""any"", ""typo_type"": ""keyboard"", ""difficulty"": ""hard"", ""word_index"": 1, ""char_indices"": [0, 3], ""operation_count"": 2}]",0.0,2,San Jose Marriott.,1.0,1.0,1.0,,0.6448817009995764,,14,12,2,1.0,0.0,11.210125,28.72357
Qwen/Qwen3-4B,,hf,squad,56d70d240d65d21400198327,idf,Which hotel did the Panthers stay at for the Super Bowl?,The Panthers used the San Jose State practice facility and stayed at the San Jose Marriott. The Broncos practiced at Stanford University and stayed at the Santa Clara Marriott.,"[""San Jose Marriott."", ""the San Jose Marriott"", ""San Jose Marriott""]",11,corrupted,keyboard,any,2,2,True,hard,none,Which jotsl did the Panthers stay at for the Sulwr Bowl?,42436003.0,"[{""edit_num"": 1, ""old"": ""hotel"", ""new"": ""jotsl"", ""location"": ""any"", ""typo_type"": ""keyboard"", ""difficulty"": ""hard"", ""word_index"": 1, ""char_indices"": [0, 3], ""operation_count"": 2}, {""edit_num"": 2, ""old"": ""Super"", ""new"": ""Sulwr"", ""location"": ""any"", ""typo_type"": ""keyboard"", ""difficulty"": ""hard"", ""word_index"": 9, ""char_indices"": [2, 3], ""operation_count"": 2}]",0.0,4,San Jose Marriott,1.0,1.0,1.0,,0.58790699400015,,15,12,3,1.0,0.0,2.665366,30.135576
Qwen/Qwen3-4B,,hf,squad,56d70d240d65d21400198327,idf,Which hotel did the Panthers stay at for the Super Bowl?,The Panthers used the San Jose State practice facility and stayed at the San Jose Marriott. The Broncos practiced at Stanford University and stayed at the Santa Clara Marriott.,"[""San Jose Marriott."", ""the San Jose Marriott"", ""San Jose Marriott""]",11,corrupted,keyboard,any,3,3,True,hard,none,Which jotsl did the Panthers srwy at for the Sulwr Bowl?,42436003.0,"[{""edit_num"": 1, ""old"": ""hotel"", ""new"": ""jotsl"", ""location"": ""any"", ""typo_type"": ""keyboard"", ""difficulty"": ""hard"", ""word_index"": 1, ""char_indices"": [0, 3], ""operation_count"": 2}, {""edit_num"": 2, ""old"": ""Super"", ""new"": ""Sulwr"", ""location"": ""any"", ""typo_type"": ""keyboard"", ""difficulty"": ""hard"", ""word_index"": 9, ""char_indices"": [2, 3], ""operation_count"": 2}, {""edit_num"": 3, ""old"": ""stay"", ""new"": ""srwy"", ""location"": ""any"", ""typo_type"": ""keyboard"", ""difficulty"": ""hard"", ""word_index"": 5, ""char_indices"": [1, 2], ""operation_count"": 2}]",0.0,6,San Jose Marriott,1.0,1.0,1.0,,0.6096255410002414,,16,12,4,1.0,0.0,-7.2153516,30.14409
Qwen/Qwen3-4B,,hf,squad,56d721af0d65d2140019839e,idf,Who made their Super Bowl commercial debut with Nintendo?,"CBS set the base rate for a 30-second advertisement at $5,000,000, a record high price for a Super Bowl ad. As of January 26, the advertisements had not yet sold out. CBS mandated that all advertisers purchase a package covering time on both the television and digital broadcasts of the game, meaning that for the first time, digital streams of the game would carry all national advertising in pattern with the television broadcast. This would be the final year in a multi-year contract with Anheuser-Busch InBev that allowed the beer manufacturer to air multiple advertisements during the game at a steep discount. It was also the final year that Doritos, a longtime sponsor of the game, held its ""Crash the Super Bowl"" contest that allowed viewers to create their own Doritos ads for a chance to have it aired during the game. Nintendo and The Pokémon Company also made their Super Bowl debut, promoting the 20th anniversary of the Pokémon video game and media franchise.","[""The Pokémon Company"", ""The Pokémon Company"", ""The Pokémon Company""]",9,clean,none,none,0,0,True,none,none,Who made their Super Bowl commercial debut with Nintendo?,,[],,0,The Pokémon Company,1.0,1.0,1.0,,1.2248335379999844,,10,10,0,1.0,0.0,47.78383,16.39988
Qwen/Qwen3-4B,,hf,squad,56d721af0d65d2140019839e,idf,Who made their Super Bowl commercial debut with Nintendo?,"CBS set the base rate for a 30-second advertisement at $5,000,000, a record high price for a Super Bowl ad. As of January 26, the advertisements had not yet sold out. CBS mandated that all advertisers purchase a package covering time on both the television and digital broadcasts of the game, meaning that for the first time, digital streams of the game would carry all national advertising in pattern with the television broadcast. This would be the final year in a multi-year contract with Anheuser-Busch InBev that allowed the beer manufacturer to air multiple advertisements during the game at a steep discount. It was also the final year that Doritos, a longtime sponsor of the game, held its ""Crash the Super Bowl"" contest that allowed viewers to create their own Doritos ads for a chance to have it aired during the game. Nintendo and The Pokémon Company also made their Super Bowl debut, promoting the 20th anniversary of the Pokémon video game and media franchise.","[""The Pokémon Company"", ""The Pokémon Company"", ""The Pokémon Company""]",9,corrupted,keyboard,any,1,1,True,hard,none,Who made their Sjpee Bowl commercial debut with Nintendo?,43396675.0,"[{""edit_num"": 1, ""old"": ""Super"", ""new"": ""Sjpee"", ""location"": ""any"", ""typo_type"": ""keyboard"", ""difficulty"": ""hard"", ""word_index"": 3, ""char_indices"": [1, 4], ""operation_count"": 2}]",0.0,2,The Pokémon Company,1.0,1.0,1.0,,1.2869826500000272,,12,10,2,1.0,0.0,12.414365,26.929802
Qwen/Qwen3-4B,,hf,squad,56d721af0d65d2140019839e,idf,Who made their Super Bowl commercial debut with Nintendo?,"CBS set the base rate for a 30-second advertisement at $5,000,000, a record high price for a Super Bowl ad. As of January 26, the advertisements had not yet sold out. CBS mandated that all advertisers purchase a package covering time on both the television and digital broadcasts of the game, meaning that for the first time, digital streams of the game would carry all national advertising in pattern with the television broadcast. This would be the final year in a multi-year contract with Anheuser-Busch InBev that allowed the beer manufacturer to air multiple advertisements during the game at a steep discount. It was also the final year that Doritos, a longtime sponsor of the game, held its ""Crash the Super Bowl"" contest that allowed viewers to create their own Doritos ads for a chance to have it aired during the game. Nintendo and The Pokémon Company also made their Super Bowl debut, promoting the 20th anniversary of the Pokémon video game and media franchise.","[""The Pokémon Company"", ""The Pokémon Company"", ""The Pokémon Company""]",9,corrupted,keyboard,any,2,2,True,hard,none,Who made their Sjpee Noql commercial debut with Nintendo?,43396675.0,"[{""edit_num"": 1, ""old"": ""Super"", ""new"": ""Sjpee"", ""location"": ""any"", ""typo_type"": ""keyboard"", ""difficulty"": ""hard"", ""word_index"": 3, ""char_indices"": [1, 4], ""operation_count"": 2}, {""edit_num"": 2, ""old"": ""Bowl"", ""new"": ""Noql"", ""location"": ""any"", ""typo_type"": ""keyboard"", ""difficulty"": ""hard"", ""word_index"": 4, ""char_indices"": [0, 2], ""operation_count"": 2}]",0.0,4,The Pokémon Company,1.0,1.0,1.0,,1.304420041999947,,13,10,3,1.0,0.0,2.1262589,31.839016
Qwen/Qwen3-4B,,hf,squad,56d721af0d65d2140019839e,idf,Who made their Super Bowl commercial debut with Nintendo?,"CBS set the base rate for a 30-second advertisement at $5,000,000, a record high price for a Super Bowl ad. As of January 26, the advertisements had not yet sold out. CBS mandated that all advertisers purchase a package covering time on both the television and digital broadcasts of the game, meaning that for the first time, digital streams of the game would carry all national advertising in pattern with the television broadcast. This would be the final year in a multi-year contract with Anheuser-Busch InBev that allowed the beer manufacturer to air multiple advertisements during the game at a steep discount. It was also the final year that Doritos, a longtime sponsor of the game, held its ""Crash the Super Bowl"" contest that allowed viewers to create their own Doritos ads for a chance to have it aired during the game. Nintendo and The Pokémon Company also made their Super Bowl debut, promoting the 20th anniversary of the Pokémon video game and media franchise.","[""The Pokémon Company"", ""The Pokémon Company"", ""The Pokémon Company""]",9,corrupted,keyboard,any,3,3,True,hard,none,Who made their Sjpee Noql commercial drbit with Nintendo?,43396675.0,"[{""edit_num"": 1, ""old"": ""Super"", ""new"": ""Sjpee"", ""location"": ""any"", ""typo_type"": ""keyboard"", ""difficulty"": ""hard"", ""word_index"": 3, ""char_indices"": [1, 4], ""operation_count"": 2}, {""edit_num"": 2, ""old"": ""Bowl"", ""new"": ""Noql"", ""location"": ""any"", ""typo_type"": ""keyboard"", ""difficulty"": ""hard"", ""word_index"": 4, ""char_indices"": [0, 2], ""operation_count"": 2}, {""edit_num"": 3, ""old"": ""debut"", ""new"": ""drbit"", ""location"": ""any"", ""typo_type"": ""keyboard"", ""difficulty"": ""hard"", ""word_index"": 6, ""char_indices"": [1, 3], ""operation_count"": 2}]",0.0,6,The Pokémon Company,1.0,1.0,1.0,,1.2532528419997109,,14,10,4,1.0,0.0,-8.017171,34.132904
Qwen/Qwen3-4B,,hf,squad,56d7277c0d65d21400198401,idf,Who did the Broncos tie with the most sacks in a Super Bowl?,"Super Bowl 50 featured numerous records from individuals and teams. Denver won despite being massively outgained in total yards (315 to 194) and first downs (21 to 11). Their 194 yards and 11 first downs were both the lowest totals ever by a Super Bowl winning team. The previous record was 244 yards by the Baltimore Ravens in Super Bowl XXXV. Only seven other teams had ever gained less than 200 yards in a Super Bowl, and all of them had lost. The Broncos' seven sacks tied a Super Bowl record set by the Chicago Bears in Super Bowl XX. Kony Ealy tied a Super Bowl record with three sacks. Jordan Norwood's 61-yard punt return set a new record, surpassing the old record of 45 yards set by John Taylor in Super Bowl XXIII. Denver was just 1-of-14 on third down, while Carolina was barely better at 3-of-15. The two teams' combined third down conversion percentage of 13.8 was a Super Bowl low. Manning and Newton had quarterback passer ratings of 56.6 and 55.4, respectively, and their added total of 112 is a record lowest aggregate passer rating for a Super Bowl. Manning became the oldest quarterback ever to win a Super Bowl at age 39, and the first quarterback ever to win a Super Bowl with two different teams, while Gary Kubiak became the first head coach to win a Super Bowl with the same franchise he went to the Super Bowl with as a player.","[""Chicago Bears"", ""the Chicago Bears"", ""Bears""]",13,clean,none,none,0,0,True,none,none,Who did the Broncos tie with the most sacks in a Super Bowl?,,[],,0,Chicago Bears,1.0,1.0,1.0,,1.61403526399954,,14,14,0,1.0,0.0,45.906517,21.63705
Qwen/Qwen3-4B,,hf,squad,56d7277c0d65d21400198401,idf,Who did the Broncos tie with the most sacks in a Super Bowl?,"Super Bowl 50 featured numerous records from individuals and teams. Denver won despite being massively outgained in total yards (315 to 194) and first downs (21 to 11). Their 194 yards and 11 first downs were both the lowest totals ever by a Super Bowl winning team. The previous record was 244 yards by the Baltimore Ravens in Super Bowl XXXV. Only seven other teams had ever gained less than 200 yards in a Super Bowl, and all of them had lost. The Broncos' seven sacks tied a Super Bowl record set by the Chicago Bears in Super Bowl XX. Kony Ealy tied a Super Bowl record with three sacks. Jordan Norwood's 61-yard punt return set a new record, surpassing the old record of 45 yards set by John Taylor in Super Bowl XXIII. Denver was just 1-of-14 on third down, while Carolina was barely better at 3-of-15. The two teams' combined third down conversion percentage of 13.8 was a Super Bowl low. Manning and Newton had quarterback passer ratings of 56.6 and 55.4, respectively, and their added total of 112 is a record lowest aggregate passer rating for a Super Bowl. Manning became the oldest quarterback ever to win a Super Bowl at age 39, and the first quarterback ever to win a Super Bowl with two different teams, while Gary Kubiak became the first head coach to win a Super Bowl with the same franchise he went to the Super Bowl with as a player.","[""Chicago Bears"", ""the Chicago Bears"", ""Bears""]",13,corrupted,keyboard,any,1,1,True,hard,none,Who did the Broncos tie eitg the most sacks in a Super Bowl?,43296605.0,"[{""edit_num"": 1, ""old"": ""with"", ""new"": ""eitg"", ""location"": ""any"", ""typo_type"": ""keyboard"", ""difficulty"": ""hard"", ""word_index"": 5, ""char_indices"": [0, 3], ""operation_count"": 2}]",0.0,2,Chicago Bears,1.0,1.0,1.0,,1.631609916999878,,16,14,2,1.0,0.0,24.003208,24.720366
Qwen/Qwen3-4B,,hf,squad,56d7277c0d65d21400198401,idf,Who did the Broncos tie with the most sacks in a Super Bowl?,"Super Bowl 50 featured numerous records from individuals and teams. Denver won despite being massively outgained in total yards (315 to 194) and first downs (21 to 11). Their 194 yards and 11 first downs were both the lowest totals ever by a Super Bowl winning team. The previous record was 244 yards by the Baltimore Ravens in Super Bowl XXXV. Only seven other teams had ever gained less than 200 yards in a Super Bowl, and all of them had lost. The Broncos' seven sacks tied a Super Bowl record set by the Chicago Bears in Super Bowl XX. Kony Ealy tied a Super Bowl record with three sacks. Jordan Norwood's 61-yard punt return set a new record, surpassing the old record of 45 yards set by John Taylor in Super Bowl XXIII. Denver was just 1-of-14 on third down, while Carolina was barely better at 3-of-15. The two teams' combined third down conversion percentage of 13.8 was a Super Bowl low. Manning and Newton had quarterback passer ratings of 56.6 and 55.4, respectively, and their added total of 112 is a record lowest aggregate passer rating for a Super Bowl. Manning became the oldest quarterback ever to win a Super Bowl at age 39, and the first quarterback ever to win a Super Bowl with two different teams, while Gary Kubiak became the first head coach to win a Super Bowl with the same franchise he went to the Super Bowl with as a player.","[""Chicago Bears"", ""the Chicago Bears"", ""Bears""]",13,corrupted,keyboard,any,2,2,True,hard,none,Who did the Broncos tie eitg the most sacks in a Super Bpwp?,43296605.0,"[{""edit_num"": 1, ""old"": ""with"", ""new"": ""eitg"", ""location"": ""any"", ""typo_type"": ""keyboard"", ""difficulty"": ""hard"", ""word_index"": 5, ""char_indices"": [0, 3], ""operation_count"": 2}, {""edit_num"": 2, ""old"": ""Bowl"", ""new"": ""Bpwp"", ""location"": ""any"", ""typo_type"": ""keyboard"", ""difficulty"": ""hard"", ""word_index"": 12, ""char_indices"": [1, 3], ""operation_count"": 2}]",0.0,4,Chicago Bears,1.0,1.0,1.0,,1.602861617000599,,18,14,4,1.0,0.0,16.657272,26.511993
Qwen/Qwen3-4B,,hf,squad,56d7277c0d65d21400198401,idf,Who did the Broncos tie with the most sacks in a Super Bowl?,"Super Bowl 50 featured numerous records from individuals and teams. Denver won despite being massively outgained in total yards (315 to 194) and first downs (21 to 11). Their 194 yards and 11 first downs were both the lowest totals ever by a Super Bowl winning team. The previous record was 244 yards by the Baltimore Ravens in Super Bowl XXXV. Only seven other teams had ever gained less than 200 yards in a Super Bowl, and all of them had lost. The Broncos' seven sacks tied a Super Bowl record set by the Chicago Bears in Super Bowl XX. Kony Ealy tied a Super Bowl record with three sacks. Jordan Norwood's 61-yard punt return set a new record, surpassing the old record of 45 yards set by John Taylor in Super Bowl XXIII. Denver was just 1-of-14 on third down, while Carolina was barely better at 3-of-15. The two teams' combined third down conversion percentage of 13.8 was a Super Bowl low. Manning and Newton had quarterback passer ratings of 56.6 and 55.4, respectively, and their added total of 112 is a record lowest aggregate passer rating for a Super Bowl. Manning became the oldest quarterback ever to win a Super Bowl at age 39, and the first quarterback ever to win a Super Bowl with two different teams, while Gary Kubiak became the first head coach to win a Super Bowl with the same franchise he went to the Super Bowl with as a player.","[""Chicago Bears"", ""the Chicago Bears"", ""Bears""]",13,corrupted,keyboard,any,3,3,True,hard,none,Who did the Brojfos tie eitg the most sacks in a Super Bpwp?,43296605.0,"[{""edit_num"": 1, ""old"": ""with"", ""new"": ""eitg"", ""location"": ""any"", ""typo_type"": ""keyboard"", ""difficulty"": ""hard"", ""word_index"": 5, ""char_indices"": [0, 3], ""operation_count"": 2}, {""edit_num"": 2, ""old"": ""Bowl"", ""new"": ""Bpwp"", ""location"": ""any"", ""typo_type"": ""keyboard"", ""difficulty"": ""hard"", ""word_index"": 12, ""char_indices"": [1, 3], ""operation_count"": 2}, {""edit_num"": 3, ""old"": ""Broncos"", ""new"": ""Brojfos"", ""location"": ""any"", ""typo_type"": ""keyboard"", ""difficulty"": ""hard"", ""word_index"": 3, ""char_indices"": [3, 4], ""operation_count"": 2}]",0.0,6,Kony Ealy,0.0,0.0,0.0,,1.7086086520002937,,20,14,6,1.0,1.0,0.036320306,29.362013
Qwen/Qwen3-4B,,hf,squad,56d98f0ddc89441400fdb559,idf,How many times prios has the Sun Life Stadium had Super Bowls?,"The league announced on October 16, 2012, that the two finalists were Sun Life Stadium and Levi's Stadium. The South Florida/Miami area has previously hosted the event 10 times (tied for most with New Orleans), with the most recent one being Super Bowl XLIV in 2010. The San Francisco Bay Area last hosted in 1985 (Super Bowl XIX), held at Stanford Stadium in Stanford, California, won by the home team 49ers. The Miami bid depended on whether the stadium underwent renovations. However, on May 3, 2013, the Florida legislature refused to approve the funding plan to pay for the renovations, dealing a significant blow to Miami's chances.","[""10."", ""10"", ""10 times""]",12,clean,none,none,0,0,True,none,none,How many times prios has the Sun Life Stadium had Super Bowls?,,[],,0,0,0.0,0.0,0.0,,0.863298821999706,,15,15,0,0.0,0.0,22.005674,21.48673
Qwen/Qwen3-4B,,hf,squad,56d98f0ddc89441400fdb559,idf,How many times prios has the Sun Life Stadium had Super Bowls?,"The league announced on October 16, 2012, that the two finalists were Sun Life Stadium and Levi's Stadium. The South Florida/Miami area has previously hosted the event 10 times (tied for most with New Orleans), with the most recent one being Super Bowl XLIV in 2010. The San Francisco Bay Area last hosted in 1985 (Super Bowl XIX), held at Stanford Stadium in Stanford, California, won by the home team 49ers. The Miami bid depended on whether the stadium underwent renovations. However, on May 3, 2013, the Florida legislature refused to approve the funding plan to pay for the renovations, dealing a significant blow to Miami's chances.","[""10."", ""10"", ""10 times""]",12,corrupted,keyboard,any,1,1,True,hard,none,How many times prios has the Sun Life Staxuum had Super Bowls?,42506052.0,"[{""edit_num"": 1, ""old"": ""Stadium"", ""new"": ""Staxuum"", ""location"": ""any"", ""typo_type"": ""keyboard"", ""difficulty"": ""hard"", ""word_index"": 8, ""char_indices"": [3, 4], ""operation_count"": 2}]",0.0,2,10,1.0,1.0,1.0,,0.9732851450007728,,17,15,2,0.0,-1.0,11.065009,25.435371
Qwen/Qwen3-4B,,hf,squad,56d98f0ddc89441400fdb559,idf,How many times prios has the Sun Life Stadium had Super Bowls?,"The league announced on October 16, 2012, that the two finalists were Sun Life Stadium and Levi's Stadium. The South Florida/Miami area has previously hosted the event 10 times (tied for most with New Orleans), with the most recent one being Super Bowl XLIV in 2010. The San Francisco Bay Area last hosted in 1985 (Super Bowl XIX), held at Stanford Stadium in Stanford, California, won by the home team 49ers. The Miami bid depended on whether the stadium underwent renovations. However, on May 3, 2013, the Florida legislature refused to approve the funding plan to pay for the renovations, dealing a significant blow to Miami's chances.","[""10."", ""10"", ""10 times""]",12,corrupted,keyboard,any,2,2,True,hard,none,How nanh times prios has the Sun Life Staxuum had Super Bowls?,42506052.0,"[{""edit_num"": 1, ""old"": ""Stadium"", ""new"": ""Staxuum"", ""location"": ""any"", ""typo_type"": ""keyboard"", ""difficulty"": ""hard"", ""word_index"": 8, ""char_indices"": [3, 4], ""operation_count"": 2}, {""edit_num"": 2, ""old"": ""many"", ""new"": ""nanh"", ""location"": ""any"", ""typo_type"": ""keyboard"", ""difficulty"": ""hard"", ""word_index"": 1, ""char_indices"": [0, 3], ""operation_count"": 2}]",0.0,4,10 times.,1.0,1.0,1.0,,1.0649213810002038,,18,15,3,0.0,-1.0,-0.82161814,24.474627
Qwen/Qwen3-4B,,hf,squad,56d98f0ddc89441400fdb559,idf,How many times prios has the Sun Life Stadium had Super Bowls?,"The league announced on October 16, 2012, that the two finalists were Sun Life Stadium and Levi's Stadium. The South Florida/Miami area has previously hosted the event 10 times (tied for most with New Orleans), with the most recent one being Super Bowl XLIV in 2010. The San Francisco Bay Area last hosted in 1985 (Super Bowl XIX), held at Stanford Stadium in Stanford, California, won by the home team 49ers. The Miami bid depended on whether the stadium underwent renovations. However, on May 3, 2013, the Florida legislature refused to approve the funding plan to pay for the renovations, dealing a significant blow to Miami's chances.","[""10."", ""10"", ""10 times""]",12,corrupted,keyboard,any,3,3,True,hard,none,How nanh times prios has the Sun Pkfe Staxuum had Super Bowls?,42506052.0,"[{""edit_num"": 1, ""old"": ""Stadium"", ""new"": ""Staxuum"", ""location"": ""any"", ""typo_type"": ""keyboard"", ""difficulty"": ""hard"", ""word_index"": 8, ""char_indices"": [3, 4], ""operation_count"": 2}, {""edit_num"": 2, ""old"": ""many"", ""new"": ""nanh"", ""location"": ""any"", ""typo_type"": ""keyboard"", ""difficulty"": ""hard"", ""word_index"": 1, ""char_indices"": [0, 3], ""operation_count"": 2}, {""edit_num"": 3, ""old"": ""Life"", ""new"": ""Pkfe"", ""location"": ""any"", ""typo_type"": ""keyboard"", ""difficulty"": ""hard"", ""word_index"": 7, ""char_indices"": [0, 1], ""operation_count"": 2}]",0.0,6,10 times,1.0,1.0,1.0,,1.018054755000776,,20,15,5,0.0,-1.0,-10.012432,26.780252
Qwen/Qwen3-4B,,hf,squad,56e20a3ae3433e140042324d,idf,What is the paper written by Richard Karp in 1972 that ushered in a new era of understanding between intractability and NP-complete problems?,"In 1967, Manuel Blum developed an axiomatic complexity theory based on his axioms and proved an important result, the so-called, speed-up theorem. The field really began to flourish in 1971 when the US researcher Stephen Cook and, working independently, Leonid Levin in the USSR, proved that there exist practically relevant problems that are NP-complete. In 1972, Richard Karp took this idea a leap forward with his landmark paper, ""Reducibility Among Combinatorial Problems"", in which he showed that 21 diverse combinatorial and graph theoretical problems, each infamous for its computational intractability, are NP-complete.","[""\""Reducibility Among Combinatorial Problems\"""", ""Reducibility Among Combinatorial Problems"", ""\""Reducibility Among Combinatorial Problems\""""]",23,clean,none,none,0,0,True,none,none,What is the paper written by Richard Karp in 1972 that ushered in a new era of understanding between intractability and NP-complete problems?,,[],,0,Reducibility Among Combinatorial Problems,1.0,1.0,1.0,,1.1190893250004592,,33,33,0,1.0,0.0,14.949816,-21.493713
Qwen/Qwen3-4B,,hf,squad,56e20a3ae3433e140042324d,idf,What is the paper written by Richard Karp in 1972 that ushered in a new era of understanding between intractability and NP-complete problems?,"In 1967, Manuel Blum developed an axiomatic complexity theory based on his axioms and proved an important result, the so-called, speed-up theorem. The field really began to flourish in 1971 when the US researcher Stephen Cook and, working independently, Leonid Levin in the USSR, proved that there exist practically relevant problems that are NP-complete. In 1972, Richard Karp took this idea a leap forward with his landmark paper, ""Reducibility Among Combinatorial Problems"", in which he showed that 21 diverse combinatorial and graph theoretical problems, each infamous for its computational intractability, are NP-complete.","[""\""Reducibility Among Combinatorial Problems\"""", ""Reducibility Among Combinatorial Problems"", ""\""Reducibility Among Combinatorial Problems\""""]",23,corrupted,keyboard,any,1,1,True,hard,none,What is the paper written by Richard Karp in 1972 that ushered in a new era of understanding between intractability and NP-comllste problems?,42105772.0,"[{""edit_num"": 1, ""old"": ""complete"", ""new"": ""comllste"", ""location"": ""any"", ""typo_type"": ""keyboard"", ""difficulty"": ""hard"", ""word_index"": 21, ""char_indices"": [3, 5], ""operation_count"": 2}]",0.0,2,Reducibility Among Combinatorial Problems,1.0,1.0,1.0,,1.231616430000031,,35,33,2,1.0,0.0,10.109439,-17.535988
Qwen/Qwen3-4B,,hf,squad,56e20a3ae3433e140042324d,idf,What is the paper written by Richard Karp in 1972 that ushered in a new era of understanding between intractability and NP-complete problems?,"In 1967, Manuel Blum developed an axiomatic complexity theory based on his axioms and proved an important result, the so-called, speed-up theorem. The field really began to flourish in 1971 when the US researcher Stephen Cook and, working independently, Leonid Levin in the USSR, proved that there exist practically relevant problems that are NP-complete. In 1972, Richard Karp took this idea a leap forward with his landmark paper, ""Reducibility Among Combinatorial Problems"", in which he showed that 21 diverse combinatorial and graph theoretical problems, each infamous for its computational intractability, are NP-complete.","[""\""Reducibility Among Combinatorial Problems\"""", ""Reducibility Among Combinatorial Problems"", ""\""Reducibility Among Combinatorial Problems\""""]",23,corrupted,keyboard,any,2,2,True,hard,none,What is the paper written by Richard Jadp in 1972 that ushered in a new era of understanding between intractability and NP-comllste problems?,42105772.0,"[{""edit_num"": 1, ""old"": ""complete"", ""new"": ""comllste"", ""location"": ""any"", ""typo_type"": ""keyboard"", ""difficulty"": ""hard"", ""word_index"": 21, ""char_indices"": [3, 5], ""operation_count"": 2}, {""edit_num"": 2, ""old"": ""Karp"", ""new"": ""Jadp"", ""location"": ""any"", ""typo_type"": ""keyboard"", ""difficulty"": ""hard"", ""word_index"": 7, ""char_indices"": [0, 2], ""operation_count"": 2}]",0.0,4,Reducibility Among Combinatorial Problems,1.0,1.0,1.0,,1.246210160999908,,35,33,2,1.0,0.0,5.072655,-14.218996
Qwen/Qwen3-4B,,hf,squad,56e20a3ae3433e140042324d,idf,What is the paper written by Richard Karp in 1972 that ushered in a new era of understanding between intractability and NP-complete problems?,"In 1967, Manuel Blum developed an axiomatic complexity theory based on his axioms and proved an important result, the so-called, speed-up theorem. The field really began to flourish in 1971 when the US researcher Stephen Cook and, working independently, Leonid Levin in the USSR, proved that there exist practically relevant problems that are NP-complete. In 1972, Richard Karp took this idea a leap forward with his landmark paper, ""Reducibility Among Combinatorial Problems"", in which he showed that 21 diverse combinatorial and graph theoretical problems, each infamous for its computational intractability, are NP-complete.","[""\""Reducibility Among Combinatorial Problems\"""", ""Reducibility Among Combinatorial Problems"", ""\""Reducibility Among Combinatorial Problems\""""]",23,corrupted,keyboard,any,3,3,True,hard,none,What is the paper written by Richard Jadp in 1972 that ushered in a new era of understsmding between intractability and NP-comllste problems?,42105772.0,"[{""edit_num"": 1, ""old"": ""complete"", ""new"": ""comllste"", ""location"": ""any"", ""typo_type"": ""keyboard"", ""difficulty"": ""hard"", ""word_index"": 21, ""char_indices"": [3, 5], ""operation_count"": 2}, {""edit_num"": 2, ""old"": ""Karp"", ""new"": ""Jadp"", ""location"": ""any"", ""typo_type"": ""keyboard"", ""difficulty"": ""hard"", ""word_index"": 7, ""char_indices"": [0, 2], ""operation_count"": 2}, {""edit_num"": 3, ""old"": ""understanding"", ""new"": ""understsmding"", ""location"": ""any"", ""typo_type"": ""keyboard"", ""difficulty"": ""hard"", ""word_index"": 16, ""char_indices"": [7, 8], ""operation_count"": 2}]",0.0,6,Reducibility Among Combinatorial Problems,1.0,1.0,1.0,,1.2286532230000375,,38,33,5,1.0,0.0,-0.5160211,-10.915053
Qwen/Qwen3-4B,,hf,squad,56e756bc37bdd419002c3e97,idf,What does co-teaching get the students to focus on?,Co-teaching has also become a new trend amongst educational institutions. Co-teaching is defined as two or more teachers working harmoniously to fulfill the needs of every student in the classroom. Co-teaching focuses the student on learning by providing a social networking support that allows them to reach their full cognitive potential. Co-teachers work in sync with one another to create a climate of learning.,"[""learning"", ""learning"", ""learning""]",10,clean,none,none,0,0,True,none,none,What does co-teaching get the students to focus on?,,[],,0,Learning,1.0,1.0,1.0,,0.700265706999744,,12,12,0,1.0,0.0,7.0699496,-24.746714
Qwen/Qwen3-4B,,hf,squad,56e756bc37bdd419002c3e97,idf,What does co-teaching get the students to focus on?,Co-teaching has also become a new trend amongst educational institutions. Co-teaching is defined as two or more teachers working harmoniously to fulfill the needs of every student in the classroom. Co-teaching focuses the student on learning by providing a social networking support that allows them to reach their full cognitive potential. Co-teachers work in sync with one another to create a climate of learning.,"[""learning"", ""learning"", ""learning""]",10,corrupted,keyboard,any,1,1,True,hard,none,What fpes co-teaching get the students to focus on?,42956367.0,"[{""edit_num"": 1, ""old"": ""does"", ""new"": ""fpes"", ""location"": ""any"", ""typo_type"": ""keyboard"", ""difficulty"": ""hard"", ""word_index"": 1, ""char_indices"": [0, 1], ""operation_count"": 2}]",0.0,2,Learning,1.0,1.0,1.0,,0.6994296259999828,,13,12,1,1.0,0.0,-23.116177,-14.3369055
Qwen/Qwen3-4B,,hf,squad,56e756bc37bdd419002c3e97,idf,What does co-teaching get the students to focus on?,Co-teaching has also become a new trend amongst educational institutions. Co-teaching is defined as two or more teachers working harmoniously to fulfill the needs of every student in the classroom. Co-teaching focuses the student on learning by providing a social networking support that allows them to reach their full cognitive potential. Co-teachers work in sync with one another to create a climate of learning.,"[""learning"", ""learning"", ""learning""]",10,corrupted,keyboard,any,2,2,True,hard,none,What fpes co-teaching get the syjdents to focus on?,42956367.0,"[{""edit_num"": 1, ""old"": ""does"", ""new"": ""fpes"", ""location"": ""any"", ""typo_type"": ""keyboard"", ""difficulty"": ""hard"", ""word_index"": 1, ""char_indices"": [0, 1], ""operation_count"": 2}, {""edit_num"": 2, ""old"": ""students"", ""new"": ""syjdents"", ""location"": ""any"", ""typo_type"": ""keyboard"", ""difficulty"": ""hard"", ""word_index"": 6, ""char_indices"": [1, 2], ""operation_count"": 2}]",0.0,4,learning,1.0,1.0,1.0,,0.6824298150004324,,15,12,3,1.0,0.0,-33.233376,-7.6054115
Qwen/Qwen3-4B,,hf,squad,56e756bc37bdd419002c3e97,idf,What does co-teaching get the students to focus on?,Co-teaching has also become a new trend amongst educational institutions. Co-teaching is defined as two or more teachers working harmoniously to fulfill the needs of every student in the classroom. Co-teaching focuses the student on learning by providing a social networking support that allows them to reach their full cognitive potential. Co-teachers work in sync with one another to create a climate of learning.,"[""learning"", ""learning"", ""learning""]",10,corrupted,keyboard,any,3,3,True,hard,none,What fpes co-teaching get the syjdents to rodus on?,42956367.0,"[{""edit_num"": 1, ""old"": ""does"", ""new"": ""fpes"", ""location"": ""any"", ""typo_type"": ""keyboard"", ""difficulty"": ""hard"", ""word_index"": 1, ""char_indices"": [0, 1], ""operation_count"": 2}, {""edit_num"": 2, ""old"": ""students"", ""new"": ""syjdents"", ""location"": ""any"", ""typo_type"": ""keyboard"", ""difficulty"": ""hard"", ""word_index"": 6, ""char_indices"": [1, 2], ""operation_count"": 2}, {""edit_num"": 3, ""old"": ""focus"", ""new"": ""rodus"", ""location"": ""any"", ""typo_type"": ""keyboard"", ""difficulty"": ""hard"", ""word_index"": 8, ""char_indices"": [0, 2], ""operation_count"": 2}]",0.0,6,learning,1.0,1.0,1.0,,0.6921120450006129,,16,12,4,1.0,0.0,-38.21554,-4.8988037
Qwen/Qwen3-4B,,hf,squad,56f7f2e0aef2371900625cb0,idf,When did Martin Luther receive his Doctor of Theology?,"On 19 October 1512, he was awarded his Doctor of Theology and, on 21 October 1512, was received into the senate of the theological faculty of the University of Wittenberg, having been called to the position of Doctor in Bible. He spent the rest of his career in this position at the University of Wittenberg.","[""19 October 1512"", ""19 October 1512"", ""1512""]",9,clean,none,none,0,0,True,none,none,When did Martin Luther receive his Doctor of Theology?,,[],,0,19 October 1512,1.0,1.0,1.0,,1.0819981300001018,,11,11,0,1.0,0.0,41.227875,6.720028
Qwen/Qwen3-4B,,hf,squad,56f7f2e0aef2371900625cb0,idf,When did Martin Luther receive his Doctor of Theology?,"On 19 October 1512, he was awarded his Doctor of Theology and, on 21 October 1512, was received into the senate of the theological faculty of the University of Wittenberg, having been called to the position of Doctor in Bible. He spent the rest of his career in this position at the University of Wittenberg.","[""19 October 1512"", ""19 October 1512"", ""1512""]",9,corrupted,keyboard,any,1,1,True,hard,none,When did Martin Luther recrivd his Doctor of Theology?,42916339.0,"[{""edit_num"": 1, ""old"": ""receive"", ""new"": ""recrivd"", ""location"": ""any"", ""typo_type"": ""keyboard"", ""difficulty"": ""hard"", ""word_index"": 4, ""char_indices"": [3, 6], ""operation_count"": 2}]",0.0,2,19 October 1512,1.0,1.0,1.0,,1.064472805999685,,13,11,2,1.0,0.0,19.250828,11.571976
Qwen/Qwen3-4B,,hf,squad,56f7f2e0aef2371900625cb0,idf,When did Martin Luther receive his Doctor of Theology?,"On 19 October 1512, he was awarded his Doctor of Theology and, on 21 October 1512, was received into the senate of the theological faculty of the University of Wittenberg, having been called to the position of Doctor in Bible. He spent the rest of his career in this position at the University of Wittenberg.","[""19 October 1512"", ""19 October 1512"", ""1512""]",9,corrupted,keyboard,any,2,2,True,hard,none,When did Martin Ljthed recrivd his Doctor of Theology?,42916339.0,"[{""edit_num"": 1, ""old"": ""receive"", ""new"": ""recrivd"", ""location"": ""any"", ""typo_type"": ""keyboard"", ""difficulty"": ""hard"", ""word_index"": 4, ""char_indices"": [3, 6], ""operation_count"": 2}, {""edit_num"": 2, ""old"": ""Luther"", ""new"": ""Ljthed"", ""location"": ""any"", ""typo_type"": ""keyboard"", ""difficulty"": ""hard"", ""word_index"": 3, ""char_indices"": [1, 5], ""operation_count"": 2}]",0.0,4,19 October 1512,1.0,1.0,1.0,,1.060227591000512,,15,11,4,1.0,0.0,1.4026024,17.764156
Qwen/Qwen3-4B,,hf,squad,56f7f2e0aef2371900625cb0,idf,When did Martin Luther receive his Doctor of Theology?,"On 19 October 1512, he was awarded his Doctor of Theology and, on 21 October 1512, was received into the senate of the theological faculty of the University of Wittenberg, having been called to the position of Doctor in Bible. He spent the rest of his career in this position at the University of Wittenberg.","[""19 October 1512"", ""19 October 1512"", ""1512""]",9,corrupted,keyboard,any,3,3,True,hard,none,When did Martin Ljthed recrivd his Dpctir of Theology?,42916339.0,"[{""edit_num"": 1, ""old"": ""receive"", ""new"": ""recrivd"", ""location"": ""any"", ""typo_type"": ""keyboard"", ""difficulty"": ""hard"", ""word_index"": 4, ""char_indices"": [3, 6], ""operation_count"": 2}, {""edit_num"": 2, ""old"": ""Luther"", ""new"": ""Ljthed"", ""location"": ""any"", ""typo_type"": ""keyboard"", ""difficulty"": ""hard"", ""word_index"": 3, ""char_indices"": [1, 5], ""operation_count"": 2}, {""edit_num"": 3, ""old"": ""Doctor"", ""new"": ""Dpctir"", ""location"": ""any"", ""typo_type"": ""keyboard"", ""difficulty"": ""hard"", ""word_index"": 6, ""char_indices"": [1, 4], ""operation_count"": 2}]",0.0,6,19 October 1512,1.0,1.0,1.0,,1.2511892060001628,,18,11,7,1.0,0.0,-12.2090845,21.806149
Qwen/Qwen3-4B,,hf,squad,56f7fde8a6d7ea1400e17367,idf,When was Johann Tetzel sent by the Roman Catholic Church to Germany to sell indulgences?,"In 1516, Johann Tetzel, a Dominican friar and papal commissioner for indulgences, was sent to Germany by the Roman Catholic Church to sell indulgences to raise money to rebuild St. Peter's Basilica in Rome. Roman Catholic theology stated that faith alone, whether fiduciary or dogmatic, cannot justify man; justification rather depends only on such faith as is active in charity and good works (fides caritate formata). The benefits of good works could be obtained by donating money to the church.","[""1516"", ""1516"", ""1516""]",15,clean,none,none,0,0,True,none,none,When was Johann Tetzel sent by the Roman Catholic Church to Germany to sell indulgences?,,[],,0,1516,1.0,1.0,1.0,,0.8883358490002138,,19,19,0,1.0,0.0,36.930065,-2.1234326
Qwen/Qwen3-4B,,hf,squad,56f7fde8a6d7ea1400e17367,idf,When was Johann Tetzel sent by the Roman Catholic Church to Germany to sell indulgences?,"In 1516, Johann Tetzel, a Dominican friar and papal commissioner for indulgences, was sent to Germany by the Roman Catholic Church to sell indulgences to raise money to rebuild St. Peter's Basilica in Rome. Roman Catholic theology stated that faith alone, whether fiduciary or dogmatic, cannot justify man; justification rather depends only on such faith as is active in charity and good works (fides caritate formata). The benefits of good works could be obtained by donating money to the church.","[""1516"", ""1516"", ""1516""]",15,corrupted,keyboard,any,1,1,True,hard,none,Syen was Johann Tetzel sent by the Roman Catholic Church to Germany to sell indulgences?,43867004.0,"[{""edit_num"": 1, ""old"": ""When"", ""new"": ""Syen"", ""location"": ""any"", ""typo_type"": ""keyboard"", ""difficulty"": ""hard"", ""word_index"": 0, ""char_indices"": [0, 1], ""operation_count"": 2}]",0.0,2,No.,0.0,0.0,0.0,,0.7703071639998598,,20,19,1,1.0,1.0,21.726225,0.94943905
Qwen/Qwen3-4B,,hf,squad,56f7fde8a6d7ea1400e17367,idf,When was Johann Tetzel sent by the Roman Catholic Church to Germany to sell indulgences?,"In 1516, Johann Tetzel, a Dominican friar and papal commissioner for indulgences, was sent to Germany by the Roman Catholic Church to sell indulgences to raise money to rebuild St. Peter's Basilica in Rome. Roman Catholic theology stated that faith alone, whether fiduciary or dogmatic, cannot justify man; justification rather depends only on such faith as is active in charity and good works (fides caritate formata). The benefits of good works could be obtained by donating money to the church.","[""1516"", ""1516"", ""1516""]",15,corrupted,keyboard,any,2,2,True,hard,none,Syen was Johann Tetzel sent by the Roman Cafhllic Church to Germany to sell indulgences?,43867004.0,"[{""edit_num"": 1, ""old"": ""When"", ""new"": ""Syen"", ""location"": ""any"", ""typo_type"": ""keyboard"", ""difficulty"": ""hard"", ""word_index"": 0, ""char_indices"": [0, 1], ""operation_count"": 2}, {""edit_num"": 2, ""old"": ""Catholic"", ""new"": ""Cafhllic"", ""location"": ""any"", ""typo_type"": ""keyboard"", ""difficulty"": ""hard"", ""word_index"": 8, ""char_indices"": [2, 4], ""operation_count"": 2}]",0.0,4,No.,0.0,0.0,0.0,,0.9309476990001712,,22,19,3,1.0,1.0,12.488629,5.3065763
Qwen/Qwen3-4B,,hf,squad,56f7fde8a6d7ea1400e17367,idf,When was Johann Tetzel sent by the Roman Catholic Church to Germany to sell indulgences?,"In 1516, Johann Tetzel, a Dominican friar and papal commissioner for indulgences, was sent to Germany by the Roman Catholic Church to sell indulgences to raise money to rebuild St. Peter's Basilica in Rome. Roman Catholic theology stated that faith alone, whether fiduciary or dogmatic, cannot justify man; justification rather depends only on such faith as is active in charity and good works (fides caritate formata). The benefits of good works could be obtained by donating money to the church.","[""1516"", ""1516"", ""1516""]",15,corrupted,keyboard,any,3,3,True,hard,none,Syen was Johann Tefsel sent by the Roman Cafhllic Church to Germany to sell indulgences?,43867004.0,"[{""edit_num"": 1, ""old"": ""When"", ""new"": ""Syen"", ""location"": ""any"", ""typo_type"": ""keyboard"", ""difficulty"": ""hard"", ""word_index"": 0, ""char_indices"": [0, 1], ""operation_count"": 2}, {""edit_num"": 2, ""old"": ""Catholic"", ""new"": ""Cafhllic"", ""location"": ""any"", ""typo_type"": ""keyboard"", ""difficulty"": ""hard"", ""word_index"": 8, ""char_indices"": [2, 4], ""operation_count"": 2}, {""edit_num"": 3, ""old"": ""Tetzel"", ""new"": ""Tefsel"", ""location"": ""any"", ""typo_type"": ""keyboard"", ""difficulty"": ""hard"", ""word_index"": 3, ""char_indices"": [2, 3], ""operation_count"": 2}]",0.0,6,No,0.0,0.0,0.0,,0.8692062150003039,,23,19,4,1.0,1.0,6.347824,7.2224874
Qwen/Qwen3-4B,,hf,squad,5705eb3375f01819005e7767,idf,"Other than the motion picture and television industry, what other major industry is centered in Los Angeles?","The motion picture, television, and music industry is centered on the Los Angeles in southern California. Hollywood, a district within Los Angeles, is also a name associated with the motion picture industry. Headquartered in southern California are The Walt Disney Company (which also owns ABC), Sony Pictures, Universal, MGM, Paramount Pictures, 20th Century Fox, and Warner Brothers. Universal, Warner Brothers, and Sony also run major record companies as well.","[""music"", ""major record companies""]",17,clean,none,none,0,0,True,none,none,"Other than the motion picture and television industry, what other major industry is centered in Los Angeles?",,[],,0,Music industry.,0.0,0.6666666666666666,1.0,,0.8007418429997415,,19,19,0,0.6666666666666666,0.0,42.16156,-23.293444
Qwen/Qwen3-4B,,hf,squad,5705eb3375f01819005e7767,idf,"Other than the motion picture and television industry, what other major industry is centered in Los Angeles?","The motion picture, television, and music industry is centered on the Los Angeles in southern California. Hollywood, a district within Los Angeles, is also a name associated with the motion picture industry. Headquartered in southern California are The Walt Disney Company (which also owns ABC), Sony Pictures, Universal, MGM, Paramount Pictures, 20th Century Fox, and Warner Brothers. Universal, Warner Brothers, and Sony also run major record companies as well.","[""music"", ""major record companies""]",17,corrupted,keyboard,any,1,1,True,hard,none,"Other than the motion picture and gelevisipn industry, what other major industry is centered in Los Angeles?",43927046.0,"[{""edit_num"": 1, ""old"": ""television"", ""new"": ""gelevisipn"", ""location"": ""any"", ""typo_type"": ""keyboard"", ""difficulty"": ""hard"", ""word_index"": 6, ""char_indices"": [0, 8], ""operation_count"": 2}]",0.0,2,Music industry.,0.0,0.6666666666666666,1.0,,0.8042635459996745,,22,19,3,0.6666666666666666,0.0,18.00845,-11.430314
Qwen/Qwen3-4B,,hf,squad,5705eb3375f01819005e7767,idf,"Other than the motion picture and television industry, what other major industry is centered in Los Angeles?","The motion picture, television, and music industry is centered on the Los Angeles in southern California. Hollywood, a district within Los Angeles, is also a name associated with the motion picture industry. Headquartered in southern California are The Walt Disney Company (which also owns ABC), Sony Pictures, Universal, MGM, Paramount Pictures, 20th Century Fox, and Warner Brothers. Universal, Warner Brothers, and Sony also run major record companies as well.","[""music"", ""major record companies""]",17,corrupted,keyboard,any,2,2,True,hard,none,"Other yhaj the motion picture and gelevisipn industry, what other major industry is centered in Los Angeles?",43927046.0,"[{""edit_num"": 1, ""old"": ""television"", ""new"": ""gelevisipn"", ""location"": ""any"", ""typo_type"": ""keyboard"", ""difficulty"": ""hard"", ""word_index"": 6, ""char_indices"": [0, 8], ""operation_count"": 2}, {""edit_num"": 2, ""old"": ""than"", ""new"": ""yhaj"", ""location"": ""any"", ""typo_type"": ""keyboard"", ""difficulty"": ""hard"", ""word_index"": 1, ""char_indices"": [0, 3], ""operation_count"": 2}]",0.0,4,Music industry.,0.0,0.6666666666666666,1.0,,0.9002460419997078,,24,19,5,0.6666666666666666,0.0,-8.861726,-3.0751064
Qwen/Qwen3-4B,,hf,squad,5705eb3375f01819005e7767,idf,"Other than the motion picture and television industry, what other major industry is centered in Los Angeles?","The motion picture, television, and music industry is centered on the Los Angeles in southern California. Hollywood, a district within Los Angeles, is also a name associated with the motion picture industry. Headquartered in southern California are The Walt Disney Company (which also owns ABC), Sony Pictures, Universal, MGM, Paramount Pictures, 20th Century Fox, and Warner Brothers. Universal, Warner Brothers, and Sony also run major record companies as well.","[""music"", ""major record companies""]",17,corrupted,keyboard,any,3,3,True,hard,none,"Other yhaj the motion picture and gelevisipn industry, wyst other major industry is centered in Los Angeles?",43927046.0,"[{""edit_num"": 1, ""old"": ""television"", ""new"": ""gelevisipn"", ""location"": ""any"", ""typo_type"": ""keyboard"", ""difficulty"": ""hard"", ""word_index"": 6, ""char_indices"": [0, 8], ""operation_count"": 2}, {""edit_num"": 2, ""old"": ""than"", ""new"": ""yhaj"", ""location"": ""any"", ""typo_type"": ""keyboard"", ""difficulty"": ""hard"", ""word_index"": 1, ""char_indices"": [0, 3], ""operation_count"": 2}, {""edit_num"": 3, ""old"": ""what"", ""new"": ""wyst"", ""location"": ""any"", ""typo_type"": ""keyboard"", ""difficulty"": ""hard"", ""word_index"": 8, ""char_indices"": [1, 2], ""operation_count"": 2}]",0.0,6,Music industry.,0.0,0.6666666666666666,1.0,,0.8046299240004373,,24,19,5,0.6666666666666666,0.0,-14.546317,0.9768102
Qwen/Qwen3-4B,,hf,squad,570603c475f01819005e7884,idf,What is the state average growth rate?,"As of the 2010 United States Census, southern California has a population of 22,680,010. Despite a reputation for high growth rates, southern California's rate grew less than the state average of 10.0% in the 2000s as California's growth became concentrated in the northern part of the state due to a stronger, tech-oriented economy in the Bay Area and an emerging Greater Sacramento region.","[""10.0%"", ""10.0%"", ""10.0%""]",7,clean,none,none,0,0,True,none,none,What is the state average growth rate?,,[],,0,10.0%,1.0,1.0,1.0,,0.8794311999999991,,8,8,0,1.0,0.0,33.193016,-27.76836
Qwen/Qwen3-4B,,hf,squad,570603c475f01819005e7884,idf,What is the state average growth rate?,"As of the 2010 United States Census, southern California has a population of 22,680,010. Despite a reputation for high growth rates, southern California's rate grew less than the state average of 10.0% in the 2000s as California's growth became concentrated in the northern part of the state due to a stronger, tech-oriented economy in the Bay Area and an emerging Greater Sacramento region.","[""10.0%"", ""10.0%"", ""10.0%""]",7,corrupted,keyboard,any,1,1,True,hard,none,Wgzt is the state average growth rate?,42486038.0,"[{""edit_num"": 1, ""old"": ""What"", ""new"": ""Wgzt"", ""location"": ""any"", ""typo_type"": ""keyboard"", ""difficulty"": ""hard"", ""word_index"": 0, ""char_indices"": [1, 2], ""operation_count"": 2}]",0.0,2,10.0%,1.0,1.0,1.0,,0.9213373150005282,,10,8,2,1.0,0.0,-14.792738,-0.26845556
Qwen/Qwen3-4B,,hf,squad,570603c475f01819005e7884,idf,What is the state average growth rate?,"As of the 2010 United States Census, southern California has a population of 22,680,010. Despite a reputation for high growth rates, southern California's rate grew less than the state average of 10.0% in the 2000s as California's growth became concentrated in the northern part of the state due to a stronger, tech-oriented economy in the Bay Area and an emerging Greater Sacramento region.","[""10.0%"", ""10.0%"", ""10.0%""]",7,corrupted,keyboard,any,2,2,True,hard,none,Wgzt is the state average groayh rate?,42486038.0,"[{""edit_num"": 1, ""old"": ""What"", ""new"": ""Wgzt"", ""location"": ""any"", ""typo_type"": ""keyboard"", ""difficulty"": ""hard"", ""word_index"": 0, ""char_indices"": [1, 2], ""operation_count"": 2}, {""edit_num"": 2, ""old"": ""growth"", ""new"": ""groayh"", ""location"": ""any"", ""typo_type"": ""keyboard"", ""difficulty"": ""hard"", ""word_index"": 5, ""char_indices"": [3, 4], ""operation_count"": 2}]",0.0,4,10.0%,1.0,1.0,1.0,,0.9877532959999372,,12,8,4,1.0,0.0,-23.661877,2.79367
Qwen/Qwen3-4B,,hf,squad,570603c475f01819005e7884,idf,What is the state average growth rate?,"As of the 2010 United States Census, southern California has a population of 22,680,010. Despite a reputation for high growth rates, southern California's rate grew less than the state average of 10.0% in the 2000s as California's growth became concentrated in the northern part of the state due to a stronger, tech-oriented economy in the Bay Area and an emerging Greater Sacramento region.","[""10.0%"", ""10.0%"", ""10.0%""]",7,corrupted,keyboard,any,3,3,True,hard,none,Wgzt is the state avwdage groayh rate?,42486038.0,"[{""edit_num"": 1, ""old"": ""What"", ""new"": ""Wgzt"", ""location"": ""any"", ""typo_type"": ""keyboard"", ""difficulty"": ""hard"", ""word_index"": 0, ""char_indices"": [1, 2], ""operation_count"": 2}, {""edit_num"": 2, ""old"": ""growth"", ""new"": ""groayh"", ""location"": ""any"", ""typo_type"": ""keyboard"", ""difficulty"": ""hard"", ""word_index"": 5, ""char_indices"": [3, 4], ""operation_count"": 2}, {""edit_num"": 3, ""old"": ""average"", ""new"": ""avwdage"", ""location"": ""any"", ""typo_type"": ""keyboard"", ""difficulty"": ""hard"", ""word_index"": 4, ""char_indices"": [2, 3], ""operation_count"": 2}]",0.0,6,10.0%,1.0,1.0,1.0,,1.0115525410001285,,14,8,6,1.0,0.0,-33.50066,7.4661603
Qwen/Qwen3-4B,,hf,squad,57097051ed30961900e84135,idf,Who did BSkyB compete with initially?,"BSkyB's digital service was officially launched on 1 October 1998 under the name Sky Digital, although small-scale tests were carried out before then. At this time the use of the Sky Digital brand made an important distinction between the new service and Sky's analogue services. Key selling points were the improvement in picture and sound quality, increased number of channels and an interactive service branded Open.... now called Sky Active, BSkyB competed with the ONdigital (later ITV Digital) terrestrial offering and cable services. Within 30 days, over 100,000 digiboxes had been sold, which help bolstered BSkyB's decision to give away free digiboxes and minidishes from May 1999.","[""ONdigital"", ""ONdigital"", ""ONdigital""]",6,clean,none,none,0,0,True,none,none,Who did BSkyB compete with initially?,,[],,0,ONdigital (later ITV Digital) terrestrial offering and cable services.,0.0,0.1999999999999999,1.0,,1.5842366910001149,,9,9,0,0.1999999999999999,0.0,20.56424,3.642632
Qwen/Qwen3-4B,,hf,squad,57097051ed30961900e84135,idf,Who did BSkyB compete with initially?,"BSkyB's digital service was officially launched on 1 October 1998 under the name Sky Digital, although small-scale tests were carried out before then. At this time the use of the Sky Digital brand made an important distinction between the new service and Sky's analogue services. Key selling points were the improvement in picture and sound quality, increased number of channels and an interactive service branded Open.... now called Sky Active, BSkyB competed with the ONdigital (later ITV Digital) terrestrial offering and cable services. Within 30 days, over 100,000 digiboxes had been sold, which help bolstered BSkyB's decision to give away free digiboxes and minidishes from May 1999.","[""ONdigital"", ""ONdigital"", ""ONdigital""]",6,corrupted,keyboard,any,1,1,True,hard,none,Who did BSkyB compete with iniriakly?,43546780.0,"[{""edit_num"": 1, ""old"": ""initially"", ""new"": ""iniriakly"", ""location"": ""any"", ""typo_type"": ""keyboard"", ""difficulty"": ""hard"", ""word_index"": 5, ""char_indices"": [3, 6], ""operation_count"": 2}]",0.0,2,ONdigital (later ITV Digital) terrestrial offering and cable services.,0.0,0.1999999999999999,1.0,,1.5745560710001882,,12,9,3,0.1999999999999999,0.0,8.219675,6.6389465
Qwen/Qwen3-4B,,hf,squad,57097051ed30961900e84135,idf,Who did BSkyB compete with initially?,"BSkyB's digital service was officially launched on 1 October 1998 under the name Sky Digital, although small-scale tests were carried out before then. At this time the use of the Sky Digital brand made an important distinction between the new service and Sky's analogue services. Key selling points were the improvement in picture and sound quality, increased number of channels and an interactive service branded Open.... now called Sky Active, BSkyB competed with the ONdigital (later ITV Digital) terrestrial offering and cable services. Within 30 days, over 100,000 digiboxes had been sold, which help bolstered BSkyB's decision to give away free digiboxes and minidishes from May 1999.","[""ONdigital"", ""ONdigital"", ""ONdigital""]",6,corrupted,keyboard,any,2,2,True,hard,none,Who did HAkyB compete with iniriakly?,43546780.0,"[{""edit_num"": 1, ""old"": ""initially"", ""new"": ""iniriakly"", ""location"": ""any"", ""typo_type"": ""keyboard"", ""difficulty"": ""hard"", ""word_index"": 5, ""char_indices"": [3, 6], ""operation_count"": 2}, {""edit_num"": 2, ""old"": ""BSkyB"", ""new"": ""HAkyB"", ""location"": ""any"", ""typo_type"": ""keyboard"", ""difficulty"": ""hard"", ""word_index"": 2, ""char_indices"": [0, 1], ""operation_count"": 2}]",0.0,4,ONdigital (later ITV Digital) terrestrial offering and cable services.,0.0,0.1999999999999999,1.0,,1.5756058880006094,,12,9,3,0.1999999999999999,0.0,2.6915271,9.606515
Qwen/Qwen3-4B,,hf,squad,57097051ed30961900e84135,idf,Who did BSkyB compete with initially?,"BSkyB's digital service was officially launched on 1 October 1998 under the name Sky Digital, although small-scale tests were carried out before then. At this time the use of the Sky Digital brand made an important distinction between the new service and Sky's analogue services. Key selling points were the improvement in picture and sound quality, increased number of channels and an interactive service branded Open.... now called Sky Active, BSkyB competed with the ONdigital (later ITV Digital) terrestrial offering and cable services. Within 30 days, over 100,000 digiboxes had been sold, which help bolstered BSkyB's decision to give away free digiboxes and minidishes from May 1999.","[""ONdigital"", ""ONdigital"", ""ONdigital""]",6,corrupted,keyboard,any,3,3,True,hard,none,Who did HAkyB compete wifj iniriakly?,43546780.0,"[{""edit_num"": 1, ""old"": ""initially"", ""new"": ""iniriakly"", ""location"": ""any"", ""typo_type"": ""keyboard"", ""difficulty"": ""hard"", ""word_index"": 5, ""char_indices"": [3, 6], ""operation_count"": 2}, {""edit_num"": 2, ""old"": ""BSkyB"", ""new"": ""HAkyB"", ""location"": ""any"", ""typo_type"": ""keyboard"", ""difficulty"": ""hard"", ""word_index"": 2, ""char_indices"": [0, 1], ""operation_count"": 2}, {""edit_num"": 3, ""old"": ""with"", ""new"": ""wifj"", ""location"": ""any"", ""typo_type"": ""keyboard"", ""difficulty"": ""hard"", ""word_index"": 4, ""char_indices"": [2, 3], ""operation_count"": 2}]",0.0,6,BSkyB competed with the ONdigital (later ITV Digital) terrestrial offering and cable services.,0.0,0.1538461538461538,1.0,,1.889592544000152,,14,9,5,0.1999999999999999,0.0461538461538461,-1.9653713,10.094503
Qwen/Qwen3-4B,,hf,squad,570d26efb3d812140066d493,idf,How often are elections held for the Victorian Parliament?,"In November 2006, the Victorian Legislative Council elections were held under a new multi-member proportional representation system. The State of Victoria was divided into eight electorates with each electorate represented by five representatives elected by Single Transferable Vote. The total number of upper house members was reduced from 44 to 40 and their term of office is now the same as the lower house members—four years. Elections for the Victorian Parliament are now fixed and occur in November every four years. Prior to the 2006 election, the Legislative Council consisted of 44 members elected to eight-year terms from 22 two-member electorates.","[""every four years"", ""every four years"", ""four years""]",9,clean,none,none,0,0,True,none,none,How often are elections held for the Victorian Parliament?,,[],,0,November every four years.,0.0,0.8571428571428571,1.0,,1.0247188020002795,,10,10,0,0.8571428571428571,0.0,33.485836,-5.017639
Qwen/Qwen3-4B,,hf,squad,570d26efb3d812140066d493,idf,How often are elections held for the Victorian Parliament?,"In November 2006, the Victorian Legislative Council elections were held under a new multi-member proportional representation system. The State of Victoria was divided into eight electorates with each electorate represented by five representatives elected by Single Transferable Vote. The total number of upper house members was reduced from 44 to 40 and their term of office is now the same as the lower house members—four years. Elections for the Victorian Parliament are now fixed and occur in November every four years. Prior to the 2006 election, the Legislative Council consisted of 44 members elected to eight-year terms from 22 two-member electorates.","[""every four years"", ""every four years"", ""four years""]",9,corrupted,keyboard,any,1,1,True,hard,none,How often are elections grld for the Victorian Parliament?,42205842.0,"[{""edit_num"": 1, ""old"": ""held"", ""new"": ""grld"", ""location"": ""any"", ""typo_type"": ""keyboard"", ""difficulty"": ""hard"", ""word_index"": 4, ""char_indices"": [0, 1], ""operation_count"": 2}]",0.0,2,November every four years.,0.0,0.8571428571428571,1.0,,1.1007916160006062,,11,10,1,0.8571428571428571,0.0,12.630361,4.1948237
Qwen/Qwen3-4B,,hf,squad,570d26efb3d812140066d493,idf,How often are elections held for the Victorian Parliament?,"In November 2006, the Victorian Legislative Council elections were held under a new multi-member proportional representation system. The State of Victoria was divided into eight electorates with each electorate represented by five representatives elected by Single Transferable Vote. The total number of upper house members was reduced from 44 to 40 and their term of office is now the same as the lower house members—four years. Elections for the Victorian Parliament are now fixed and occur in November every four years. Prior to the 2006 election, the Legislative Council consisted of 44 members elected to eight-year terms from 22 two-member electorates.","[""every four years"", ""every four years"", ""four years""]",9,corrupted,keyboard,any,2,2,True,hard,none,How often are elections grld for the Victorian Pwrlizment?,42205842.0,"[{""edit_num"": 1, ""old"": ""held"", ""new"": ""grld"", ""location"": ""any"", ""typo_type"": ""keyboard"", ""difficulty"": ""hard"", ""word_index"": 4, ""char_indices"": [0, 1], ""operation_count"": 2}, {""edit_num"": 2, ""old"": ""Parliament"", ""new"": ""Pwrlizment"", ""location"": ""any"", ""typo_type"": ""keyboard"", ""difficulty"": ""hard"", ""word_index"": 8, ""char_indices"": [1, 5], ""operation_count"": 2}]",0.0,4,November every four years.,0.0,0.8571428571428571,1.0,,1.091984630999832,,15,10,5,0.8571428571428571,0.0,-10.009678,14.687371
Qwen/Qwen3-4B,,hf,squad,570d26efb3d812140066d493,idf,How often are elections held for the Victorian Parliament?,"In November 2006, the Victorian Legislative Council elections were held under a new multi-member proportional representation system. The State of Victoria was divided into eight electorates with each electorate represented by five representatives elected by Single Transferable Vote. The total number of upper house members was reduced from 44 to 40 and their term of office is now the same as the lower house members—four years. Elections for the Victorian Parliament are now fixed and occur in November every four years. Prior to the 2006 election, the Legislative Council consisted of 44 members elected to eight-year terms from 22 two-member electorates.","[""every four years"", ""every four years"", ""four years""]",9,corrupted,keyboard,any,3,3,True,hard,none,How often are wlectiojs grld for the Victorian Pwrlizment?,42205842.0,"[{""edit_num"": 1, ""old"": ""held"", ""new"": ""grld"", ""location"": ""any"", ""typo_type"": ""keyboard"", ""difficulty"": ""hard"", ""word_index"": 4, ""char_indices"": [0, 1], ""operation_count"": 2}, {""edit_num"": 2, ""old"": ""Parliament"", ""new"": ""Pwrlizment"", ""location"": ""any"", ""typo_type"": ""keyboard"", ""difficulty"": ""hard"", ""word_index"": 8, ""char_indices"": [1, 5], ""operation_count"": 2}, {""edit_num"": 3, ""old"": ""elections"", ""new"": ""wlectiojs"", ""location"": ""any"", ""typo_type"": ""keyboard"", ""difficulty"": ""hard"", ""word_index"": 3, ""char_indices"": [0, 7], ""operation_count"": 2}]",0.0,6,November every four years.,0.0,0.8571428571428571,1.0,,1.1196763230000215,,18,10,8,0.8571428571428571,0.0,-28.258026,20.929451
Qwen/Qwen3-4B,,hf,squad,571127a5a58dae1900cd6cc5,idf,On what date did the first railway trip in the world occur?,"The first full-scale working railway steam locomotive was built by Richard Trevithick in the United Kingdom and, on 21 February 1804, the world's first railway journey took place as Trevithick's unnamed steam locomotive hauled a train along the tramway from the Pen-y-darren ironworks, near Merthyr Tydfil to Abercynon in south Wales. The design incorporated a number of important innovations that included using high-pressure steam which reduced the weight of the engine and increased its efficiency. Trevithick visited the Newcastle area later in 1804 and the colliery railways in north-east England became the leading centre for experimentation and development of steam locomotives.","[""21 February 1804"", ""21 February 1804"", ""21 February 1804""]",12,clean,none,none,0,0,True,none,none,On what date did the first railway trip in the world occur?,,[],,0,21 February 1804,1.0,1.0,1.0,,1.280280316000244,,13,13,0,1.0,0.0,36.976612,-14.700608
Qwen/Qwen3-4B,,hf,squad,571127a5a58dae1900cd6cc5,idf,On what date did the first railway trip in the world occur?,"The first full-scale working railway steam locomotive was built by Richard Trevithick in the United Kingdom and, on 21 February 1804, the world's first railway journey took place as Trevithick's unnamed steam locomotive hauled a train along the tramway from the Pen-y-darren ironworks, near Merthyr Tydfil to Abercynon in south Wales. The design incorporated a number of important innovations that included using high-pressure steam which reduced the weight of the engine and increased its efficiency. Trevithick visited the Newcastle area later in 1804 and the colliery railways in north-east England became the leading centre for experimentation and development of steam locomotives.","[""21 February 1804"", ""21 February 1804"", ""21 February 1804""]",12,corrupted,keyboard,any,1,1,True,hard,none,On what date did the first railway teup in the world occur?,43366654.0,"[{""edit_num"": 1, ""old"": ""trip"", ""new"": ""teup"", ""location"": ""any"", ""typo_type"": ""keyboard"", ""difficulty"": ""hard"", ""word_index"": 7, ""char_indices"": [1, 2], ""operation_count"": 2}]",0.0,2,21 February 1804,1.0,1.0,1.0,,1.26204157400025,,14,13,1,1.0,0.0,19.488441,-6.551944
Qwen/Qwen3-4B,,hf,squad,571127a5a58dae1900cd6cc5,idf,On what date did the first railway trip in the world occur?,"The first full-scale working railway steam locomotive was built by Richard Trevithick in the United Kingdom and, on 21 February 1804, the world's first railway journey took place as Trevithick's unnamed steam locomotive hauled a train along the tramway from the Pen-y-darren ironworks, near Merthyr Tydfil to Abercynon in south Wales. The design incorporated a number of important innovations that included using high-pressure steam which reduced the weight of the engine and increased its efficiency. Trevithick visited the Newcastle area later in 1804 and the colliery railways in north-east England became the leading centre for experimentation and development of steam locomotives.","[""21 February 1804"", ""21 February 1804"", ""21 February 1804""]",12,corrupted,keyboard,any,2,2,True,hard,none,On what dwge did the first railway teup in the world occur?,43366654.0,"[{""edit_num"": 1, ""old"": ""trip"", ""new"": ""teup"", ""location"": ""any"", ""typo_type"": ""keyboard"", ""difficulty"": ""hard"", ""word_index"": 7, ""char_indices"": [1, 2], ""operation_count"": 2}, {""edit_num"": 2, ""old"": ""date"", ""new"": ""dwge"", ""location"": ""any"", ""typo_type"": ""keyboard"", ""difficulty"": ""hard"", ""word_index"": 2, ""char_indices"": [1, 2], ""operation_count"": 2}]",0.0,4,21 February 1804,1.0,1.0,1.0,,1.2841265090000888,,15,13,2,1.0,0.0,-3.9179912,2.999267
Qwen/Qwen3-4B,,hf,squad,571127a5a58dae1900cd6cc5,idf,On what date did the first railway trip in the world occur?,"The first full-scale working railway steam locomotive was built by Richard Trevithick in the United Kingdom and, on 21 February 1804, the world's first railway journey took place as Trevithick's unnamed steam locomotive hauled a train along the tramway from the Pen-y-darren ironworks, near Merthyr Tydfil to Abercynon in south Wales. The design incorporated a number of important innovations that included using high-pressure steam which reduced the weight of the engine and increased its efficiency. Trevithick visited the Newcastle area later in 1804 and the colliery railways in north-east England became the leading centre for experimentation and development of steam locomotives.","[""21 February 1804"", ""21 February 1804"", ""21 February 1804""]",12,corrupted,keyboard,any,3,3,True,hard,none,On what dwge did the first rsilwqy teup in the world occur?,43366654.0,"[{""edit_num"": 1, ""old"": ""trip"", ""new"": ""teup"", ""location"": ""any"", ""typo_type"": ""keyboard"", ""difficulty"": ""hard"", ""word_index"": 7, ""char_indices"": [1, 2], ""operation_count"": 2}, {""edit_num"": 2, ""old"": ""date"", ""new"": ""dwge"", ""location"": ""any"", ""typo_type"": ""keyboard"", ""difficulty"": ""hard"", ""word_index"": 2, ""char_indices"": [1, 2], ""operation_count"": 2}, {""edit_num"": 3, ""old"": ""railway"", ""new"": ""rsilwqy"", ""location"": ""any"", ""typo_type"": ""keyboard"", ""difficulty"": ""hard"", ""word_index"": 6, ""char_indices"": [1, 5], ""operation_count"": 2}]",0.0,6,21 February 1804,1.0,1.0,1.0,,1.4387312029994064,,19,13,6,1.0,0.0,-21.715982,6.763414
Qwen/Qwen3-4B,,hf,squad,571bb2269499d21900609caa,idf,What element makes up almost half of the earth's crust by mass?,"Oxygen is a chemical element with symbol O and atomic number 8. It is a member of the chalcogen group on the periodic table and is a highly reactive nonmetal and oxidizing agent that readily forms compounds (notably oxides) with most elements. By mass, oxygen is the third-most abundant element in the universe, after hydrogen and helium. At standard temperature and pressure, two atoms of the element bind to form dioxygen, a colorless and odorless diatomic gas with the formula O
2. Diatomic oxygen gas constitutes 20.8% of the Earth's atmosphere. However, monitoring of atmospheric oxygen levels show a global downward trend, because of fossil-fuel burning. Oxygen is the most abundant element by mass in the Earth's crust as part of oxide compounds such as silicon dioxide, making up almost half of the crust's mass.","[""Oxygen"", ""Oxygen"", ""Oxygen"", ""Oxygen"", ""Oxygen""]",13,clean,none,none,0,0,True,none,none,What element makes up almost half of the earth's crust by mass?,,[],,0,Oxygen,1.0,1.0,1.0,,0.9709877979994416,,14,14,0,1.0,0.0,11.130431,-35.3883
Qwen/Qwen3-4B,,hf,squad,571bb2269499d21900609caa,idf,What element makes up almost half of the earth's crust by mass?,"Oxygen is a chemical element with symbol O and atomic number 8. It is a member of the chalcogen group on the periodic table and is a highly reactive nonmetal and oxidizing agent that readily forms compounds (notably oxides) with most elements. By mass, oxygen is the third-most abundant element in the universe, after hydrogen and helium. At standard temperature and pressure, two atoms of the element bind to form dioxygen, a colorless and odorless diatomic gas with the formula O
2. Diatomic oxygen gas constitutes 20.8% of the Earth's atmosphere. However, monitoring of atmospheric oxygen levels show a global downward trend, because of fossil-fuel burning. Oxygen is the most abundant element by mass in the Earth's crust as part of oxide compounds such as silicon dioxide, making up almost half of the crust's mass.","[""Oxygen"", ""Oxygen"", ""Oxygen"", ""Oxygen"", ""Oxygen""]",13,corrupted,keyboard,any,1,1,True,hard,none,What element makes up almost half of the esrgh's crust by mass?,43436703.0,"[{""edit_num"": 1, ""old"": ""earth"", ""new"": ""esrgh"", ""location"": ""any"", ""typo_type"": ""keyboard"", ""difficulty"": ""hard"", ""word_index"": 8, ""char_indices"": [1, 3], ""operation_count"": 2}]",0.0,2,Oxygen,1.0,1.0,1.0,,0.9638973640003314,,16,14,2,1.0,0.0,-4.754468,-24.749607
Qwen/Qwen3-4B,,hf,squad,571bb2269499d21900609caa,idf,What element makes up almost half of the earth's crust by mass?,"Oxygen is a chemical element with symbol O and atomic number 8. It is a member of the chalcogen group on the periodic table and is a highly reactive nonmetal and oxidizing agent that readily forms compounds (notably oxides) with most elements. By mass, oxygen is the third-most abundant element in the universe, after hydrogen and helium. At standard temperature and pressure, two atoms of the element bind to form dioxygen, a colorless and odorless diatomic gas with the formula O
2. Diatomic oxygen gas constitutes 20.8% of the Earth's atmosphere. However, monitoring of atmospheric oxygen levels show a global downward trend, because of fossil-fuel burning. Oxygen is the most abundant element by mass in the Earth's crust as part of oxide compounds such as silicon dioxide, making up almost half of the crust's mass.","[""Oxygen"", ""Oxygen"", ""Oxygen"", ""Oxygen"", ""Oxygen""]",13,corrupted,keyboard,any,2,2,True,hard,none,What element makes up almpsf half of the esrgh's crust by mass?,43436703.0,"[{""edit_num"": 1, ""old"": ""earth"", ""new"": ""esrgh"", ""location"": ""any"", ""typo_type"": ""keyboard"", ""difficulty"": ""hard"", ""word_index"": 8, ""char_indices"": [1, 3], ""operation_count"": 2}, {""edit_num"": 2, ""old"": ""almost"", ""new"": ""almpsf"", ""location"": ""any"", ""typo_type"": ""keyboard"", ""difficulty"": ""hard"", ""word_index"": 4, ""char_indices"": [3, 5], ""operation_count"": 2}]",0.0,4,Oxygen,1.0,1.0,1.0,,0.9755898599996726,,18,14,4,1.0,0.0,-26.917627,-8.852919
Qwen/Qwen3-4B,,hf,squad,571bb2269499d21900609caa,idf,What element makes up almost half of the earth's crust by mass?,"Oxygen is a chemical element with symbol O and atomic number 8. It is a member of the chalcogen group on the periodic table and is a highly reactive nonmetal and oxidizing agent that readily forms compounds (notably oxides) with most elements. By mass, oxygen is the third-most abundant element in the universe, after hydrogen and helium. At standard temperature and pressure, two atoms of the element bind to form dioxygen, a colorless and odorless diatomic gas with the formula O
2. Diatomic oxygen gas constitutes 20.8% of the Earth's atmosphere. However, monitoring of atmospheric oxygen levels show a global downward trend, because of fossil-fuel burning. Oxygen is the most abundant element by mass in the Earth's crust as part of oxide compounds such as silicon dioxide, making up almost half of the crust's mass.","[""Oxygen"", ""Oxygen"", ""Oxygen"", ""Oxygen"", ""Oxygen""]",13,corrupted,keyboard,any,3,3,True,hard,none,What element makes up almpsf uzlf of the esrgh's crust by mass?,43436703.0,"[{""edit_num"": 1, ""old"": ""earth"", ""new"": ""esrgh"", ""location"": ""any"", ""typo_type"": ""keyboard"", ""difficulty"": ""hard"", ""word_index"": 8, ""char_indices"": [1, 3], ""operation_count"": 2}, {""edit_num"": 2, ""old"": ""almost"", ""new"": ""almpsf"", ""location"": ""any"", ""typo_type"": ""keyboard"", ""difficulty"": ""hard"", ""word_index"": 4, ""char_indices"": [3, 5], ""operation_count"": 2}, {""edit_num"": 3, ""old"": ""half"", ""new"": ""uzlf"", ""location"": ""any"", ""typo_type"": ""keyboard"", ""difficulty"": ""hard"", ""word_index"": 5, ""char_indices"": [0, 1], ""operation_count"": 2}]",0.0,6,Oxygen,1.0,1.0,1.0,,0.9718020139998772,,19,14,5,1.0,0.0,-31.602205,-6.174892
Qwen/Qwen3-4B,,hf,squad,571cde695efbb31900334e18,idf,Which organic compounds contain the greatest amount of oxygen by mass?,"The element is found in almost all biomolecules that are important to (or generated by) life. Only a few common complex biomolecules, such as squalene and the carotenes, contain no oxygen. Of the organic compounds with biological relevance, carbohydrates contain the largest proportion by mass of oxygen. All fats, fatty acids, amino acids, and proteins contain oxygen (due to the presence of carbonyl groups in these acids and their ester residues). Oxygen also occurs in phosphate (PO3−
4) groups in the biologically important energy-carrying molecules ATP and ADP, in the backbone and the purines (except adenine) and pyrimidines of RNA and DNA, and in bones as calcium phosphate and hydroxylapatite.","[""carbohydrates"", ""carbohydrates"", ""carbohydrates"", ""carbohydrates"", ""carbohydrates""]",11,clean,none,none,0,0,True,none,none,Which organic compounds contain the greatest amount of oxygen by mass?,,[],,0,Carbohydrates.,1.0,1.0,1.0,,1.0920236010006192,,12,12,0,1.0,0.0,0.88927835,-40.469296
Qwen/Qwen3-4B,,hf,squad,571cde695efbb31900334e18,idf,Which organic compounds contain the greatest amount of oxygen by mass?,"The element is found in almost all biomolecules that are important to (or generated by) life. Only a few common complex biomolecules, such as squalene and the carotenes, contain no oxygen. Of the organic compounds with biological relevance, carbohydrates contain the largest proportion by mass of oxygen. All fats, fatty acids, amino acids, and proteins contain oxygen (due to the presence of carbonyl groups in these acids and their ester residues). Oxygen also occurs in phosphate (PO3−
4) groups in the biologically important energy-carrying molecules ATP and ADP, in the backbone and the purines (except adenine) and pyrimidines of RNA and DNA, and in bones as calcium phosphate and hydroxylapatite.","[""carbohydrates"", ""carbohydrates"", ""carbohydrates"", ""carbohydrates"", ""carbohydrates""]",11,corrupted,keyboard,any,1,1,True,hard,none,Which organic compounds contain the greatest amount of oshgen by mass?,42826276.0,"[{""edit_num"": 1, ""old"": ""oxygen"", ""new"": ""oshgen"", ""location"": ""any"", ""typo_type"": ""keyboard"", ""difficulty"": ""hard"", ""word_index"": 8, ""char_indices"": [1, 2], ""operation_count"": 2}]",0.0,2,Carbohydrates.,1.0,1.0,1.0,,1.1025910240005032,,14,12,2,1.0,0.0,-13.009526,-28.594751
Qwen/Qwen3-4B,,hf,squad,571cde695efbb31900334e18,idf,Which organic compounds contain the greatest amount of oxygen by mass?,"The element is found in almost all biomolecules that are important to (or generated by) life. Only a few common complex biomolecules, such as squalene and the carotenes, contain no oxygen. Of the organic compounds with biological relevance, carbohydrates contain the largest proportion by mass of oxygen. All fats, fatty acids, amino acids, and proteins contain oxygen (due to the presence of carbonyl groups in these acids and their ester residues). Oxygen also occurs in phosphate (PO3−
4) groups in the biologically important energy-carrying molecules ATP and ADP, in the backbone and the purines (except adenine) and pyrimidines of RNA and DNA, and in bones as calcium phosphate and hydroxylapatite.","[""carbohydrates"", ""carbohydrates"", ""carbohydrates"", ""carbohydrates"", ""carbohydrates""]",11,corrupted,keyboard,any,2,2,True,hard,none,Which organic compounds congaon the greatest amount of oshgen by mass?,42826276.0,"[{""edit_num"": 1, ""old"": ""oxygen"", ""new"": ""oshgen"", ""location"": ""any"", ""typo_type"": ""keyboard"", ""difficulty"": ""hard"", ""word_index"": 8, ""char_indices"": [1, 2], ""operation_count"": 2}, {""edit_num"": 2, ""old"": ""contain"", ""new"": ""congaon"", ""location"": ""any"", ""typo_type"": ""keyboard"", ""difficulty"": ""hard"", ""word_index"": 3, ""char_indices"": [3, 5], ""operation_count"": 2}]",0.0,4,Carbohydrates.,1.0,1.0,1.0,,1.1434005920000343,,16,12,4,1.0,0.0,-24.314787,-18.109537
Qwen/Qwen3-4B,,hf,squad,571cde695efbb31900334e18,idf,Which organic compounds contain the greatest amount of oxygen by mass?,"The element is found in almost all biomolecules that are important to (or generated by) life. Only a few common complex biomolecules, such as squalene and the carotenes, contain no oxygen. Of the organic compounds with biological relevance, carbohydrates contain the largest proportion by mass of oxygen. All fats, fatty acids, amino acids, and proteins contain oxygen (due to the presence of carbonyl groups in these acids and their ester residues). Oxygen also occurs in phosphate (PO3−
4) groups in the biologically important energy-carrying molecules ATP and ADP, in the backbone and the purines (except adenine) and pyrimidines of RNA and DNA, and in bones as calcium phosphate and hydroxylapatite.","[""carbohydrates"", ""carbohydrates"", ""carbohydrates"", ""carbohydrates"", ""carbohydrates""]",11,corrupted,keyboard,any,3,3,True,hard,none,Which orbanoc compounds congaon the greatest amount of oshgen by mass?,42826276.0,"[{""edit_num"": 1, ""old"": ""oxygen"", ""new"": ""oshgen"", ""location"": ""any"", ""typo_type"": ""keyboard"", ""difficulty"": ""hard"", ""word_index"": 8, ""char_indices"": [1, 2], ""operation_count"": 2}, {""edit_num"": 2, ""old"": ""contain"", ""new"": ""congaon"", ""location"": ""any"", ""typo_type"": ""keyboard"", ""difficulty"": ""hard"", ""word_index"": 3, ""char_indices"": [3, 5], ""operation_count"": 2}, {""edit_num"": 3, ""old"": ""organic"", ""new"": ""orbanoc"", ""location"": ""any"", ""typo_type"": ""keyboard"", ""difficulty"": ""hard"", ""word_index"": 1, ""char_indices"": [2, 5], ""operation_count"": 2}]",0.0,6,Carbohydrates,1.0,1.0,1.0,,1.0095273019996966,,18,12,6,1.0,0.0,-33.040756,-12.087008
Qwen/Qwen3-4B,,hf,squad,5725be0fec44d21400f3d4a5,idf,Who originally led the Space Task Group?,"It became clear that managing the Apollo program would exceed the capabilities of Robert R. Gilruth's Space Task Group, which had been directing the nation's manned space program from NASA's Langley Research Center. So Gilruth was given authority to grow his organization into a new NASA center, the Manned Spacecraft Center (MSC). A site was chosen in Houston, Texas, on land donated by Rice University, and Administrator Webb announced the conversion on September 19, 1961. It was also clear NASA would soon outgrow its practice of controlling missions from its Cape Canaveral Air Force Station launch facilities in Florida, so a new Mission Control Center would be included in the MSC.","[""Robert R. Gilruth"", ""Robert R. Gilruth's"", ""Robert R. Gilruth's"", ""Robert R. Gilruth"", ""Robert R. Gilruth""]",7,clean,none,none,0,0,True,none,none,Who originally led the Space Task Group?,,[],,0,Robert R. Gilruth,1.0,1.0,1.0,,1.3759419140005775,,8,8,0,1.0,0.0,44.806232,-1.191903
Qwen/Qwen3-4B,,hf,squad,5725be0fec44d21400f3d4a5,idf,Who originally led the Space Task Group?,"It became clear that managing the Apollo program would exceed the capabilities of Robert R. Gilruth's Space Task Group, which had been directing the nation's manned space program from NASA's Langley Research Center. So Gilruth was given authority to grow his organization into a new NASA center, the Manned Spacecraft Center (MSC). A site was chosen in Houston, Texas, on land donated by Rice University, and Administrator Webb announced the conversion on September 19, 1961. It was also clear NASA would soon outgrow its practice of controlling missions from its Cape Canaveral Air Force Station launch facilities in Florida, so a new Mission Control Center would be included in the MSC.","[""Robert R. Gilruth"", ""Robert R. Gilruth's"", ""Robert R. Gilruth's"", ""Robert R. Gilruth"", ""Robert R. Gilruth""]",7,corrupted,keyboard,any,1,1,True,hard,none,Who originally led the Space Task Grojo?,42776241.0,"[{""edit_num"": 1, ""old"": ""Group"", ""new"": ""Grojo"", ""location"": ""any"", ""typo_type"": ""keyboard"", ""difficulty"": ""hard"", ""word_index"": 6, ""char_indices"": [3, 4], ""operation_count"": 2}]",0.0,2,Robert R. Gilruth,1.0,1.0,1.0,,1.170950632000313,,9,8,1,1.0,0.0,27.814919,5.1582117
Qwen/Qwen3-4B,,hf,squad,5725be0fec44d21400f3d4a5,idf,Who originally led the Space Task Group?,"It became clear that managing the Apollo program would exceed the capabilities of Robert R. Gilruth's Space Task Group, which had been directing the nation's manned space program from NASA's Langley Research Center. So Gilruth was given authority to grow his organization into a new NASA center, the Manned Spacecraft Center (MSC). A site was chosen in Houston, Texas, on land donated by Rice University, and Administrator Webb announced the conversion on September 19, 1961. It was also clear NASA would soon outgrow its practice of controlling missions from its Cape Canaveral Air Force Station launch facilities in Florida, so a new Mission Control Center would be included in the MSC.","[""Robert R. Gilruth"", ""Robert R. Gilruth's"", ""Robert R. Gilruth's"", ""Robert R. Gilruth"", ""Robert R. Gilruth""]",7,corrupted,keyboard,any,2,2,True,hard,none,Who origihallh led the Space Task Grojo?,42776241.0,"[{""edit_num"": 1, ""old"": ""Group"", ""new"": ""Grojo"", ""location"": ""any"", ""typo_type"": ""keyboard"", ""difficulty"": ""hard"", ""word_index"": 6, ""char_indices"": [3, 4], ""operation_count"": 2}, {""edit_num"": 2, ""old"": ""originally"", ""new"": ""origihallh"", ""location"": ""any"", ""typo_type"": ""keyboard"", ""difficulty"": ""hard"", ""word_index"": 1, ""char_indices"": [5, 9], ""operation_count"": 2}]",0.0,4,Robert R. Gilruth,1.0,1.0,1.0,,1.1605138659997465,,12,8,4,1.0,0.0,-11.247181,19.234987
Qwen/Qwen3-4B,,hf,squad,5725be0fec44d21400f3d4a5,idf,Who originally led the Space Task Group?,"It became clear that managing the Apollo program would exceed the capabilities of Robert R. Gilruth's Space Task Group, which had been directing the nation's manned space program from NASA's Langley Research Center. So Gilruth was given authority to grow his organization into a new NASA center, the Manned Spacecraft Center (MSC). A site was chosen in Houston, Texas, on land donated by Rice University, and Administrator Webb announced the conversion on September 19, 1961. It was also clear NASA would soon outgrow its practice of controlling missions from its Cape Canaveral Air Force Station launch facilities in Florida, so a new Mission Control Center would be included in the MSC.","[""Robert R. Gilruth"", ""Robert R. Gilruth's"", ""Robert R. Gilruth's"", ""Robert R. Gilruth"", ""Robert R. Gilruth""]",7,corrupted,keyboard,any,3,3,True,hard,none,Who origihallh led the Space Rawk Grojo?,42776241.0,"[{""edit_num"": 1, ""old"": ""Group"", ""new"": ""Grojo"", ""location"": ""any"", ""typo_type"": ""keyboard"", ""difficulty"": ""hard"", ""word_index"": 6, ""char_indices"": [3, 4], ""operation_count"": 2}, {""edit_num"": 2, ""old"": ""originally"", ""new"": ""origihallh"", ""location"": ""any"", ""typo_type"": ""keyboard"", ""difficulty"": ""hard"", ""word_index"": 1, ""char_indices"": [5, 9], ""operation_count"": 2}, {""edit_num"": 3, ""old"": ""Task"", ""new"": ""Rawk"", ""location"": ""any"", ""typo_type"": ""keyboard"", ""difficulty"": ""hard"", ""word_index"": 5, ""char_indices"": [0, 2], ""operation_count"": 2}]",0.0,6,Robert R. Gilruth,1.0,1.0,1.0,,1.1643975050001245,,13,8,5,1.0,0.0,-16.299622,22.219662
Qwen/Qwen3-4B,,hf,squad,5725d662ec44d21400f3d687,idf,How many large public parks does Fresno have?,"Fresno has three large public parks, two in the city limits and one in county land to the southwest. Woodward Park, which features the Shinzen Japanese Gardens, numerous picnic areas and several miles of trails, is in North Fresno and is adjacent to the San Joaquin River Parkway. Roeding Park, near Downtown Fresno, is home to the Fresno Chaffee Zoo, and Rotary Storyland and Playland. Kearney Park is the largest of the Fresno region's park system and is home to historic Kearney Mansion and plays host to the annual Civil War Revisited, the largest reenactment of the Civil War in the west coast of the U.S.","[""three"", ""three"", ""three""]",8,clean,none,none,0,0,True,none,none,How many large public parks does Fresno have?,,[],,0,3,0.0,0.0,0.0,,0.9039129000002504,,9,9,0,0.0,0.0,35.827904,-11.253128
Qwen/Qwen3-4B,,hf,squad,5725d662ec44d21400f3d687,idf,How many large public parks does Fresno have?,"Fresno has three large public parks, two in the city limits and one in county land to the southwest. Woodward Park, which features the Shinzen Japanese Gardens, numerous picnic areas and several miles of trails, is in North Fresno and is adjacent to the San Joaquin River Parkway. Roeding Park, near Downtown Fresno, is home to the Fresno Chaffee Zoo, and Rotary Storyland and Playland. Kearney Park is the largest of the Fresno region's park system and is home to historic Kearney Mansion and plays host to the annual Civil War Revisited, the largest reenactment of the Civil War in the west coast of the U.S.","[""three"", ""three"", ""three""]",8,corrupted,keyboard,any,1,1,True,hard,none,How many large public pstks does Fresno have?,43516759.0,"[{""edit_num"": 1, ""old"": ""parks"", ""new"": ""pstks"", ""location"": ""any"", ""typo_type"": ""keyboard"", ""difficulty"": ""hard"", ""word_index"": 4, ""char_indices"": [1, 2], ""operation_count"": 2}]",0.0,2,3,0.0,0.0,0.0,,0.8730736580000666,,10,9,1,0.0,0.0,19.87372,-4.942256
Qwen/Qwen3-4B,,hf,squad,5725d662ec44d21400f3d687,idf,How many large public parks does Fresno have?,"Fresno has three large public parks, two in the city limits and one in county land to the southwest. Woodward Park, which features the Shinzen Japanese Gardens, numerous picnic areas and several miles of trails, is in North Fresno and is adjacent to the San Joaquin River Parkway. Roeding Park, near Downtown Fresno, is home to the Fresno Chaffee Zoo, and Rotary Storyland and Playland. Kearney Park is the largest of the Fresno region's park system and is home to historic Kearney Mansion and plays host to the annual Civil War Revisited, the largest reenactment of the Civil War in the west coast of the U.S.","[""three"", ""three"", ""three""]",8,corrupted,keyboard,any,2,2,True,hard,none,How many large public pstks cors Fresno have?,43516759.0,"[{""edit_num"": 1, ""old"": ""parks"", ""new"": ""pstks"", ""location"": ""any"", ""typo_type"": ""keyboard"", ""difficulty"": ""hard"", ""word_index"": 4, ""char_indices"": [1, 2], ""operation_count"": 2}, {""edit_num"": 2, ""old"": ""does"", ""new"": ""cors"", ""location"": ""any"", ""typo_type"": ""keyboard"", ""difficulty"": ""hard"", ""word_index"": 5, ""char_indices"": [0, 2], ""operation_count"": 2}]",0.0,4,3,0.0,0.0,0.0,,0.8803469029999178,,10,9,1,0.0,0.0,6.899595,-1.3619548
Qwen/Qwen3-4B,,hf,squad,5725d662ec44d21400f3d687,idf,How many large public parks does Fresno have?,"Fresno has three large public parks, two in the city limits and one in county land to the southwest. Woodward Park, which features the Shinzen Japanese Gardens, numerous picnic areas and several miles of trails, is in North Fresno and is adjacent to the San Joaquin River Parkway. Roeding Park, near Downtown Fresno, is home to the Fresno Chaffee Zoo, and Rotary Storyland and Playland. Kearney Park is the largest of the Fresno region's park system and is home to historic Kearney Mansion and plays host to the annual Civil War Revisited, the largest reenactment of the Civil War in the west coast of the U.S.","[""three"", ""three"", ""three""]",8,corrupted,keyboard,any,3,3,True,hard,none,How many large public pstks cors Frssnk have?,43516759.0,"[{""edit_num"": 1, ""old"": ""parks"", ""new"": ""pstks"", ""location"": ""any"", ""typo_type"": ""keyboard"", ""difficulty"": ""hard"", ""word_index"": 4, ""char_indices"": [1, 2], ""operation_count"": 2}, {""edit_num"": 2, ""old"": ""does"", ""new"": ""cors"", ""location"": ""any"", ""typo_type"": ""keyboard"", ""difficulty"": ""hard"", ""word_index"": 5, ""char_indices"": [0, 2], ""operation_count"": 2}, {""edit_num"": 3, ""old"": ""Fresno"", ""new"": ""Frssnk"", ""location"": ""any"", ""typo_type"": ""keyboard"", ""difficulty"": ""hard"", ""word_index"": 6, ""char_indices"": [2, 5], ""operation_count"": 2}]",0.0,6,3,0.0,0.0,0.0,,0.8890415790001498,,12,9,3,0.0,0.0,-6.140608,3.4907365
Qwen/Qwen3-4B,,hf,squad,5725e748ec44d21400f3d733,idf,What type of homes is Fresno known for?,"The area is also known for its early twentieth century homes, many of which have been restored in recent decades. The area includes many California Bungalow and American Craftsman style homes, Spanish Colonial Revival Style architecture, Mediterranean Revival Style architecture, Mission Revival Style architecture, and many Storybook houses designed by Fresno architects, Hilliard, Taylor & Wheeler. The residential architecture of the Tower District contrasts with the newer areas of tract homes urban sprawl in north and east areas of Fresno.","[""early twentieth century homes"", ""early twentieth century homes"", ""early twentieth century""]",8,clean,none,none,0,0,True,none,none,What type of homes is Fresno known for?,,[],,0,"California Bungalow and American Craftsman style homes, Spanish Colonial Revival Style architecture, Mediterranean Revival Style architecture, Mission Revival Style architecture, and Storybook houses.",0.0,0.074074074074074,0.0,,2.5449601569998777,,9,9,0,0.074074074074074,0.0,36.031208,-16.721014
Qwen/Qwen3-4B,,hf,squad,5725e748ec44d21400f3d733,idf,What type of homes is Fresno known for?,"The area is also known for its early twentieth century homes, many of which have been restored in recent decades. The area includes many California Bungalow and American Craftsman style homes, Spanish Colonial Revival Style architecture, Mediterranean Revival Style architecture, Mission Revival Style architecture, and many Storybook houses designed by Fresno architects, Hilliard, Taylor & Wheeler. The residential architecture of the Tower District contrasts with the newer areas of tract homes urban sprawl in north and east areas of Fresno.","[""early twentieth century homes"", ""early twentieth century homes"", ""early twentieth century""]",8,corrupted,keyboard,any,1,1,True,hard,none,Shst type of homes is Fresno known for?,42806262.0,"[{""edit_num"": 1, ""old"": ""What"", ""new"": ""Shst"", ""location"": ""any"", ""typo_type"": ""keyboard"", ""difficulty"": ""hard"", ""word_index"": 0, ""char_indices"": [0, 2], ""operation_count"": 2}]",0.0,2,California Bungalow and American Craftsman style homes.,0.0,0.1818181818181818,0.0,,1.2032249109997792,,10,9,1,0.074074074074074,-0.1077441077441078,0.50403285,0.8352305
Qwen/Qwen3-4B,,hf,squad,5725e748ec44d21400f3d733,idf,What type of homes is Fresno known for?,"The area is also known for its early twentieth century homes, many of which have been restored in recent decades. The area includes many California Bungalow and American Craftsman style homes, Spanish Colonial Revival Style architecture, Mediterranean Revival Style architecture, Mission Revival Style architecture, and many Storybook houses designed by Fresno architects, Hilliard, Taylor & Wheeler. The residential architecture of the Tower District contrasts with the newer areas of tract homes urban sprawl in north and east areas of Fresno.","[""early twentieth century homes"", ""early twentieth century homes"", ""early twentieth century""]",8,corrupted,keyboard,any,2,2,True,hard,none,Shst type of hkjes is Fresno known for?,42806262.0,"[{""edit_num"": 1, ""old"": ""What"", ""new"": ""Shst"", ""location"": ""any"", ""typo_type"": ""keyboard"", ""difficulty"": ""hard"", ""word_index"": 0, ""char_indices"": [0, 2], ""operation_count"": 2}, {""edit_num"": 2, ""old"": ""homes"", ""new"": ""hkjes"", ""location"": ""any"", ""typo_type"": ""keyboard"", ""difficulty"": ""hard"", ""word_index"": 3, ""char_indices"": [1, 2], ""operation_count"": 2}]",0.0,4,California Bungalow and American Craftsman style homes,0.0,0.1818181818181818,0.0,,1.283451919000072,,11,9,2,0.074074074074074,-0.1077441077441078,-20.682512,7.0558686
Qwen/Qwen3-4B,,hf,squad,5725e748ec44d21400f3d733,idf,What type of homes is Fresno known for?,"The area is also known for its early twentieth century homes, many of which have been restored in recent decades. The area includes many California Bungalow and American Craftsman style homes, Spanish Colonial Revival Style architecture, Mediterranean Revival Style architecture, Mission Revival Style architecture, and many Storybook houses designed by Fresno architects, Hilliard, Taylor & Wheeler. The residential architecture of the Tower District contrasts with the newer areas of tract homes urban sprawl in north and east areas of Fresno.","[""early twentieth century homes"", ""early twentieth century homes"", ""early twentieth century""]",8,corrupted,keyboard,any,3,3,True,hard,none,Shst type of hkjes is Feesjo known for?,42806262.0,"[{""edit_num"": 1, ""old"": ""What"", ""new"": ""Shst"", ""location"": ""any"", ""typo_type"": ""keyboard"", ""difficulty"": ""hard"", ""word_index"": 0, ""char_indices"": [0, 2], ""operation_count"": 2}, {""edit_num"": 2, ""old"": ""homes"", ""new"": ""hkjes"", ""location"": ""any"", ""typo_type"": ""keyboard"", ""difficulty"": ""hard"", ""word_index"": 3, ""char_indices"": [1, 2], ""operation_count"": 2}, {""edit_num"": 3, ""old"": ""Fresno"", ""new"": ""Feesjo"", ""location"": ""any"", ""typo_type"": ""keyboard"", ""difficulty"": ""hard"", ""word_index"": 5, ""char_indices"": [1, 4], ""operation_count"": 2}]",0.0,6,California Bungalow,0.0,0.0,0.0,,0.863947799000016,,12,9,3,0.074074074074074,0.074074074074074,-23.125914,10.716202
Qwen/Qwen3-4B,,hf,squad,5726400589a1e219009ac5f2,idf,How many different species of ctenohore are there?,"Almost all ctenophores are predators, taking prey ranging from microscopic larvae and rotifers to the adults of small crustaceans; the exceptions are juveniles of two species, which live as parasites on the salps on which adults of their species feed. In favorable circumstances, ctenophores can eat ten times their own weight in a day. Only 100–150 species have been validated, and possibly another 25 have not been fully described and named. The textbook examples are cydippids with egg-shaped bodies and a pair of retractable tentacles fringed with tentilla (""little tentacles"") that are covered with colloblasts, sticky cells that capture prey. The phylum has a wide range of body forms, including the flattened, deep-sea platyctenids, in which the adults of most species lack combs, and the coastal beroids, which lack tentacles and prey on other ctenophores by using huge mouths armed with groups of large, stiffened cilia that act as teeth. These variations enable different species to build huge populations in the same area, because they specialize in different types of prey, which they capture by as wide a range of methods as spiders use.","[""100–150 species"", ""100–150"", ""100–150 species have been validated""]",8,clean,none,none,0,0,True,none,none,How many different species of ctenohore are there?,,[],,0,100–150 species.,1.0,1.0,1.0,,1.7532553009996263,,12,12,0,1.0,0.0,-2.760526,-20.862896
Qwen/Qwen3-4B,,hf,squad,5726400589a1e219009ac5f2,idf,How many different species of ctenohore are there?,"Almost all ctenophores are predators, taking prey ranging from microscopic larvae and rotifers to the adults of small crustaceans; the exceptions are juveniles of two species, which live as parasites on the salps on which adults of their species feed. In favorable circumstances, ctenophores can eat ten times their own weight in a day. Only 100–150 species have been validated, and possibly another 25 have not been fully described and named. The textbook examples are cydippids with egg-shaped bodies and a pair of retractable tentacles fringed with tentilla (""little tentacles"") that are covered with colloblasts, sticky cells that capture prey. The phylum has a wide range of body forms, including the flattened, deep-sea platyctenids, in which the adults of most species lack combs, and the coastal beroids, which lack tentacles and prey on other ctenophores by using huge mouths armed with groups of large, stiffened cilia that act as teeth. These variations enable different species to build huge populations in the same area, because they specialize in different types of prey, which they capture by as wide a range of methods as spiders use.","[""100–150 species"", ""100–150"", ""100–150 species have been validated""]",8,corrupted,keyboard,any,1,1,True,hard,none,How kzny different species of ctenohore are there?,43856997.0,"[{""edit_num"": 1, ""old"": ""many"", ""new"": ""kzny"", ""location"": ""any"", ""typo_type"": ""keyboard"", ""difficulty"": ""hard"", ""word_index"": 1, ""char_indices"": [0, 1], ""operation_count"": 2}]",0.0,2,100–150,1.0,1.0,1.0,,1.6499544819998846,,13,12,1,1.0,0.0,-30.96459,-3.8034427
Qwen/Qwen3-4B,,hf,squad,5726400589a1e219009ac5f2,idf,How many different species of ctenohore are there?,"Almost all ctenophores are predators, taking prey ranging from microscopic larvae and rotifers to the adults of small crustaceans; the exceptions are juveniles of two species, which live as parasites on the salps on which adults of their species feed. In favorable circumstances, ctenophores can eat ten times their own weight in a day. Only 100–150 species have been validated, and possibly another 25 have not been fully described and named. The textbook examples are cydippids with egg-shaped bodies and a pair of retractable tentacles fringed with tentilla (""little tentacles"") that are covered with colloblasts, sticky cells that capture prey. The phylum has a wide range of body forms, including the flattened, deep-sea platyctenids, in which the adults of most species lack combs, and the coastal beroids, which lack tentacles and prey on other ctenophores by using huge mouths armed with groups of large, stiffened cilia that act as teeth. These variations enable different species to build huge populations in the same area, because they specialize in different types of prey, which they capture by as wide a range of methods as spiders use.","[""100–150 species"", ""100–150"", ""100–150 species have been validated""]",8,corrupted,keyboard,any,2,2,True,hard,none,How kzny different species of ctwnohoee are there?,43856997.0,"[{""edit_num"": 1, ""old"": ""many"", ""new"": ""kzny"", ""location"": ""any"", ""typo_type"": ""keyboard"", ""difficulty"": ""hard"", ""word_index"": 1, ""char_indices"": [0, 1], ""operation_count"": 2}, {""edit_num"": 2, ""old"": ""ctenohore"", ""new"": ""ctwnohoee"", ""location"": ""any"", ""typo_type"": ""keyboard"", ""difficulty"": ""hard"", ""word_index"": 5, ""char_indices"": [2, 7], ""operation_count"": 2}]",0.0,4,100–150,1.0,1.0,1.0,,1.6474052520006808,,13,12,1,1.0,0.0,-33.41175,-4.329832
Qwen/Qwen3-4B,,hf,squad,5726400589a1e219009ac5f2,idf,How many different species of ctenohore are there?,"Almost all ctenophores are predators, taking prey ranging from microscopic larvae and rotifers to the adults of small crustaceans; the exceptions are juveniles of two species, which live as parasites on the salps on which adults of their species feed. In favorable circumstances, ctenophores can eat ten times their own weight in a day. Only 100–150 species have been validated, and possibly another 25 have not been fully described and named. The textbook examples are cydippids with egg-shaped bodies and a pair of retractable tentacles fringed with tentilla (""little tentacles"") that are covered with colloblasts, sticky cells that capture prey. The phylum has a wide range of body forms, including the flattened, deep-sea platyctenids, in which the adults of most species lack combs, and the coastal beroids, which lack tentacles and prey on other ctenophores by using huge mouths armed with groups of large, stiffened cilia that act as teeth. These variations enable different species to build huge populations in the same area, because they specialize in different types of prey, which they capture by as wide a range of methods as spiders use.","[""100–150 species"", ""100–150"", ""100–150 species have been validated""]",8,corrupted,keyboard,any,3,3,True,hard,none,How kzny ciffdrent species of ctwnohoee are there?,43856997.0,"[{""edit_num"": 1, ""old"": ""many"", ""new"": ""kzny"", ""location"": ""any"", ""typo_type"": ""keyboard"", ""difficulty"": ""hard"", ""word_index"": 1, ""char_indices"": [0, 1], ""operation_count"": 2}, {""edit_num"": 2, ""old"": ""ctenohore"", ""new"": ""ctwnohoee"", ""location"": ""any"", ""typo_type"": ""keyboard"", ""difficulty"": ""hard"", ""word_index"": 5, ""char_indices"": [2, 7], ""operation_count"": 2}, {""edit_num"": 3, ""old"": ""different"", ""new"": ""ciffdrent"", ""location"": ""any"", ""typo_type"": ""keyboard"", ""difficulty"": ""hard"", ""word_index"": 2, ""char_indices"": [0, 4], ""operation_count"": 2}]",0.0,6,100–150,1.0,1.0,1.0,,1.6509396940000445,,16,12,4,1.0,0.0,-46.660355,3.2835083
Qwen/Qwen3-4B,,hf,squad,5726d9935951b619008f7ff1,idf,What types of preparation do pharmacists have?,"Pharmacists are healthcare professionals with specialised education and training who perform various roles to ensure optimal health outcomes for their patients through the quality use of medicines. Pharmacists may also be small-business proprietors, owning the pharmacy in which they practice. Since pharmacists know about the mode of action of a particular drug, and its metabolism and physiological effects on the human body in great detail, they play an important role in optimisation of a drug treatment for an individual.","[""specialised education and training"", ""specialised education and training"", ""specialised education and training""]",7,clean,none,none,0,0,True,none,none,What types of preparation do pharmacists have?,,[],,0,specialised education and training,1.0,1.0,1.0,,0.9186208340006488,,9,9,0,1.0,0.0,9.562417,-38.30824
Qwen/Qwen3-4B,,hf,squad,5726d9935951b619008f7ff1,idf,What types of preparation do pharmacists have?,"Pharmacists are healthcare professionals with specialised education and training who perform various roles to ensure optimal health outcomes for their patients through the quality use of medicines. Pharmacists may also be small-business proprietors, owning the pharmacy in which they practice. Since pharmacists know about the mode of action of a particular drug, and its metabolism and physiological effects on the human body in great detail, they play an important role in optimisation of a drug treatment for an individual.","[""specialised education and training"", ""specialised education and training"", ""specialised education and training""]",7,corrupted,keyboard,any,1,1,True,hard,none,What types of preparation do phatkacists have?,43997095.0,"[{""edit_num"": 1, ""old"": ""pharmacists"", ""new"": ""phatkacists"", ""location"": ""any"", ""typo_type"": ""keyboard"", ""difficulty"": ""hard"", ""word_index"": 5, ""char_indices"": [3, 4], ""operation_count"": 2}]",0.0,2,specialised education and training,1.0,1.0,1.0,,0.910750043999542,,10,9,1,1.0,0.0,-3.923536,-28.166672
Qwen/Qwen3-4B,,hf,squad,5726d9935951b619008f7ff1,idf,What types of preparation do pharmacists have?,"Pharmacists are healthcare professionals with specialised education and training who perform various roles to ensure optimal health outcomes for their patients through the quality use of medicines. Pharmacists may also be small-business proprietors, owning the pharmacy in which they practice. Since pharmacists know about the mode of action of a particular drug, and its metabolism and physiological effects on the human body in great detail, they play an important role in optimisation of a drug treatment for an individual.","[""specialised education and training"", ""specialised education and training"", ""specialised education and training""]",7,corrupted,keyboard,any,2,2,True,hard,none,Wjay types of preparation do phatkacists have?,43997095.0,"[{""edit_num"": 1, ""old"": ""pharmacists"", ""new"": ""phatkacists"", ""location"": ""any"", ""typo_type"": ""keyboard"", ""difficulty"": ""hard"", ""word_index"": 5, ""char_indices"": [3, 4], ""operation_count"": 2}, {""edit_num"": 2, ""old"": ""What"", ""new"": ""Wjay"", ""location"": ""any"", ""typo_type"": ""keyboard"", ""difficulty"": ""hard"", ""word_index"": 0, ""char_indices"": [1, 3], ""operation_count"": 2}]",0.0,4,None.,0.0,0.0,0.0,,0.7449390480005604,,11,9,2,1.0,1.0,-31.962156,-6.2850633
Qwen/Qwen3-4B,,hf,squad,5726d9935951b619008f7ff1,idf,What types of preparation do pharmacists have?,"Pharmacists are healthcare professionals with specialised education and training who perform various roles to ensure optimal health outcomes for their patients through the quality use of medicines. Pharmacists may also be small-business proprietors, owning the pharmacy in which they practice. Since pharmacists know about the mode of action of a particular drug, and its metabolism and physiological effects on the human body in great detail, they play an important role in optimisation of a drug treatment for an individual.","[""specialised education and training"", ""specialised education and training"", ""specialised education and training""]",7,corrupted,keyboard,any,3,3,True,hard,none,Wjay types of preparation do phatkacists uqve?,43997095.0,"[{""edit_num"": 1, ""old"": ""pharmacists"", ""new"": ""phatkacists"", ""location"": ""any"", ""typo_type"": ""keyboard"", ""difficulty"": ""hard"", ""word_index"": 5, ""char_indices"": [3, 4], ""operation_count"": 2}, {""edit_num"": 2, ""old"": ""What"", ""new"": ""Wjay"", ""location"": ""any"", ""typo_type"": ""keyboard"", ""difficulty"": ""hard"", ""word_index"": 0, ""char_indices"": [1, 3], ""operation_count"": 2}, {""edit_num"": 3, ""old"": ""have"", ""new"": ""uqve"", ""location"": ""any"", ""typo_type"": ""keyboard"", ""difficulty"": ""hard"", ""word_index"": 6, ""char_indices"": [0, 1], ""operation_count"": 2}]",0.0,6,medicines,0.0,0.0,0.0,,0.8704394510004931,,13,9,4,1.0,1.0,-43.11102,0.57511765
Qwen/Qwen3-4B,,hf,squad,5727e9523acd2414000def99,idf,How is income determined in a market with variously skilled workers?,"Neoclassical economics views inequalities in the distribution of income as arising from differences in value added by labor, capital and land. Within labor income distribution is due to differences in value added by different classifications of workers. In this perspective, wages and profits are determined by the marginal value added of each economic actor (worker, capitalist/business owner, landlord). Thus, in a market economy, inequality is a reflection of the productivity gap between highly-paid professions and lower-paid professions.","[""marginal value added of each economic actor"", ""differences in value"", ""marginal value added of each economic actor""]",11,clean,none,none,0,0,True,none,none,How is income determined in a market with variously skilled workers?,,[],,0,By the marginal value added of each economic actor.,0.0,0.9333333333333332,1.0,,1.3298926420002315,,13,13,0,0.9333333333333332,0.0,15.019616,-38.52136
Qwen/Qwen3-4B,,hf,squad,5727e9523acd2414000def99,idf,How is income determined in a market with variously skilled workers?,"Neoclassical economics views inequalities in the distribution of income as arising from differences in value added by labor, capital and land. Within labor income distribution is due to differences in value added by different classifications of workers. In this perspective, wages and profits are determined by the marginal value added of each economic actor (worker, capitalist/business owner, landlord). Thus, in a market economy, inequality is a reflection of the productivity gap between highly-paid professions and lower-paid professions.","[""marginal value added of each economic actor"", ""differences in value"", ""marginal value added of each economic actor""]",11,corrupted,keyboard,any,1,1,True,hard,none,How is income determined in a market with variously skilker workers?,43196535.0,"[{""edit_num"": 1, ""old"": ""skilled"", ""new"": ""skilker"", ""location"": ""any"", ""typo_type"": ""keyboard"", ""difficulty"": ""hard"", ""word_index"": 9, ""char_indices"": [4, 6], ""operation_count"": 2}]",0.0,2,By the marginal value added of each economic actor.,0.0,0.9333333333333332,1.0,,1.3498443689995838,,15,13,2,0.9333333333333332,0.0,3.488884,-27.346394
Qwen/Qwen3-4B,,hf,squad,5727e9523acd2414000def99,idf,How is income determined in a market with variously skilled workers?,"Neoclassical economics views inequalities in the distribution of income as arising from differences in value added by labor, capital and land. Within labor income distribution is due to differences in value added by different classifications of workers. In this perspective, wages and profits are determined by the marginal value added of each economic actor (worker, capitalist/business owner, landlord). Thus, in a market economy, inequality is a reflection of the productivity gap between highly-paid professions and lower-paid professions.","[""marginal value added of each economic actor"", ""differences in value"", ""marginal value added of each economic actor""]",11,corrupted,keyboard,any,2,2,True,hard,none,How is income degermoned in a market with variously skilker workers?,43196535.0,"[{""edit_num"": 1, ""old"": ""skilled"", ""new"": ""skilker"", ""location"": ""any"", ""typo_type"": ""keyboard"", ""difficulty"": ""hard"", ""word_index"": 9, ""char_indices"": [4, 6], ""operation_count"": 2}, {""edit_num"": 2, ""old"": ""determined"", ""new"": ""degermoned"", ""location"": ""any"", ""typo_type"": ""keyboard"", ""difficulty"": ""hard"", ""word_index"": 3, ""char_indices"": [2, 6], ""operation_count"": 2}]",0.0,4,by the marginal value added of each economic actor,0.0,0.9333333333333332,1.0,,1.1442135569996026,,18,13,5,0.9333333333333332,0.0,-16.408518,-14.215637
Qwen/Qwen3-4B,,hf,squad,5727e9523acd2414000def99,idf,How is income determined in a market with variously skilled workers?,"Neoclassical economics views inequalities in the distribution of income as arising from differences in value added by labor, capital and land. Within labor income distribution is due to differences in value added by different classifications of workers. In this perspective, wages and profits are determined by the marginal value added of each economic actor (worker, capitalist/business owner, landlord). Thus, in a market economy, inequality is a reflection of the productivity gap between highly-paid professions and lower-paid professions.","[""marginal value added of each economic actor"", ""differences in value"", ""marginal value added of each economic actor""]",11,corrupted,keyboard,any,3,3,True,hard,none,How is income degermoned in a market with variously skilker wodksrs?,43196535.0,"[{""edit_num"": 1, ""old"": ""skilled"", ""new"": ""skilker"", ""location"": ""any"", ""typo_type"": ""keyboard"", ""difficulty"": ""hard"", ""word_index"": 9, ""char_indices"": [4, 6], ""operation_count"": 2}, {""edit_num"": 2, ""old"": ""determined"", ""new"": ""degermoned"", ""location"": ""any"", ""typo_type"": ""keyboard"", ""difficulty"": ""hard"", ""word_index"": 3, ""char_indices"": [2, 6], ""operation_count"": 2}, {""edit_num"": 3, ""old"": ""workers"", ""new"": ""wodksrs"", ""location"": ""any"", ""typo_type"": ""keyboard"", ""difficulty"": ""hard"", ""word_index"": 10, ""char_indices"": [2, 4], ""operation_count"": 2}]",0.0,6,by the marginal value added of each economic actor,0.0,0.9333333333333332,1.0,,1.138626285999635,,21,13,8,0.9333333333333332,0.0,-24.23696,-9.128373
Qwen/Qwen3-4B,,hf,squad,5727f44c2ca10214002d9a33,idf,What creatures were the most popular monsters in the series?,"Doctor Who first appeared on BBC TV at 17:16:20 GMT, eighty seconds after the scheduled programme time, 5:15 pm, on Saturday, 23 November 1963. It was to be a regular weekly programme, each episode 25 minutes of transmission length. Discussions and plans for the programme had been in progress for a year. The head of drama, Canadian Sydney Newman, was mainly responsible for developing the programme, with the first format document for the series being written by Newman along with the head of the script department (later head of serials) Donald Wilson and staff writer C. E. Webber. Writer Anthony Coburn, story editor David Whitaker and initial producer Verity Lambert also heavily contributed to the development of the series.[note 1] The programme was originally intended to appeal to a family audience, as an educational programme using time travel as a means to explore scientific ideas and famous moments in history. On 31 July 1963 Whitaker commissioned Terry Nation to write a story under the title The Mutants. As originally written, the Daleks and Thals were the victims of an alien neutron bomb attack but Nation later dropped the aliens and made the Daleks the aggressors. When the script was presented to Newman and Wilson it was immediately rejected as the programme was not permitted to contain any ""bug-eyed monsters"". The first serial had been completed and the BBC believed it was crucial that the next one be a success, but The Mutants was the only script ready to go, so the show had little choice but to use it. According to producer Verity Lambert; ""We didn't have a lot of choice — we only had the Dalek serial to go ... We had a bit of a crisis of confidence because Donald [Wilson] was so adamant that we shouldn't make it. Had we had anything else ready we would have made that."" Nation's script became the second Doctor Who serial – The Daleks (a.k.a. The Mutants). The serial introduced the eponymous aliens that would become the series' most popular monsters, and was responsible for the BBC's first merchandising boom.","[""The Daleks (a.k.a. The Mutants)"", ""Daleks"", ""eponymous aliens""]",10,clean,none,none,0,0,True,none,none,What creatures were the most popular monsters in the series?,,[],,0,Daleks,1.0,1.0,1.0,,2.1066274289996727,,11,11,0,1.0,0.0,51.796185,-10.11032
Qwen/Qwen3-4B,,hf,squad,5727f44c2ca10214002d9a33,idf,What creatures were the most popular monsters in the series?,"Doctor Who first appeared on BBC TV at 17:16:20 GMT, eighty seconds after the scheduled programme time, 5:15 pm, on Saturday, 23 November 1963. It was to be a regular weekly programme, each episode 25 minutes of transmission length. Discussions and plans for the programme had been in progress for a year. The head of drama, Canadian Sydney Newman, was mainly responsible for developing the programme, with the first format document for the series being written by Newman along with the head of the script department (later head of serials) Donald Wilson and staff writer C. E. Webber. Writer Anthony Coburn, story editor David Whitaker and initial producer Verity Lambert also heavily contributed to the development of the series.[note 1] The programme was originally intended to appeal to a family audience, as an educational programme using time travel as a means to explore scientific ideas and famous moments in history. On 31 July 1963 Whitaker commissioned Terry Nation to write a story under the title The Mutants. As originally written, the Daleks and Thals were the victims of an alien neutron bomb attack but Nation later dropped the aliens and made the Daleks the aggressors. When the script was presented to Newman and Wilson it was immediately rejected as the programme was not permitted to contain any ""bug-eyed monsters"". The first serial had been completed and the BBC believed it was crucial that the next one be a success, but The Mutants was the only script ready to go, so the show had little choice but to use it. According to producer Verity Lambert; ""We didn't have a lot of choice — we only had the Dalek serial to go ... We had a bit of a crisis of confidence because Donald [Wilson] was so adamant that we shouldn't make it. Had we had anything else ready we would have made that."" Nation's script became the second Doctor Who serial – The Daleks (a.k.a. The Mutants). The serial introduced the eponymous aliens that would become the series' most popular monsters, and was responsible for the BBC's first merchandising boom.","[""The Daleks (a.k.a. The Mutants)"", ""Daleks"", ""eponymous aliens""]",10,corrupted,keyboard,any,1,1,True,hard,none,What creatures qdre the most popular monsters in the series?,43036423.0,"[{""edit_num"": 1, ""old"": ""were"", ""new"": ""qdre"", ""location"": ""any"", ""typo_type"": ""keyboard"", ""difficulty"": ""hard"", ""word_index"": 2, ""char_indices"": [0, 1], ""operation_count"": 2}]",0.0,2,Daleks,1.0,1.0,1.0,,2.1102662190005503,,12,11,1,1.0,0.0,17.639164,1.8171222
Qwen/Qwen3-4B,,hf,squad,5727f44c2ca10214002d9a33,idf,What creatures were the most popular monsters in the series?,"Doctor Who first appeared on BBC TV at 17:16:20 GMT, eighty seconds after the scheduled programme time, 5:15 pm, on Saturday, 23 November 1963. It was to be a regular weekly programme, each episode 25 minutes of transmission length. Discussions and plans for the programme had been in progress for a year. The head of drama, Canadian Sydney Newman, was mainly responsible for developing the programme, with the first format document for the series being written by Newman along with the head of the script department (later head of serials) Donald Wilson and staff writer C. E. Webber. Writer Anthony Coburn, story editor David Whitaker and initial producer Verity Lambert also heavily contributed to the development of the series.[note 1] The programme was originally intended to appeal to a family audience, as an educational programme using time travel as a means to explore scientific ideas and famous moments in history. On 31 July 1963 Whitaker commissioned Terry Nation to write a story under the title The Mutants. As originally written, the Daleks and Thals were the victims of an alien neutron bomb attack but Nation later dropped the aliens and made the Daleks the aggressors. When the script was presented to Newman and Wilson it was immediately rejected as the programme was not permitted to contain any ""bug-eyed monsters"". The first serial had been completed and the BBC believed it was crucial that the next one be a success, but The Mutants was the only script ready to go, so the show had little choice but to use it. According to producer Verity Lambert; ""We didn't have a lot of choice — we only had the Dalek serial to go ... We had a bit of a crisis of confidence because Donald [Wilson] was so adamant that we shouldn't make it. Had we had anything else ready we would have made that."" Nation's script became the second Doctor Who serial – The Daleks (a.k.a. The Mutants). The serial introduced the eponymous aliens that would become the series' most popular monsters, and was responsible for the BBC's first merchandising boom.","[""The Daleks (a.k.a. The Mutants)"", ""Daleks"", ""eponymous aliens""]",10,corrupted,keyboard,any,2,2,True,hard,none,What crdaturss qdre the most popular monsters in the series?,43036423.0,"[{""edit_num"": 1, ""old"": ""were"", ""new"": ""qdre"", ""location"": ""any"", ""typo_type"": ""keyboard"", ""difficulty"": ""hard"", ""word_index"": 2, ""char_indices"": [0, 1], ""operation_count"": 2}, {""edit_num"": 2, ""old"": ""creatures"", ""new"": ""crdaturss"", ""location"": ""any"", ""typo_type"": ""keyboard"", ""difficulty"": ""hard"", ""word_index"": 1, ""char_indices"": [2, 7], ""operation_count"": 2}]",0.0,4,Daleks,1.0,1.0,1.0,,2.111608093000541,,15,11,4,1.0,0.0,-16.427746,10.718918
Qwen/Qwen3-4B,,hf,squad,5727f44c2ca10214002d9a33,idf,What creatures were the most popular monsters in the series?,"Doctor Who first appeared on BBC TV at 17:16:20 GMT, eighty seconds after the scheduled programme time, 5:15 pm, on Saturday, 23 November 1963. It was to be a regular weekly programme, each episode 25 minutes of transmission length. Discussions and plans for the programme had been in progress for a year. The head of drama, Canadian Sydney Newman, was mainly responsible for developing the programme, with the first format document for the series being written by Newman along with the head of the script department (later head of serials) Donald Wilson and staff writer C. E. Webber. Writer Anthony Coburn, story editor David Whitaker and initial producer Verity Lambert also heavily contributed to the development of the series.[note 1] The programme was originally intended to appeal to a family audience, as an educational programme using time travel as a means to explore scientific ideas and famous moments in history. On 31 July 1963 Whitaker commissioned Terry Nation to write a story under the title The Mutants. As originally written, the Daleks and Thals were the victims of an alien neutron bomb attack but Nation later dropped the aliens and made the Daleks the aggressors. When the script was presented to Newman and Wilson it was immediately rejected as the programme was not permitted to contain any ""bug-eyed monsters"". The first serial had been completed and the BBC believed it was crucial that the next one be a success, but The Mutants was the only script ready to go, so the show had little choice but to use it. According to producer Verity Lambert; ""We didn't have a lot of choice — we only had the Dalek serial to go ... We had a bit of a crisis of confidence because Donald [Wilson] was so adamant that we shouldn't make it. Had we had anything else ready we would have made that."" Nation's script became the second Doctor Who serial – The Daleks (a.k.a. The Mutants). The serial introduced the eponymous aliens that would become the series' most popular monsters, and was responsible for the BBC's first merchandising boom.","[""The Daleks (a.k.a. The Mutants)"", ""Daleks"", ""eponymous aliens""]",10,corrupted,keyboard,any,3,3,True,hard,none,What crdaturss qdre the most popular jonstefs in the series?,43036423.0,"[{""edit_num"": 1, ""old"": ""were"", ""new"": ""qdre"", ""location"": ""any"", ""typo_type"": ""keyboard"", ""difficulty"": ""hard"", ""word_index"": 2, ""char_indices"": [0, 1], ""operation_count"": 2}, {""edit_num"": 2, ""old"": ""creatures"", ""new"": ""crdaturss"", ""location"": ""any"", ""typo_type"": ""keyboard"", ""difficulty"": ""hard"", ""word_index"": 1, ""char_indices"": [2, 7], ""operation_count"": 2}, {""edit_num"": 3, ""old"": ""monsters"", ""new"": ""jonstefs"", ""location"": ""any"", ""typo_type"": ""keyboard"", ""difficulty"": ""hard"", ""word_index"": 6, ""char_indices"": [0, 6], ""operation_count"": 2}]",0.0,6,Daleks,1.0,1.0,1.0,,2.181097579999914,,17,11,6,1.0,0.0,-29.462214,13.374063
Qwen/Qwen3-4B,,hf,squad,5727f746ff5b5019007d9960,idf,What was the name of the first episode of the new Doctor Who series?,"Doctor Who finally returned with the episode ""Rose"" on BBC One on 26 March 2005. There have since been nine further series in 2006–2008 and 2010–2015, and Christmas Day specials every year since 2005. No full series was filmed in 2009, although four additional specials starring David Tennant were made. In 2010, Steven Moffat replaced Davies as head writer and executive producer. In January 2016, Moffat announced that he would step down after the 2017 finale, to be replaced by Chris Chibnall in 2018. In addition, Series 10 will debut in Spring 2017, with a Christmas special broadcast in 2016.","[""Rose"", ""Rose"", ""Rose""]",14,clean,none,none,0,0,True,none,none,What was the name of the first episode of the new Doctor Who series?,,[],,0,Rose,1.0,1.0,1.0,,0.8268831240002328,,15,15,0,1.0,0.0,68.483475,4.5166335
Qwen/Qwen3-4B,,hf,squad,5727f746ff5b5019007d9960,idf,What was the name of the first episode of the new Doctor Who series?,"Doctor Who finally returned with the episode ""Rose"" on BBC One on 26 March 2005. There have since been nine further series in 2006–2008 and 2010–2015, and Christmas Day specials every year since 2005. No full series was filmed in 2009, although four additional specials starring David Tennant were made. In 2010, Steven Moffat replaced Davies as head writer and executive producer. In January 2016, Moffat announced that he would step down after the 2017 finale, to be replaced by Chris Chibnall in 2018. In addition, Series 10 will debut in Spring 2017, with a Christmas special broadcast in 2016.","[""Rose"", ""Rose"", ""Rose""]",14,corrupted,keyboard,any,1,1,True,hard,none,What was the haje of the first episode of the new Doctor Who series?,42235863.0,"[{""edit_num"": 1, ""old"": ""name"", ""new"": ""haje"", ""location"": ""any"", ""typo_type"": ""keyboard"", ""difficulty"": ""hard"", ""word_index"": 3, ""char_indices"": [0, 2], ""operation_count"": 2}]",0.0,2,Rose,1.0,1.0,1.0,,0.9146059519998744,,16,15,1,1.0,0.0,49.938004,8.794212
Qwen/Qwen3-4B,,hf,squad,5727f746ff5b5019007d9960,idf,What was the name of the first episode of the new Doctor Who series?,"Doctor Who finally returned with the episode ""Rose"" on BBC One on 26 March 2005. There have since been nine further series in 2006–2008 and 2010–2015, and Christmas Day specials every year since 2005. No full series was filmed in 2009, although four additional specials starring David Tennant were made. In 2010, Steven Moffat replaced Davies as head writer and executive producer. In January 2016, Moffat announced that he would step down after the 2017 finale, to be replaced by Chris Chibnall in 2018. In addition, Series 10 will debut in Spring 2017, with a Christmas special broadcast in 2016.","[""Rose"", ""Rose"", ""Rose""]",14,corrupted,keyboard,any,2,2,True,hard,none,What was the haje of the fiedt episode of the new Doctor Who series?,42235863.0,"[{""edit_num"": 1, ""old"": ""name"", ""new"": ""haje"", ""location"": ""any"", ""typo_type"": ""keyboard"", ""difficulty"": ""hard"", ""word_index"": 3, ""char_indices"": [0, 2], ""operation_count"": 2}, {""edit_num"": 2, ""old"": ""first"", ""new"": ""fiedt"", ""location"": ""any"", ""typo_type"": ""keyboard"", ""difficulty"": ""hard"", ""word_index"": 6, ""char_indices"": [2, 3], ""operation_count"": 2}]",0.0,4,Rose,1.0,1.0,1.0,,1.1158223520005777,,18,15,3,1.0,0.0,31.735224,11.916738
Qwen/Qwen3-4B,,hf,squad,5727f746ff5b5019007d9960,idf,What was the name of the first episode of the new Doctor Who series?,"Doctor Who finally returned with the episode ""Rose"" on BBC One on 26 March 2005. There have since been nine further series in 2006–2008 and 2010–2015, and Christmas Day specials every year since 2005. No full series was filmed in 2009, although four additional specials starring David Tennant were made. In 2010, Steven Moffat replaced Davies as head writer and executive producer. In January 2016, Moffat announced that he would step down after the 2017 finale, to be replaced by Chris Chibnall in 2018. In addition, Series 10 will debut in Spring 2017, with a Christmas special broadcast in 2016.","[""Rose"", ""Rose"", ""Rose""]",14,corrupted,keyboard,any,3,3,True,hard,none,What was the haje of the fiedt episode of the new Doctor Who derirs?,42235863.0,"[{""edit_num"": 1, ""old"": ""name"", ""new"": ""haje"", ""location"": ""any"", ""typo_type"": ""keyboard"", ""difficulty"": ""hard"", ""word_index"": 3, ""char_indices"": [0, 2], ""operation_count"": 2}, {""edit_num"": 2, ""old"": ""first"", ""new"": ""fiedt"", ""location"": ""any"", ""typo_type"": ""keyboard"", ""difficulty"": ""hard"", ""word_index"": 6, ""char_indices"": [2, 3], ""operation_count"": 2}, {""edit_num"": 3, ""old"": ""series"", ""new"": ""derirs"", ""location"": ""any"", ""typo_type"": ""keyboard"", ""difficulty"": ""hard"", ""word_index"": 13, ""char_indices"": [0, 4], ""operation_count"": 2}]",0.0,6,Rose,1.0,1.0,1.0,,1.1228328369998053,,19,15,4,1.0,0.0,26.846033,14.065345
Qwen/Qwen3-4B,,hf,squad,5728455bff5b5019007da078,idf,What tool has measured the amount of dust that travels from the Sahara to the Amazon?,"NASA's CALIPSO satellite has measured the amount of dust transported by wind from the Sahara to the Amazon: an average 182 million tons of dust are windblown out of the Sahara each year, at 15 degrees west longitude, across 1,600 miles (2,600 km) over the Atlantic Ocean (some dust falls into the Atlantic), then at 35 degrees West longitude at the eastern coast of South America, 27.7 million tons (15%) of dust fall over the Amazon basin, 132 million tons of dust remain in the air, 43 million tons of dust are windblown and falls on the Caribbean Sea, past 75 degrees west longitude.","[""NASA's CALIPSO satellite"", ""NASA's CALIPSO satellite"", ""satellite""]",16,clean,none,none,0,0,True,none,none,What tool has measured the amount of dust that travels from the Sahara to the Amazon?,,[],,0,NASA's CALIPSO satellite,1.0,1.0,1.0,,1.16982778900001,,17,17,0,1.0,0.0,27.562609,-23.787703
Qwen/Qwen3-4B,,hf,squad,5728455bff5b5019007da078,idf,What tool has measured the amount of dust that travels from the Sahara to the Amazon?,"NASA's CALIPSO satellite has measured the amount of dust transported by wind from the Sahara to the Amazon: an average 182 million tons of dust are windblown out of the Sahara each year, at 15 degrees west longitude, across 1,600 miles (2,600 km) over the Atlantic Ocean (some dust falls into the Atlantic), then at 35 degrees West longitude at the eastern coast of South America, 27.7 million tons (15%) of dust fall over the Amazon basin, 132 million tons of dust remain in the air, 43 million tons of dust are windblown and falls on the Caribbean Sea, past 75 degrees west longitude.","[""NASA's CALIPSO satellite"", ""NASA's CALIPSO satellite"", ""satellite""]",16,corrupted,keyboard,any,1,1,True,hard,none,What tool has measured the amount of dust thsg travels from the Sahara to the Amazon?,42626136.0,"[{""edit_num"": 1, ""old"": ""that"", ""new"": ""thsg"", ""location"": ""any"", ""typo_type"": ""keyboard"", ""difficulty"": ""hard"", ""word_index"": 8, ""char_indices"": [2, 3], ""operation_count"": 2}]",0.0,2,NASA's CALIPSO satellite,1.0,1.0,1.0,,1.174212482999792,,18,17,1,1.0,0.0,9.456759,-14.732955
Qwen/Qwen3-4B,,hf,squad,5728455bff5b5019007da078,idf,What tool has measured the amount of dust that travels from the Sahara to the Amazon?,"NASA's CALIPSO satellite has measured the amount of dust transported by wind from the Sahara to the Amazon: an average 182 million tons of dust are windblown out of the Sahara each year, at 15 degrees west longitude, across 1,600 miles (2,600 km) over the Atlantic Ocean (some dust falls into the Atlantic), then at 35 degrees West longitude at the eastern coast of South America, 27.7 million tons (15%) of dust fall over the Amazon basin, 132 million tons of dust remain in the air, 43 million tons of dust are windblown and falls on the Caribbean Sea, past 75 degrees west longitude.","[""NASA's CALIPSO satellite"", ""NASA's CALIPSO satellite"", ""satellite""]",16,corrupted,keyboard,any,2,2,True,hard,none,Ahar tool has measured the amount of dust thsg travels from the Sahara to the Amazon?,42626136.0,"[{""edit_num"": 1, ""old"": ""that"", ""new"": ""thsg"", ""location"": ""any"", ""typo_type"": ""keyboard"", ""difficulty"": ""hard"", ""word_index"": 8, ""char_indices"": [2, 3], ""operation_count"": 2}, {""edit_num"": 2, ""old"": ""What"", ""new"": ""Ahar"", ""location"": ""any"", ""typo_type"": ""keyboard"", ""difficulty"": ""hard"", ""word_index"": 0, ""char_indices"": [0, 3], ""operation_count"": 2}]",0.0,4,NASA's,0.0,0.5,0.0,,0.9584193980008422,,19,17,2,1.0,0.5,-10.63564,-5.1528463
Qwen/Qwen3-4B,,hf,squad,5728455bff5b5019007da078,idf,What tool has measured the amount of dust that travels from the Sahara to the Amazon?,"NASA's CALIPSO satellite has measured the amount of dust transported by wind from the Sahara to the Amazon: an average 182 million tons of dust are windblown out of the Sahara each year, at 15 degrees west longitude, across 1,600 miles (2,600 km) over the Atlantic Ocean (some dust falls into the Atlantic), then at 35 degrees West longitude at the eastern coast of South America, 27.7 million tons (15%) of dust fall over the Amazon basin, 132 million tons of dust remain in the air, 43 million tons of dust are windblown and falls on the Caribbean Sea, past 75 degrees west longitude.","[""NASA's CALIPSO satellite"", ""NASA's CALIPSO satellite"", ""satellite""]",16,corrupted,keyboard,any,3,3,True,hard,none,Ahar tool has measured the amount of dust thsg tracwls from the Sahara to the Amazon?,42626136.0,"[{""edit_num"": 1, ""old"": ""that"", ""new"": ""thsg"", ""location"": ""any"", ""typo_type"": ""keyboard"", ""difficulty"": ""hard"", ""word_index"": 8, ""char_indices"": [2, 3], ""operation_count"": 2}, {""edit_num"": 2, ""old"": ""What"", ""new"": ""Ahar"", ""location"": ""any"", ""typo_type"": ""keyboard"", ""difficulty"": ""hard"", ""word_index"": 0, ""char_indices"": [0, 3], ""operation_count"": 2}, {""edit_num"": 3, ""old"": ""travels"", ""new"": ""tracwls"", ""location"": ""any"", ""typo_type"": ""keyboard"", ""difficulty"": ""hard"", ""word_index"": 9, ""char_indices"": [3, 4], ""operation_count"": 2}]",0.0,6,NASA's,0.0,0.5,0.0,,0.965743970999938,,22,17,5,1.0,0.5,-21.19471,0.2183814
Qwen/Qwen3-4B,,hf,squad,5728d5793acd2414000dffb7,idf,How was the civil disobedience shown in Antigone?,"One of the oldest depictions of civil disobedience is in Sophocles' play Antigone, in which Antigone, one of the daughters of former King of Thebes, Oedipus, defies Creon, the current King of Thebes, who is trying to stop her from giving her brother Polynices a proper burial. She gives a stirring speech in which she tells him that she must obey her conscience rather than human law. She is not at all afraid of the death he threatens her with (and eventually carries out), but she is afraid of how her conscience will smite her if she does not do this.","[""obey her conscience rather than human law"", ""She gives a stirring speech"", ""She gives a stirring speech in which she tells him that she must obey her conscience rather than human law"", ""a stirring speech"", ""She gives a stirring speech in which she tells him that she must obey her conscience rather than human law""]",8,clean,none,none,0,0,True,none,none,How was the civil disobedience shown in Antigone?,,[],,0,"Antigone defies Creon's order by giving her brother Polynices a proper burial, stating she must obey her conscience rather than human law.",0.0,0.5,1.0,,2.8009683700001915,,12,12,0,0.5,0.0,22.997179,-6.9158607
Qwen/Qwen3-4B,,hf,squad,5728d5793acd2414000dffb7,idf,How was the civil disobedience shown in Antigone?,"One of the oldest depictions of civil disobedience is in Sophocles' play Antigone, in which Antigone, one of the daughters of former King of Thebes, Oedipus, defies Creon, the current King of Thebes, who is trying to stop her from giving her brother Polynices a proper burial. She gives a stirring speech in which she tells him that she must obey her conscience rather than human law. She is not at all afraid of the death he threatens her with (and eventually carries out), but she is afraid of how her conscience will smite her if she does not do this.","[""obey her conscience rather than human law"", ""She gives a stirring speech"", ""She gives a stirring speech in which she tells him that she must obey her conscience rather than human law"", ""a stirring speech"", ""She gives a stirring speech in which she tells him that she must obey her conscience rather than human law""]",8,corrupted,keyboard,any,1,1,True,hard,none,How was the civil disobedience ahowm in Antigone?,42185828.0,"[{""edit_num"": 1, ""old"": ""shown"", ""new"": ""ahowm"", ""location"": ""any"", ""typo_type"": ""keyboard"", ""difficulty"": ""hard"", ""word_index"": 5, ""char_indices"": [0, 4], ""operation_count"": 2}]",0.0,2,"Antigone defies Creon's order by giving her brother Polynices a proper burial, stating she must obey her conscience rather than human law.",0.0,0.5,1.0,,2.6263126439998814,,14,12,2,0.5,0.0,12.188586,-3.795421
Qwen/Qwen3-4B,,hf,squad,5728d5793acd2414000dffb7,idf,How was the civil disobedience shown in Antigone?,"One of the oldest depictions of civil disobedience is in Sophocles' play Antigone, in which Antigone, one of the daughters of former King of Thebes, Oedipus, defies Creon, the current King of Thebes, who is trying to stop her from giving her brother Polynices a proper burial. She gives a stirring speech in which she tells him that she must obey her conscience rather than human law. She is not at all afraid of the death he threatens her with (and eventually carries out), but she is afraid of how her conscience will smite her if she does not do this.","[""obey her conscience rather than human law"", ""She gives a stirring speech"", ""She gives a stirring speech in which she tells him that she must obey her conscience rather than human law"", ""a stirring speech"", ""She gives a stirring speech in which she tells him that she must obey her conscience rather than human law""]",8,corrupted,keyboard,any,2,2,True,hard,none,How was the civil disobediejcw ahowm in Antigone?,42185828.0,"[{""edit_num"": 1, ""old"": ""shown"", ""new"": ""ahowm"", ""location"": ""any"", ""typo_type"": ""keyboard"", ""difficulty"": ""hard"", ""word_index"": 5, ""char_indices"": [0, 4], ""operation_count"": 2}, {""edit_num"": 2, ""old"": ""disobedience"", ""new"": ""disobediejcw"", ""location"": ""any"", ""typo_type"": ""keyboard"", ""difficulty"": ""hard"", ""word_index"": 4, ""char_indices"": [9, 11], ""operation_count"": 2}]",0.0,4,"Antigone defies Creon's order to not bury her brother Polynices, choosing to obey her conscience instead of human law.",0.0,0.3846153846153846,0.0,,2.383419545999459,,15,12,3,0.5,0.11538461538461542,-6.669393,3.0379584
Qwen/Qwen3-4B,,hf,squad,5728d5793acd2414000dffb7,idf,How was the civil disobedience shown in Antigone?,"One of the oldest depictions of civil disobedience is in Sophocles' play Antigone, in which Antigone, one of the daughters of former King of Thebes, Oedipus, defies Creon, the current King of Thebes, who is trying to stop her from giving her brother Polynices a proper burial. She gives a stirring speech in which she tells him that she must obey her conscience rather than human law. She is not at all afraid of the death he threatens her with (and eventually carries out), but she is afraid of how her conscience will smite her if she does not do this.","[""obey her conscience rather than human law"", ""She gives a stirring speech"", ""She gives a stirring speech in which she tells him that she must obey her conscience rather than human law"", ""a stirring speech"", ""She gives a stirring speech in which she tells him that she must obey her conscience rather than human law""]",8,corrupted,keyboard,any,3,3,True,hard,none,How was the civil disobediejcw ahowm in Sntiyone?,42185828.0,"[{""edit_num"": 1, ""old"": ""shown"", ""new"": ""ahowm"", ""location"": ""any"", ""typo_type"": ""keyboard"", ""difficulty"": ""hard"", ""word_index"": 5, ""char_indices"": [0, 4], ""operation_count"": 2}, {""edit_num"": 2, ""old"": ""disobedience"", ""new"": ""disobediejcw"", ""location"": ""any"", ""typo_type"": ""keyboard"", ""difficulty"": ""hard"", ""word_index"": 4, ""char_indices"": [9, 11], ""operation_count"": 2}, {""edit_num"": 3, ""old"": ""Antigone"", ""new"": ""Sntiyone"", ""location"": ""any"", ""typo_type"": ""keyboard"", ""difficulty"": ""hard"", ""word_index"": 7, ""char_indices"": [0, 4], ""operation_count"": 2}]",0.0,6,Antigone defies Creon's order and gives a speech stating she must obey her conscience rather than human law.,0.0,0.6111111111111113,1.0,,2.1671901170002457,,16,12,4,0.5,-0.11111111111111127,-12.783497,6.821165
Qwen/Qwen3-4B,,hf,squad,5728f2e26aef051400154898,idf,What field involves the study of the immune system?,"Disorders of the immune system can result in autoimmune diseases, inflammatory diseases and cancer. Immunodeficiency occurs when the immune system is less active than normal, resulting in recurring and life-threatening infections. In humans, immunodeficiency can either be the result of a genetic disease such as severe combined immunodeficiency, acquired conditions such as HIV/AIDS, or the use of immunosuppressive medication. In contrast, autoimmunity results from a hyperactive immune system attacking normal tissues as if they were foreign organisms. Common autoimmune diseases include Hashimoto's thyroiditis, rheumatoid arthritis, diabetes mellitus type 1, and systemic lupus erythematosus. Immunology covers the study of all aspects of the immune system.","[""Immunology"", ""Immunology"", ""Immunology""]",9,clean,none,none,0,0,True,none,none,What field involves the study of the immune system?,,[],,0,Immunology,1.0,1.0,1.0,,0.9373378959999172,,10,10,0,1.0,0.0,3.3674278,-36.897194
Qwen/Qwen3-4B,,hf,squad,5728f2e26aef051400154898,idf,What field involves the study of the immune system?,"Disorders of the immune system can result in autoimmune diseases, inflammatory diseases and cancer. Immunodeficiency occurs when the immune system is less active than normal, resulting in recurring and life-threatening infections. In humans, immunodeficiency can either be the result of a genetic disease such as severe combined immunodeficiency, acquired conditions such as HIV/AIDS, or the use of immunosuppressive medication. In contrast, autoimmunity results from a hyperactive immune system attacking normal tissues as if they were foreign organisms. Common autoimmune diseases include Hashimoto's thyroiditis, rheumatoid arthritis, diabetes mellitus type 1, and systemic lupus erythematosus. Immunology covers the study of all aspects of the immune system.","[""Immunology"", ""Immunology"", ""Immunology""]",9,corrupted,keyboard,any,1,1,True,hard,none,What field invopvws the study of the immune system?,42395975.0,"[{""edit_num"": 1, ""old"": ""involves"", ""new"": ""invopvws"", ""location"": ""any"", ""typo_type"": ""keyboard"", ""difficulty"": ""hard"", ""word_index"": 2, ""char_indices"": [4, 6], ""operation_count"": 2}]",0.0,2,Immunology,1.0,1.0,1.0,,1.049865396000314,,13,10,3,1.0,0.0,-15.703218,-19.155537
Qwen/Qwen3-4B,,hf,squad,5728f2e26aef051400154898,idf,What field involves the study of the immune system?,"Disorders of the immune system can result in autoimmune diseases, inflammatory diseases and cancer. Immunodeficiency occurs when the immune system is less active than normal, resulting in recurring and life-threatening infections. In humans, immunodeficiency can either be the result of a genetic disease such as severe combined immunodeficiency, acquired conditions such as HIV/AIDS, or the use of immunosuppressive medication. In contrast, autoimmunity results from a hyperactive immune system attacking normal tissues as if they were foreign organisms. Common autoimmune diseases include Hashimoto's thyroiditis, rheumatoid arthritis, diabetes mellitus type 1, and systemic lupus erythematosus. Immunology covers the study of all aspects of the immune system.","[""Immunology"", ""Immunology"", ""Immunology""]",9,corrupted,keyboard,any,2,2,True,hard,none,Qhwt field invopvws the study of the immune system?,42395975.0,"[{""edit_num"": 1, ""old"": ""involves"", ""new"": ""invopvws"", ""location"": ""any"", ""typo_type"": ""keyboard"", ""difficulty"": ""hard"", ""word_index"": 2, ""char_indices"": [4, 6], ""operation_count"": 2}, {""edit_num"": 2, ""old"": ""What"", ""new"": ""Qhwt"", ""location"": ""any"", ""typo_type"": ""keyboard"", ""difficulty"": ""hard"", ""word_index"": 0, ""char_indices"": [0, 2], ""operation_count"": 2}]",0.0,4,Immunology,1.0,1.0,1.0,,0.9994955040001514,,15,10,5,1.0,0.0,-45.125298,1.1901593
Qwen/Qwen3-4B,,hf,squad,5728f2e26aef051400154898,idf,What field involves the study of the immune system?,"Disorders of the immune system can result in autoimmune diseases, inflammatory diseases and cancer. Immunodeficiency occurs when the immune system is less active than normal, resulting in recurring and life-threatening infections. In humans, immunodeficiency can either be the result of a genetic disease such as severe combined immunodeficiency, acquired conditions such as HIV/AIDS, or the use of immunosuppressive medication. In contrast, autoimmunity results from a hyperactive immune system attacking normal tissues as if they were foreign organisms. Common autoimmune diseases include Hashimoto's thyroiditis, rheumatoid arthritis, diabetes mellitus type 1, and systemic lupus erythematosus. Immunology covers the study of all aspects of the immune system.","[""Immunology"", ""Immunology"", ""Immunology""]",9,corrupted,keyboard,any,3,3,True,hard,none,Qhwt field invopvws the study of the immune ststek?,42395975.0,"[{""edit_num"": 1, ""old"": ""involves"", ""new"": ""invopvws"", ""location"": ""any"", ""typo_type"": ""keyboard"", ""difficulty"": ""hard"", ""word_index"": 2, ""char_indices"": [4, 6], ""operation_count"": 2}, {""edit_num"": 2, ""old"": ""What"", ""new"": ""Qhwt"", ""location"": ""any"", ""typo_type"": ""keyboard"", ""difficulty"": ""hard"", ""word_index"": 0, ""char_indices"": [0, 2], ""operation_count"": 2}, {""edit_num"": 3, ""old"": ""system"", ""new"": ""ststek"", ""location"": ""any"", ""typo_type"": ""keyboard"", ""difficulty"": ""hard"", ""word_index"": 8, ""char_indices"": [1, 5], ""operation_count"": 2}]",0.0,6,Immunology,1.0,1.0,1.0,,1.0114894770003957,,17,10,7,1.0,0.0,-51.64018,6.1413794
Qwen/Qwen3-4B,,hf,squad,57291fb4af94a219006aa0b5,idf,What has caused China to suspend their railway project?,"Published comments on Kenya's Capital FM website by Liu Guangyuan, China's ambassador to Kenya, at the time of President Kenyatta's 2013 trip to Beijing, said, ""Chinese investment in Kenya ... reached $474 million, representing Kenya's largest source of foreign direct investment, and ... bilateral trade ... reached $2.84 billion"" in 2012. Kenyatta was ""[a]ccompanied by 60 Kenyan business people [and hoped to] ... gain support from China for a planned $2.5 billion railway from the southern Kenyan port of Mombasa to neighboring Uganda, as well as a nearly $1.8 billion dam"", according to a statement from the president's office also at the time of the trip. Base Titanium, a subsidiary of Base resources of Australia, shipped its first major consignment of minerals to China. About 25,000 tonnes of ilmenite was flagged off the Kenyan coastal town of Kilifi. The first shipment was expected to earn Kenya about Shs15 – Shs20 Billion in earnings. China has been causing environmental and social problems that include the recent suspension of the railway project.","[""environmental and social problems"", ""environmental and social problems"", ""environmental and social problems""]",9,clean,none,none,0,0,True,none,none,What has caused China to suspend their railway project?,,[],,0,environmental and social problems,1.0,1.0,1.0,,1.6009113769996477,,10,10,0,1.0,0.0,39.136505,-26.719648
Qwen/Qwen3-4B,,hf,squad,57291fb4af94a219006aa0b5,idf,What has caused China to suspend their railway project?,"Published comments on Kenya's Capital FM website by Liu Guangyuan, China's ambassador to Kenya, at the time of President Kenyatta's 2013 trip to Beijing, said, ""Chinese investment in Kenya ... reached $474 million, representing Kenya's largest source of foreign direct investment, and ... bilateral trade ... reached $2.84 billion"" in 2012. Kenyatta was ""[a]ccompanied by 60 Kenyan business people [and hoped to] ... gain support from China for a planned $2.5 billion railway from the southern Kenyan port of Mombasa to neighboring Uganda, as well as a nearly $1.8 billion dam"", according to a statement from the president's office also at the time of the trip. Base Titanium, a subsidiary of Base resources of Australia, shipped its first major consignment of minerals to China. About 25,000 tonnes of ilmenite was flagged off the Kenyan coastal town of Kilifi. The first shipment was expected to earn Kenya about Shs15 – Shs20 Billion in earnings. China has been causing environmental and social problems that include the recent suspension of the railway project.","[""environmental and social problems"", ""environmental and social problems"", ""environmental and social problems""]",9,corrupted,keyboard,any,1,1,True,hard,none,What has caused Dhinw to suspend their railway project?,43206542.0,"[{""edit_num"": 1, ""old"": ""China"", ""new"": ""Dhinw"", ""location"": ""any"", ""typo_type"": ""keyboard"", ""difficulty"": ""hard"", ""word_index"": 3, ""char_indices"": [0, 4], ""operation_count"": 2}]",0.0,2,China has been causing environmental and social problems that include the recent suspension of the railway project.,0.0,0.4210526315789474,1.0,,2.249792792000335,,12,10,2,1.0,0.5789473684210527,11.745078,-8.706128
Qwen/Qwen3-4B,,hf,squad,57291fb4af94a219006aa0b5,idf,What has caused China to suspend their railway project?,"Published comments on Kenya's Capital FM website by Liu Guangyuan, China's ambassador to Kenya, at the time of President Kenyatta's 2013 trip to Beijing, said, ""Chinese investment in Kenya ... reached $474 million, representing Kenya's largest source of foreign direct investment, and ... bilateral trade ... reached $2.84 billion"" in 2012. Kenyatta was ""[a]ccompanied by 60 Kenyan business people [and hoped to] ... gain support from China for a planned $2.5 billion railway from the southern Kenyan port of Mombasa to neighboring Uganda, as well as a nearly $1.8 billion dam"", according to a statement from the president's office also at the time of the trip. Base Titanium, a subsidiary of Base resources of Australia, shipped its first major consignment of minerals to China. About 25,000 tonnes of ilmenite was flagged off the Kenyan coastal town of Kilifi. The first shipment was expected to earn Kenya about Shs15 – Shs20 Billion in earnings. China has been causing environmental and social problems that include the recent suspension of the railway project.","[""environmental and social problems"", ""environmental and social problems"", ""environmental and social problems""]",9,corrupted,keyboard,any,2,2,True,hard,none,Ehzt has caused Dhinw to suspend their railway project?,43206542.0,"[{""edit_num"": 1, ""old"": ""China"", ""new"": ""Dhinw"", ""location"": ""any"", ""typo_type"": ""keyboard"", ""difficulty"": ""hard"", ""word_index"": 3, ""char_indices"": [0, 4], ""operation_count"": 2}, {""edit_num"": 2, ""old"": ""What"", ""new"": ""Ehzt"", ""location"": ""any"", ""typo_type"": ""keyboard"", ""difficulty"": ""hard"", ""word_index"": 0, ""char_indices"": [0, 2], ""operation_count"": 2}]",0.0,4,China,0.0,0.0,0.0,,1.3057896490008716,,14,10,4,1.0,1.0,-19.957638,4.5381775
Qwen/Qwen3-4B,,hf,squad,57291fb4af94a219006aa0b5,idf,What has caused China to suspend their railway project?,"Published comments on Kenya's Capital FM website by Liu Guangyuan, China's ambassador to Kenya, at the time of President Kenyatta's 2013 trip to Beijing, said, ""Chinese investment in Kenya ... reached $474 million, representing Kenya's largest source of foreign direct investment, and ... bilateral trade ... reached $2.84 billion"" in 2012. Kenyatta was ""[a]ccompanied by 60 Kenyan business people [and hoped to] ... gain support from China for a planned $2.5 billion railway from the southern Kenyan port of Mombasa to neighboring Uganda, as well as a nearly $1.8 billion dam"", according to a statement from the president's office also at the time of the trip. Base Titanium, a subsidiary of Base resources of Australia, shipped its first major consignment of minerals to China. About 25,000 tonnes of ilmenite was flagged off the Kenyan coastal town of Kilifi. The first shipment was expected to earn Kenya about Shs15 – Shs20 Billion in earnings. China has been causing environmental and social problems that include the recent suspension of the railway project.","[""environmental and social problems"", ""environmental and social problems"", ""environmental and social problems""]",9,corrupted,keyboard,any,3,3,True,hard,none,Ehzt has caused Dhinw to suspend their railway projeff?,43206542.0,"[{""edit_num"": 1, ""old"": ""China"", ""new"": ""Dhinw"", ""location"": ""any"", ""typo_type"": ""keyboard"", ""difficulty"": ""hard"", ""word_index"": 3, ""char_indices"": [0, 4], ""operation_count"": 2}, {""edit_num"": 2, ""old"": ""What"", ""new"": ""Ehzt"", ""location"": ""any"", ""typo_type"": ""keyboard"", ""difficulty"": ""hard"", ""word_index"": 0, ""char_indices"": [0, 2], ""operation_count"": 2}, {""edit_num"": 3, ""old"": ""project"", ""new"": ""projeff"", ""location"": ""any"", ""typo_type"": ""keyboard"", ""difficulty"": ""hard"", ""word_index"": 8, ""char_indices"": [5, 6], ""operation_count"": 2}]",0.0,6,China,0.0,0.0,0.0,,1.3033740629998647,,16,10,6,1.0,1.0,-29.21648,9.221538
Qwen/Qwen3-4B,,hf,squad,572925491d046914007790c5,idf,What are the biggest burdens?,"Diseases of poverty directly correlate with a country's economic performance and wealth distribution: Half of Kenyans live below the poverty level. Preventable diseases like malaria, HIV/AIDS, pneumonia, diarrhoea and malnutrition are the biggest burden, major child-killers, and responsible for much morbidity; weak policies, corruption, inadequate health workers, weak management and poor leadership in the public health sector are largely to blame. According to 2009 estimates, HIV prevalence is about 6.3% of the adult population. However, the 2011 UNAIDS Report suggests that the HIV epidemic may be improving in Kenya, as HIV prevalence is declining among young people (ages 15–24) and pregnant women. Kenya had an estimated 15 million cases of malaria in 2006.","[""diseases like malaria, HIV/AIDS, pneumonia, diarrhoea and malnutrition"", ""Preventable diseases like malaria, HIV/AIDS, pneumonia, diarrhoea and malnutrition"", ""Preventable diseases""]",5,clean,none,none,0,0,True,none,none,What are the biggest burdens?,,[],,0,"Preventable diseases like malaria, HIV/AIDS, pneumonia, diarrhoea and malnutrition.",1.0,1.0,1.0,,1.895399292000548,,6,6,0,1.0,0.0,29.833075,-41.109642
Qwen/Qwen3-4B,,hf,squad,572925491d046914007790c5,idf,What are the biggest burdens?,"Diseases of poverty directly correlate with a country's economic performance and wealth distribution: Half of Kenyans live below the poverty level. Preventable diseases like malaria, HIV/AIDS, pneumonia, diarrhoea and malnutrition are the biggest burden, major child-killers, and responsible for much morbidity; weak policies, corruption, inadequate health workers, weak management and poor leadership in the public health sector are largely to blame. According to 2009 estimates, HIV prevalence is about 6.3% of the adult population. However, the 2011 UNAIDS Report suggests that the HIV epidemic may be improving in Kenya, as HIV prevalence is declining among young people (ages 15–24) and pregnant women. Kenya had an estimated 15 million cases of malaria in 2006.","[""diseases like malaria, HIV/AIDS, pneumonia, diarrhoea and malnutrition"", ""Preventable diseases like malaria, HIV/AIDS, pneumonia, diarrhoea and malnutrition"", ""Preventable diseases""]",5,corrupted,keyboard,any,1,1,True,hard,none,Wjst are the biggest burdens?,43786948.0,"[{""edit_num"": 1, ""old"": ""What"", ""new"": ""Wjst"", ""location"": ""any"", ""typo_type"": ""keyboard"", ""difficulty"": ""hard"", ""word_index"": 0, ""char_indices"": [1, 2], ""operation_count"": 2}]",0.0,2,"Preventable diseases like malaria, HIV/AIDS, pneumonia, diarrhoea and malnutrition.",1.0,1.0,1.0,,2.2396627059997627,,8,6,2,1.0,0.0,-19.868618,-6.133509
Qwen/Qwen3-4B,,hf,squad,572925491d046914007790c5,idf,What are the biggest burdens?,"Diseases of poverty directly correlate with a country's economic performance and wealth distribution: Half of Kenyans live below the poverty level. Preventable diseases like malaria, HIV/AIDS, pneumonia, diarrhoea and malnutrition are the biggest burden, major child-killers, and responsible for much morbidity; weak policies, corruption, inadequate health workers, weak management and poor leadership in the public health sector are largely to blame. According to 2009 estimates, HIV prevalence is about 6.3% of the adult population. However, the 2011 UNAIDS Report suggests that the HIV epidemic may be improving in Kenya, as HIV prevalence is declining among young people (ages 15–24) and pregnant women. Kenya had an estimated 15 million cases of malaria in 2006.","[""diseases like malaria, HIV/AIDS, pneumonia, diarrhoea and malnutrition"", ""Preventable diseases like malaria, HIV/AIDS, pneumonia, diarrhoea and malnutrition"", ""Preventable diseases""]",5,corrupted,keyboard,any,2,2,True,hard,none,Wjst are the biggest vurrens?,43786948.0,"[{""edit_num"": 1, ""old"": ""What"", ""new"": ""Wjst"", ""location"": ""any"", ""typo_type"": ""keyboard"", ""difficulty"": ""hard"", ""word_index"": 0, ""char_indices"": [1, 2], ""operation_count"": 2}, {""edit_num"": 2, ""old"": ""burdens"", ""new"": ""vurrens"", ""location"": ""any"", ""typo_type"": ""keyboard"", ""difficulty"": ""hard"", ""word_index"": 4, ""char_indices"": [0, 3], ""operation_count"": 2}]",0.0,4,"preventable diseases like malaria, HIV/AIDS, pneumonia, diarrhoea and malnutrition",1.0,1.0,1.0,,1.815444267000203,,10,6,4,1.0,0.0,-31.368309,-0.46437722
Qwen/Qwen3-4B,,hf,squad,572925491d046914007790c5,idf,What are the biggest burdens?,"Diseases of poverty directly correlate with a country's economic performance and wealth distribution: Half of Kenyans live below the poverty level. Preventable diseases like malaria, HIV/AIDS, pneumonia, diarrhoea and malnutrition are the biggest burden, major child-killers, and responsible for much morbidity; weak policies, corruption, inadequate health workers, weak management and poor leadership in the public health sector are largely to blame. According to 2009 estimates, HIV prevalence is about 6.3% of the adult population. However, the 2011 UNAIDS Report suggests that the HIV epidemic may be improving in Kenya, as HIV prevalence is declining among young people (ages 15–24) and pregnant women. Kenya had an estimated 15 million cases of malaria in 2006.","[""diseases like malaria, HIV/AIDS, pneumonia, diarrhoea and malnutrition"", ""Preventable diseases like malaria, HIV/AIDS, pneumonia, diarrhoea and malnutrition"", ""Preventable diseases""]",5,corrupted,keyboard,any,3,3,True,hard,none,Wjst are the biyvest vurrens?,43786948.0,"[{""edit_num"": 1, ""old"": ""What"", ""new"": ""Wjst"", ""location"": ""any"", ""typo_type"": ""keyboard"", ""difficulty"": ""hard"", ""word_index"": 0, ""char_indices"": [1, 2], ""operation_count"": 2}, {""edit_num"": 2, ""old"": ""burdens"", ""new"": ""vurrens"", ""location"": ""any"", ""typo_type"": ""keyboard"", ""difficulty"": ""hard"", ""word_index"": 4, ""char_indices"": [0, 3], ""operation_count"": 2}, {""edit_num"": 3, ""old"": ""biggest"", ""new"": ""biyvest"", ""location"": ""any"", ""typo_type"": ""keyboard"", ""difficulty"": ""hard"", ""word_index"": 3, ""char_indices"": [2, 3], ""operation_count"": 2}]",0.0,6,"malaria, HIV/AIDS, pneumonia, diarrhoea and malnutrition",0.0,0.8571428571428571,0.0,,1.865097095999772,,12,6,6,1.0,0.1428571428571429,-46.476894,5.69315
Qwen/Qwen3-4B,,hf,squad,572978e66aef051400154f78,idf,What kind of light is important for chloroplasts to divide?,"Light has been shown to be a requirement for chloroplast division. Chloroplasts can grow and progress through some of the constriction stages under poor quality green light, but are slow to complete division—they require exposure to bright white light to complete division. Spinach leaves grown under green light have been observed to contain many large dumbbell-shaped chloroplasts. Exposure to white light can stimulate these chloroplasts to divide and reduce the population of dumbbell-shaped chloroplasts.","[""bright white light"", ""white light"", ""bright white light""]",10,clean,none,none,0,0,True,none,none,What kind of light is important for chloroplasts to divide?,,[],,0,Bright white light.,1.0,1.0,1.0,,0.8444812940006159,,13,13,0,1.0,0.0,-5.1295037,-34.839417
Qwen/Qwen3-4B,,hf,squad,572978e66aef051400154f78,idf,What kind of light is important for chloroplasts to divide?,"Light has been shown to be a requirement for chloroplast division. Chloroplasts can grow and progress through some of the constriction stages under poor quality green light, but are slow to complete division—they require exposure to bright white light to complete division. Spinach leaves grown under green light have been observed to contain many large dumbbell-shaped chloroplasts. Exposure to white light can stimulate these chloroplasts to divide and reduce the population of dumbbell-shaped chloroplasts.","[""bright white light"", ""white light"", ""bright white light""]",10,corrupted,keyboard,any,1,1,True,hard,none,What kind of light is important for chloroplasts to dicude?,43226556.0,"[{""edit_num"": 1, ""old"": ""divide"", ""new"": ""dicude"", ""location"": ""any"", ""typo_type"": ""keyboard"", ""difficulty"": ""hard"", ""word_index"": 9, ""char_indices"": [2, 3], ""operation_count"": 2}]",0.0,2,Bright white light,1.0,1.0,1.0,,0.8214667219999683,,14,13,1,1.0,0.0,-10.472125,-30.85571
Qwen/Qwen3-4B,,hf,squad,572978e66aef051400154f78,idf,What kind of light is important for chloroplasts to divide?,"Light has been shown to be a requirement for chloroplast division. Chloroplasts can grow and progress through some of the constriction stages under poor quality green light, but are slow to complete division—they require exposure to bright white light to complete division. Spinach leaves grown under green light have been observed to contain many large dumbbell-shaped chloroplasts. Exposure to white light can stimulate these chloroplasts to divide and reduce the population of dumbbell-shaped chloroplasts.","[""bright white light"", ""white light"", ""bright white light""]",10,corrupted,keyboard,any,2,2,True,hard,none,What mjnd of light is important for chloroplasts to dicude?,43226556.0,"[{""edit_num"": 1, ""old"": ""divide"", ""new"": ""dicude"", ""location"": ""any"", ""typo_type"": ""keyboard"", ""difficulty"": ""hard"", ""word_index"": 9, ""char_indices"": [2, 3], ""operation_count"": 2}, {""edit_num"": 2, ""old"": ""kind"", ""new"": ""mjnd"", ""location"": ""any"", ""typo_type"": ""keyboard"", ""difficulty"": ""hard"", ""word_index"": 1, ""char_indices"": [0, 1], ""operation_count"": 2}]",0.0,4,bright white light,1.0,1.0,1.0,,0.8145656900005633,,15,13,2,1.0,0.0,-33.054455,-13.751816
Qwen/Qwen3-4B,,hf,squad,572978e66aef051400154f78,idf,What kind of light is important for chloroplasts to divide?,"Light has been shown to be a requirement for chloroplast division. Chloroplasts can grow and progress through some of the constriction stages under poor quality green light, but are slow to complete division—they require exposure to bright white light to complete division. Spinach leaves grown under green light have been observed to contain many large dumbbell-shaped chloroplasts. Exposure to white light can stimulate these chloroplasts to divide and reduce the population of dumbbell-shaped chloroplasts.","[""bright white light"", ""white light"", ""bright white light""]",10,corrupted,keyboard,any,3,3,True,hard,none,What mjnd of light is important for chllroplasgs to dicude?,43226556.0,"[{""edit_num"": 1, ""old"": ""divide"", ""new"": ""dicude"", ""location"": ""any"", ""typo_type"": ""keyboard"", ""difficulty"": ""hard"", ""word_index"": 9, ""char_indices"": [2, 3], ""operation_count"": 2}, {""edit_num"": 2, ""old"": ""kind"", ""new"": ""mjnd"", ""location"": ""any"", ""typo_type"": ""keyboard"", ""difficulty"": ""hard"", ""word_index"": 1, ""char_indices"": [0, 1], ""operation_count"": 2}, {""edit_num"": 3, ""old"": ""chloroplasts"", ""new"": ""chllroplasgs"", ""location"": ""any"", ""typo_type"": ""keyboard"", ""difficulty"": ""hard"", ""word_index"": 7, ""char_indices"": [3, 10], ""operation_count"": 2}]",0.0,6,bright white light,1.0,1.0,1.0,,0.8025507439997455,,18,13,5,1.0,0.0,-45.351936,-2.927077
Qwen/Qwen3-4B,,hf,squad,57298ef11d0469140077952f,idf,What does the Riemann hypothesis state the source of irregularity in the distribution of points comes from?,"The unproven Riemann hypothesis, dating from 1859, states that except for s = −2, −4, ..., all zeroes of the ζ-function have real part equal to 1/2. The connection to prime numbers is that it essentially says that the primes are as regularly distributed as possible.[clarification needed] From a physical viewpoint, it roughly states that the irregularity in the distribution of primes only comes from random noise. From a mathematical viewpoint, it roughly states that the asymptotic distribution of primes (about x/log x of numbers less than x are primes, the prime number theorem) also holds for much shorter intervals of length about the square root of x (for intervals near x). This hypothesis is generally believed to be correct. In particular, the simplest assumption is that primes should have no significant irregularities without good reason.","[""random noise"", ""random noise"", ""random noise"", ""random noise""]",17,clean,none,none,0,0,True,none,none,What does the Riemann hypothesis state the source of irregularity in the distribution of points comes from?,,[],,0,random noise,1.0,1.0,1.0,,1.06089502299983,,21,21,0,1.0,0.0,-2.960046,-25.44795
Qwen/Qwen3-4B,,hf,squad,57298ef11d0469140077952f,idf,What does the Riemann hypothesis state the source of irregularity in the distribution of points comes from?,"The unproven Riemann hypothesis, dating from 1859, states that except for s = −2, −4, ..., all zeroes of the ζ-function have real part equal to 1/2. The connection to prime numbers is that it essentially says that the primes are as regularly distributed as possible.[clarification needed] From a physical viewpoint, it roughly states that the irregularity in the distribution of primes only comes from random noise. From a mathematical viewpoint, it roughly states that the asymptotic distribution of primes (about x/log x of numbers less than x are primes, the prime number theorem) also holds for much shorter intervals of length about the square root of x (for intervals near x). This hypothesis is generally believed to be correct. In particular, the simplest assumption is that primes should have no significant irregularities without good reason.","[""random noise"", ""random noise"", ""random noise"", ""random noise""]",17,corrupted,keyboard,any,1,1,True,hard,none,What does the Riemann hypothesis state the source of irregularity in the distribution of poinrw comes from?,42165814.0,"[{""edit_num"": 1, ""old"": ""points"", ""new"": ""poinrw"", ""location"": ""any"", ""typo_type"": ""keyboard"", ""difficulty"": ""hard"", ""word_index"": 14, ""char_indices"": [4, 5], ""operation_count"": 2}]",0.0,2,random noise,1.0,1.0,1.0,,1.20360205399993,,23,21,2,1.0,0.0,-11.934408,-19.043005
Qwen/Qwen3-4B,,hf,squad,57298ef11d0469140077952f,idf,What does the Riemann hypothesis state the source of irregularity in the distribution of points comes from?,"The unproven Riemann hypothesis, dating from 1859, states that except for s = −2, −4, ..., all zeroes of the ζ-function have real part equal to 1/2. The connection to prime numbers is that it essentially says that the primes are as regularly distributed as possible.[clarification needed] From a physical viewpoint, it roughly states that the irregularity in the distribution of primes only comes from random noise. From a mathematical viewpoint, it roughly states that the asymptotic distribution of primes (about x/log x of numbers less than x are primes, the prime number theorem) also holds for much shorter intervals of length about the square root of x (for intervals near x). This hypothesis is generally believed to be correct. In particular, the simplest assumption is that primes should have no significant irregularities without good reason.","[""random noise"", ""random noise"", ""random noise"", ""random noise""]",17,corrupted,keyboard,any,2,2,True,hard,none,What does the Riemann hypothesis state the source of urrrgularity in the distribution of poinrw comes from?,42165814.0,"[{""edit_num"": 1, ""old"": ""points"", ""new"": ""poinrw"", ""location"": ""any"", ""typo_type"": ""keyboard"", ""difficulty"": ""hard"", ""word_index"": 14, ""char_indices"": [4, 5], ""operation_count"": 2}, {""edit_num"": 2, ""old"": ""irregularity"", ""new"": ""urrrgularity"", ""location"": ""any"", ""typo_type"": ""keyboard"", ""difficulty"": ""hard"", ""word_index"": 9, ""char_indices"": [0, 3], ""operation_count"": 2}]",0.0,4,random noise,1.0,1.0,1.0,,1.1588399370002662,,25,21,4,1.0,0.0,-21.877724,-12.1785755
Qwen/Qwen3-4B,,hf,squad,57298ef11d0469140077952f,idf,What does the Riemann hypothesis state the source of irregularity in the distribution of points comes from?,"The unproven Riemann hypothesis, dating from 1859, states that except for s = −2, −4, ..., all zeroes of the ζ-function have real part equal to 1/2. The connection to prime numbers is that it essentially says that the primes are as regularly distributed as possible.[clarification needed] From a physical viewpoint, it roughly states that the irregularity in the distribution of primes only comes from random noise. From a mathematical viewpoint, it roughly states that the asymptotic distribution of primes (about x/log x of numbers less than x are primes, the prime number theorem) also holds for much shorter intervals of length about the square root of x (for intervals near x). This hypothesis is generally believed to be correct. In particular, the simplest assumption is that primes should have no significant irregularities without good reason.","[""random noise"", ""random noise"", ""random noise"", ""random noise""]",17,corrupted,keyboard,any,3,3,True,hard,none,What does the Riemann hyllthesis state the source of urrrgularity in the distribution of poinrw comes from?,42165814.0,"[{""edit_num"": 1, ""old"": ""points"", ""new"": ""poinrw"", ""location"": ""any"", ""typo_type"": ""keyboard"", ""difficulty"": ""hard"", ""word_index"": 14, ""char_indices"": [4, 5], ""operation_count"": 2}, {""edit_num"": 2, ""old"": ""irregularity"", ""new"": ""urrrgularity"", ""location"": ""any"", ""typo_type"": ""keyboard"", ""difficulty"": ""hard"", ""word_index"": 9, ""char_indices"": [0, 3], ""operation_count"": 2}, {""edit_num"": 3, ""old"": ""hypothesis"", ""new"": ""hyllthesis"", ""location"": ""any"", ""typo_type"": ""keyboard"", ""difficulty"": ""hard"", ""word_index"": 4, ""char_indices"": [2, 3], ""operation_count"": 2}]",0.0,6,random noise,1.0,1.0,1.0,,1.16154092799934,,27,21,6,1.0,0.0,-28.498026,-6.497111
Qwen/Qwen3-4B,,hf,squad,5729efab3f37b319004785cf,idf,What are the phagocytes that are located in tissues in contact with the external environment called?,"Dendritic cells (DC) are phagocytes in tissues that are in contact with the external environment; therefore, they are located mainly in the skin, nose, lungs, stomach, and intestines. They are named for their resemblance to neuronal dendrites, as both have many spine-like projections, but dendritic cells are in no way connected to the nervous system. Dendritic cells serve as a link between the bodily tissues and the innate and adaptive immune systems, as they present antigens to T cells, one of the key cell types of the adaptive immune system.","[""Dendritic cells"", ""Dendritic cells"", ""Dendritic cells""]",16,clean,none,none,0,0,True,none,none,What are the phagocytes that are located in tissues in contact with the external environment called?,,[],,0,Dendritic cells.,1.0,1.0,1.0,,1.0545058950001476,,19,19,0,1.0,0.0,5.9306226,-35.12813
Qwen/Qwen3-4B,,hf,squad,5729efab3f37b319004785cf,idf,What are the phagocytes that are located in tissues in contact with the external environment called?,"Dendritic cells (DC) are phagocytes in tissues that are in contact with the external environment; therefore, they are located mainly in the skin, nose, lungs, stomach, and intestines. They are named for their resemblance to neuronal dendrites, as both have many spine-like projections, but dendritic cells are in no way connected to the nervous system. Dendritic cells serve as a link between the bodily tissues and the innate and adaptive immune systems, as they present antigens to T cells, one of the key cell types of the adaptive immune system.","[""Dendritic cells"", ""Dendritic cells"", ""Dendritic cells""]",16,corrupted,keyboard,any,1,1,True,hard,none,What are the phagocytes fhqt are located in tissues in contact with the external environment called?,42405982.0,"[{""edit_num"": 1, ""old"": ""that"", ""new"": ""fhqt"", ""location"": ""any"", ""typo_type"": ""keyboard"", ""difficulty"": ""hard"", ""word_index"": 4, ""char_indices"": [0, 2], ""operation_count"": 2}]",0.0,2,Dendritic cells.,1.0,1.0,1.0,,1.213391080999827,,20,19,1,1.0,0.0,-16.20587,-18.305098
Qwen/Qwen3-4B,,hf,squad,5729efab3f37b319004785cf,idf,What are the phagocytes that are located in tissues in contact with the external environment called?,"Dendritic cells (DC) are phagocytes in tissues that are in contact with the external environment; therefore, they are located mainly in the skin, nose, lungs, stomach, and intestines. They are named for their resemblance to neuronal dendrites, as both have many spine-like projections, but dendritic cells are in no way connected to the nervous system. Dendritic cells serve as a link between the bodily tissues and the innate and adaptive immune systems, as they present antigens to T cells, one of the key cell types of the adaptive immune system.","[""Dendritic cells"", ""Dendritic cells"", ""Dendritic cells""]",16,corrupted,keyboard,any,2,2,True,hard,none,What are the phagocytes fhqt are located in tiszyes in contact with the external environment called?,42405982.0,"[{""edit_num"": 1, ""old"": ""that"", ""new"": ""fhqt"", ""location"": ""any"", ""typo_type"": ""keyboard"", ""difficulty"": ""hard"", ""word_index"": 4, ""char_indices"": [0, 2], ""operation_count"": 2}, {""edit_num"": 2, ""old"": ""tissues"", ""new"": ""tiszyes"", ""location"": ""any"", ""typo_type"": ""keyboard"", ""difficulty"": ""hard"", ""word_index"": 8, ""char_indices"": [3, 4], ""operation_count"": 2}]",0.0,4,Dendritic cells.,1.0,1.0,1.0,,1.0883469410000544,,23,19,4,1.0,0.0,-24.147572,-13.4937
Qwen/Qwen3-4B,,hf,squad,5729efab3f37b319004785cf,idf,What are the phagocytes that are located in tissues in contact with the external environment called?,"Dendritic cells (DC) are phagocytes in tissues that are in contact with the external environment; therefore, they are located mainly in the skin, nose, lungs, stomach, and intestines. They are named for their resemblance to neuronal dendrites, as both have many spine-like projections, but dendritic cells are in no way connected to the nervous system. Dendritic cells serve as a link between the bodily tissues and the innate and adaptive immune systems, as they present antigens to T cells, one of the key cell types of the adaptive immune system.","[""Dendritic cells"", ""Dendritic cells"", ""Dendritic cells""]",16,corrupted,keyboard,any,3,3,True,hard,none,What are the phagocytes fhqt are locqtrd in tiszyes in contact with the external environment called?,42405982.0,"[{""edit_num"": 1, ""old"": ""that"", ""new"": ""fhqt"", ""location"": ""any"", ""typo_type"": ""keyboard"", ""difficulty"": ""hard"", ""word_index"": 4, ""char_indices"": [0, 2], ""operation_count"": 2}, {""edit_num"": 2, ""old"": ""tissues"", ""new"": ""tiszyes"", ""location"": ""any"", ""typo_type"": ""keyboard"", ""difficulty"": ""hard"", ""word_index"": 8, ""char_indices"": [3, 4], ""operation_count"": 2}, {""edit_num"": 3, ""old"": ""located"", ""new"": ""locqtrd"", ""location"": ""any"", ""typo_type"": ""keyboard"", ""difficulty"": ""hard"", ""word_index"": 6, ""char_indices"": [3, 5], ""operation_count"": 2}]",0.0,6,Dendritic cells,1.0,1.0,1.0,,1.042750180999974,,26,19,7,1.0,0.0,-31.605522,-9.408781
Qwen/Qwen3-4B,,hf,squad,572a0c541d046914007796f5,idf,When was consumption inequality lower than it had been in 1986?,"Conservative researchers have argued that income inequality is not significant because consumption, rather than income should be the measure of inequality, and inequality of consumption is less extreme than inequality of income in the US. Will Wilkinson of the libertarian Cato Institute states that ""the weight of the evidence shows that the run-up in consumption inequality has been considerably less dramatic than the rise in income inequality,"" and consumption is more important than income. According to Johnson, Smeeding, and Tory, consumption inequality was actually lower in 2001 than it was in 1986. The debate is summarized in ""The Hidden Prosperity of the Poor"" by journalist Thomas B. Edsall. Other studies have not found consumption inequality less dramatic than household income inequality, and the CBO's study found consumption data not ""adequately"" capturing ""consumption by high-income households"" as it does their income, though it did agree that household consumption numbers show more equal distribution than household income.","[""2001"", ""2001"", ""2001""]",10,clean,none,none,0,0,True,none,none,When was consumption inequality lower than it had been in 1986?,,[],,0,2001,1.0,1.0,1.0,,1.2694815510003536,,16,16,0,1.0,0.0,8.70342,-6.3831286
Qwen/Qwen3-4B,,hf,squad,572a0c541d046914007796f5,idf,When was consumption inequality lower than it had been in 1986?,"Conservative researchers have argued that income inequality is not significant because consumption, rather than income should be the measure of inequality, and inequality of consumption is less extreme than inequality of income in the US. Will Wilkinson of the libertarian Cato Institute states that ""the weight of the evidence shows that the run-up in consumption inequality has been considerably less dramatic than the rise in income inequality,"" and consumption is more important than income. According to Johnson, Smeeding, and Tory, consumption inequality was actually lower in 2001 than it was in 1986. The debate is summarized in ""The Hidden Prosperity of the Poor"" by journalist Thomas B. Edsall. Other studies have not found consumption inequality less dramatic than household income inequality, and the CBO's study found consumption data not ""adequately"" capturing ""consumption by high-income households"" as it does their income, though it did agree that household consumption numbers show more equal distribution than household income.","[""2001"", ""2001"", ""2001""]",10,corrupted,keyboard,any,1,1,True,hard,none,When was consumption inrauality lower than it had been in 1986?,43356647.0,"[{""edit_num"": 1, ""old"": ""inequality"", ""new"": ""inrauality"", ""location"": ""any"", ""typo_type"": ""keyboard"", ""difficulty"": ""hard"", ""word_index"": 3, ""char_indices"": [2, 3], ""operation_count"": 2}]",0.0,2,2001,1.0,1.0,1.0,,1.2810778729999583,,18,16,2,1.0,0.0,-5.6144094,-0.9936278
Qwen/Qwen3-4B,,hf,squad,572a0c541d046914007796f5,idf,When was consumption inequality lower than it had been in 1986?,"Conservative researchers have argued that income inequality is not significant because consumption, rather than income should be the measure of inequality, and inequality of consumption is less extreme than inequality of income in the US. Will Wilkinson of the libertarian Cato Institute states that ""the weight of the evidence shows that the run-up in consumption inequality has been considerably less dramatic than the rise in income inequality,"" and consumption is more important than income. According to Johnson, Smeeding, and Tory, consumption inequality was actually lower in 2001 than it was in 1986. The debate is summarized in ""The Hidden Prosperity of the Poor"" by journalist Thomas B. Edsall. Other studies have not found consumption inequality less dramatic than household income inequality, and the CBO's study found consumption data not ""adequately"" capturing ""consumption by high-income households"" as it does their income, though it did agree that household consumption numbers show more equal distribution than household income.","[""2001"", ""2001"", ""2001""]",10,corrupted,keyboard,any,2,2,True,hard,none,When was consumption inrauality lower tgsn it had been in 1986?,43356647.0,"[{""edit_num"": 1, ""old"": ""inequality"", ""new"": ""inrauality"", ""location"": ""any"", ""typo_type"": ""keyboard"", ""difficulty"": ""hard"", ""word_index"": 3, ""char_indices"": [2, 3], ""operation_count"": 2}, {""edit_num"": 2, ""old"": ""than"", ""new"": ""tgsn"", ""location"": ""any"", ""typo_type"": ""keyboard"", ""difficulty"": ""hard"", ""word_index"": 5, ""char_indices"": [1, 2], ""operation_count"": 2}]",0.0,4,2001,1.0,1.0,1.0,,1.2859229590003451,,20,16,4,1.0,0.0,-18.716753,2.7937486
Qwen/Qwen3-4B,,hf,squad,572a0c541d046914007796f5,idf,When was consumption inequality lower than it had been in 1986?,"Conservative researchers have argued that income inequality is not significant because consumption, rather than income should be the measure of inequality, and inequality of consumption is less extreme than inequality of income in the US. Will Wilkinson of the libertarian Cato Institute states that ""the weight of the evidence shows that the run-up in consumption inequality has been considerably less dramatic than the rise in income inequality,"" and consumption is more important than income. According to Johnson, Smeeding, and Tory, consumption inequality was actually lower in 2001 than it was in 1986. The debate is summarized in ""The Hidden Prosperity of the Poor"" by journalist Thomas B. Edsall. Other studies have not found consumption inequality less dramatic than household income inequality, and the CBO's study found consumption data not ""adequately"" capturing ""consumption by high-income households"" as it does their income, though it did agree that household consumption numbers show more equal distribution than household income.","[""2001"", ""2001"", ""2001""]",10,corrupted,keyboard,any,3,3,True,hard,none,When was consumotiln inrauality lower tgsn it had been in 1986?,43356647.0,"[{""edit_num"": 1, ""old"": ""inequality"", ""new"": ""inrauality"", ""location"": ""any"", ""typo_type"": ""keyboard"", ""difficulty"": ""hard"", ""word_index"": 3, ""char_indices"": [2, 3], ""operation_count"": 2}, {""edit_num"": 2, ""old"": ""than"", ""new"": ""tgsn"", ""location"": ""any"", ""typo_type"": ""keyboard"", ""difficulty"": ""hard"", ""word_index"": 5, ""char_indices"": [1, 2], ""operation_count"": 2}, {""edit_num"": 3, ""old"": ""consumption"", ""new"": ""consumotiln"", ""location"": ""any"", ""typo_type"": ""keyboard"", ""difficulty"": ""hard"", ""word_index"": 2, ""char_indices"": [6, 9], ""operation_count"": 2}]",0.0,6,2001,1.0,1.0,1.0,,1.4081503229999726,,23,16,7,1.0,0.0,-27.303661,5.5033035
Qwen/Qwen3-4B,,hf,squad,572fc8a904bcaa1900d76d20,idf,What topic do private bills typically have?,"A further type of committee is normally set up to scrutinise private bills submitted to the Scottish Parliament by an outside party or promoter who is not a member of the Scottish Parliament or Scottish Government. Private bills normally relate to large-scale development projects such as infrastructure projects that require the use of land or property. Private Bill Committees have been set up to consider legislation on issues such as the development of the Edinburgh Tram Network, the Glasgow Airport Rail Link, the Airdrie-Bathgate Rail Link and extensions to the National Gallery of Scotland.","[""large-scale development projects"", ""large-scale development projects"", ""large-scale development projects""]",7,clean,none,none,0,0,True,none,none,What topic do private bills typically have?,,[],,0,large-scale development projects such as infrastructure projects that require the use of land or property.,0.0,0.3529411764705882,1.0,,1.862624493000112,,8,8,0,0.3529411764705882,0.0,32.456116,-36.668125
Qwen/Qwen3-4B,,hf,squad,572fc8a904bcaa1900d76d20,idf,What topic do private bills typically have?,"A further type of committee is normally set up to scrutinise private bills submitted to the Scottish Parliament by an outside party or promoter who is not a member of the Scottish Parliament or Scottish Government. Private bills normally relate to large-scale development projects such as infrastructure projects that require the use of land or property. Private Bill Committees have been set up to consider legislation on issues such as the development of the Edinburgh Tram Network, the Glasgow Airport Rail Link, the Airdrie-Bathgate Rail Link and extensions to the National Gallery of Scotland.","[""large-scale development projects"", ""large-scale development projects"", ""large-scale development projects""]",7,corrupted,keyboard,any,1,1,True,hard,none,What topic do orivafe bills typically have?,42666164.0,"[{""edit_num"": 1, ""old"": ""private"", ""new"": ""orivafe"", ""location"": ""any"", ""typo_type"": ""keyboard"", ""difficulty"": ""hard"", ""word_index"": 3, ""char_indices"": [0, 5], ""operation_count"": 2}]",0.0,2,large-scale development projects such as infrastructure projects that require the use of land or property.,0.0,0.3529411764705882,1.0,,1.6768693720005103,,10,8,2,0.3529411764705882,0.0,9.690831,-20.792595
Qwen/Qwen3-4B,,hf,squad,572fc8a904bcaa1900d76d20,idf,What topic do private bills typically have?,"A further type of committee is normally set up to scrutinise private bills submitted to the Scottish Parliament by an outside party or promoter who is not a member of the Scottish Parliament or Scottish Government. Private bills normally relate to large-scale development projects such as infrastructure projects that require the use of land or property. Private Bill Committees have been set up to consider legislation on issues such as the development of the Edinburgh Tram Network, the Glasgow Airport Rail Link, the Airdrie-Bathgate Rail Link and extensions to the National Gallery of Scotland.","[""large-scale development projects"", ""large-scale development projects"", ""large-scale development projects""]",7,corrupted,keyboard,any,2,2,True,hard,none,What topic do orivafe bills typically hacr?,42666164.0,"[{""edit_num"": 1, ""old"": ""private"", ""new"": ""orivafe"", ""location"": ""any"", ""typo_type"": ""keyboard"", ""difficulty"": ""hard"", ""word_index"": 3, ""char_indices"": [0, 5], ""operation_count"": 2}, {""edit_num"": 2, ""old"": ""have"", ""new"": ""hacr"", ""location"": ""any"", ""typo_type"": ""keyboard"", ""difficulty"": ""hard"", ""word_index"": 6, ""char_indices"": [2, 3], ""operation_count"": 2}]",0.0,4,large-scale development projects such as infrastructure projects that require the use of land or property.,0.0,0.3529411764705882,1.0,,1.59388521999972,,11,8,3,0.3529411764705882,0.0,-1.2983936,-16.265316
Qwen/Qwen3-4B,,hf,squad,572fc8a904bcaa1900d76d20,idf,What topic do private bills typically have?,"A further type of committee is normally set up to scrutinise private bills submitted to the Scottish Parliament by an outside party or promoter who is not a member of the Scottish Parliament or Scottish Government. Private bills normally relate to large-scale development projects such as infrastructure projects that require the use of land or property. Private Bill Committees have been set up to consider legislation on issues such as the development of the Edinburgh Tram Network, the Glasgow Airport Rail Link, the Airdrie-Bathgate Rail Link and extensions to the National Gallery of Scotland.","[""large-scale development projects"", ""large-scale development projects"", ""large-scale development projects""]",7,corrupted,keyboard,any,3,3,True,hard,none,What topic do orivafe bilkx typically hacr?,42666164.0,"[{""edit_num"": 1, ""old"": ""private"", ""new"": ""orivafe"", ""location"": ""any"", ""typo_type"": ""keyboard"", ""difficulty"": ""hard"", ""word_index"": 3, ""char_indices"": [0, 5], ""operation_count"": 2}, {""edit_num"": 2, ""old"": ""have"", ""new"": ""hacr"", ""location"": ""any"", ""typo_type"": ""keyboard"", ""difficulty"": ""hard"", ""word_index"": 6, ""char_indices"": [2, 3], ""operation_count"": 2}, {""edit_num"": 3, ""old"": ""bills"", ""new"": ""bilkx"", ""location"": ""any"", ""typo_type"": ""keyboard"", ""difficulty"": ""hard"", ""word_index"": 4, ""char_indices"": [3, 4], ""operation_count"": 2}]",0.0,6,large-scale development projects such as infrastructure projects that require the use of land or property.,0.0,0.3529411764705882,1.0,,1.5956561680004595,,13,8,5,0.3529411764705882,0.0,-17.427448,-8.40373
Qwen/Qwen3-4B,,hf,squad,57300137b2c2fd1400568717,idf,Who was an important early figure in the Islamic revival in India?,"Sayyid Abul Ala Maududi was an important early twentieth-century figure in the Islamic revival in India, and then after independence from Britain, in Pakistan. Trained as a lawyer he chose the profession of journalism, and wrote about contemporary issues and most importantly about Islam and Islamic law. Maududi founded the Jamaat-e-Islami party in 1941 and remained its leader until 1972. However, Maududi had much more impact through his writing than through his political organising. His extremely influential books (translated into many languages) placed Islam in a modern context, and influenced not only conservative ulema but liberal modernizer Islamists such as al-Faruqi, whose ""Islamization of Knowledge"" carried forward some of Maududi's key principles.","[""Sayyid Abul Ala Maududi"", ""Sayyid Abul Ala Maududi"", ""Sayyid Abul Ala Maududi""]",12,clean,none,none,0,0,True,none,none,Who was an important early figure in the Islamic revival in India?,,[],,0,Sayyid Abul Ala Maududi,1.0,1.0,1.0,,1.481301369999528,,13,13,0,1.0,0.0,31.029232,-17.283382
Qwen/Qwen3-4B,,hf,squad,57300137b2c2fd1400568717,idf,Who was an important early figure in the Islamic revival in India?,"Sayyid Abul Ala Maududi was an important early twentieth-century figure in the Islamic revival in India, and then after independence from Britain, in Pakistan. Trained as a lawyer he chose the profession of journalism, and wrote about contemporary issues and most importantly about Islam and Islamic law. Maududi founded the Jamaat-e-Islami party in 1941 and remained its leader until 1972. However, Maududi had much more impact through his writing than through his political organising. His extremely influential books (translated into many languages) placed Islam in a modern context, and influenced not only conservative ulema but liberal modernizer Islamists such as al-Faruqi, whose ""Islamization of Knowledge"" carried forward some of Maududi's key principles.","[""Sayyid Abul Ala Maududi"", ""Sayyid Abul Ala Maududi"", ""Sayyid Abul Ala Maududi""]",12,corrupted,keyboard,any,1,1,True,hard,none,Who was an important early figure in the Ixlanic revival in India?,43526766.0,"[{""edit_num"": 1, ""old"": ""Islamic"", ""new"": ""Ixlanic"", ""location"": ""any"", ""typo_type"": ""keyboard"", ""difficulty"": ""hard"", ""word_index"": 8, ""char_indices"": [1, 4], ""operation_count"": 2}]",0.0,2,Sayyid Abul Ala Maududi,1.0,1.0,1.0,,1.3867830769995635,,16,13,3,1.0,0.0,13.454889,-9.005779
Qwen/Qwen3-4B,,hf,squad,57300137b2c2fd1400568717,idf,Who was an important early figure in the Islamic revival in India?,"Sayyid Abul Ala Maududi was an important early twentieth-century figure in the Islamic revival in India, and then after independence from Britain, in Pakistan. Trained as a lawyer he chose the profession of journalism, and wrote about contemporary issues and most importantly about Islam and Islamic law. Maududi founded the Jamaat-e-Islami party in 1941 and remained its leader until 1972. However, Maududi had much more impact through his writing than through his political organising. His extremely influential books (translated into many languages) placed Islam in a modern context, and influenced not only conservative ulema but liberal modernizer Islamists such as al-Faruqi, whose ""Islamization of Knowledge"" carried forward some of Maududi's key principles.","[""Sayyid Abul Ala Maududi"", ""Sayyid Abul Ala Maududi"", ""Sayyid Abul Ala Maududi""]",12,corrupted,keyboard,any,2,2,True,hard,none,Who was an important datly figure in the Ixlanic revival in India?,43526766.0,"[{""edit_num"": 1, ""old"": ""Islamic"", ""new"": ""Ixlanic"", ""location"": ""any"", ""typo_type"": ""keyboard"", ""difficulty"": ""hard"", ""word_index"": 8, ""char_indices"": [1, 4], ""operation_count"": 2}, {""edit_num"": 2, ""old"": ""early"", ""new"": ""datly"", ""location"": ""any"", ""typo_type"": ""keyboard"", ""difficulty"": ""hard"", ""word_index"": 4, ""char_indices"": [0, 2], ""operation_count"": 2}]",0.0,4,Sayyid Abul Ala Maududi,1.0,1.0,1.0,,1.3347473300000274,,17,13,4,1.0,0.0,-1.4000063,-4.1896434
Qwen/Qwen3-4B,,hf,squad,57300137b2c2fd1400568717,idf,Who was an important early figure in the Islamic revival in India?,"Sayyid Abul Ala Maududi was an important early twentieth-century figure in the Islamic revival in India, and then after independence from Britain, in Pakistan. Trained as a lawyer he chose the profession of journalism, and wrote about contemporary issues and most importantly about Islam and Islamic law. Maududi founded the Jamaat-e-Islami party in 1941 and remained its leader until 1972. However, Maududi had much more impact through his writing than through his political organising. His extremely influential books (translated into many languages) placed Islam in a modern context, and influenced not only conservative ulema but liberal modernizer Islamists such as al-Faruqi, whose ""Islamization of Knowledge"" carried forward some of Maududi's key principles.","[""Sayyid Abul Ala Maududi"", ""Sayyid Abul Ala Maududi"", ""Sayyid Abul Ala Maududi""]",12,corrupted,keyboard,any,3,3,True,hard,none,Who was an important datly figure in the Ixlanic revival in Jndiw?,43526766.0,"[{""edit_num"": 1, ""old"": ""Islamic"", ""new"": ""Ixlanic"", ""location"": ""any"", ""typo_type"": ""keyboard"", ""difficulty"": ""hard"", ""word_index"": 8, ""char_indices"": [1, 4], ""operation_count"": 2}, {""edit_num"": 2, ""old"": ""early"", ""new"": ""datly"", ""location"": ""any"", ""typo_type"": ""keyboard"", ""difficulty"": ""hard"", ""word_index"": 4, ""char_indices"": [0, 2], ""operation_count"": 2}, {""edit_num"": 3, ""old"": ""India"", ""new"": ""Jndiw"", ""location"": ""any"", ""typo_type"": ""keyboard"", ""difficulty"": ""hard"", ""word_index"": 11, ""char_indices"": [0, 4], ""operation_count"": 2}]",0.0,6,Sayyid Abul Ala Maududi,1.0,1.0,1.0,,1.3437469959999362,,19,13,6,1.0,0.0,-8.192608,-0.1710919
Qwen/Qwen3-4B,,hf,squad,5730a40f396df91900096237,idf,What happened to the East India Trading Company in 1767?,"Britain's imperialist ambitions can be seen as early as the sixteenth century. In 1599 the British East India Company was established and was chartered by Queen Elizabeth in the following year. With the establishment of trading posts in India, the British were able to maintain strength relative to others empires such as the Portuguese who already had set up trading posts in India. In 1767 political activity caused exploitation of the East India Company causing the plundering of the local economy, almost bringing the company into bankruptcy.","[""exploitation"", ""political activity caused exploitation"", ""political activity caused exploitation"", ""exploitation"", ""exploitation""]",9,clean,none,none,0,0,True,none,none,What happened to the East India Trading Company in 1767?,,[],,0,"plundering of the local economy, almost bringing the company into bankruptcy.",0.0,0.0,0.0,,1.4782475290003276,,15,15,0,0.0,0.0,26.11453,-6.724512
Qwen/Qwen3-4B,,hf,squad,5730a40f396df91900096237,idf,What happened to the East India Trading Company in 1767?,"Britain's imperialist ambitions can be seen as early as the sixteenth century. In 1599 the British East India Company was established and was chartered by Queen Elizabeth in the following year. With the establishment of trading posts in India, the British were able to maintain strength relative to others empires such as the Portuguese who already had set up trading posts in India. In 1767 political activity caused exploitation of the East India Company causing the plundering of the local economy, almost bringing the company into bankruptcy.","[""exploitation"", ""political activity caused exploitation"", ""political activity caused exploitation"", ""exploitation"", ""exploitation""]",9,corrupted,keyboard,any,1,1,True,hard,none,What happened to the East India Tradibf Company in 1767?,43897025.0,"[{""edit_num"": 1, ""old"": ""Trading"", ""new"": ""Tradibf"", ""location"": ""any"", ""typo_type"": ""keyboard"", ""difficulty"": ""hard"", ""word_index"": 6, ""char_indices"": [5, 6], ""operation_count"": 2}]",0.0,2,"plundering of the local economy, almost bringing the company into bankruptcy.",0.0,0.0,0.0,,1.7525968210002247,,17,15,2,0.0,0.0,4.731657,2.6372595
Qwen/Qwen3-4B,,hf,squad,5730a40f396df91900096237,idf,What happened to the East India Trading Company in 1767?,"Britain's imperialist ambitions can be seen as early as the sixteenth century. In 1599 the British East India Company was established and was chartered by Queen Elizabeth in the following year. With the establishment of trading posts in India, the British were able to maintain strength relative to others empires such as the Portuguese who already had set up trading posts in India. In 1767 political activity caused exploitation of the East India Company causing the plundering of the local economy, almost bringing the company into bankruptcy.","[""exploitation"", ""political activity caused exploitation"", ""political activity caused exploitation"", ""exploitation"", ""exploitation""]",9,corrupted,keyboard,any,2,2,True,hard,none,What happened to the Rwst India Tradibf Company in 1767?,43897025.0,"[{""edit_num"": 1, ""old"": ""Trading"", ""new"": ""Tradibf"", ""location"": ""any"", ""typo_type"": ""keyboard"", ""difficulty"": ""hard"", ""word_index"": 6, ""char_indices"": [5, 6], ""operation_count"": 2}, {""edit_num"": 2, ""old"": ""East"", ""new"": ""Rwst"", ""location"": ""any"", ""typo_type"": ""keyboard"", ""difficulty"": ""hard"", ""word_index"": 4, ""char_indices"": [0, 1], ""operation_count"": 2}]",0.0,4,"plundering of the local economy, almost bringing the company into bankruptcy.",0.0,0.0,0.0,,1.4598230239998884,,18,15,3,0.0,0.0,-10.380466,9.441579
Qwen/Qwen3-4B,,hf,squad,5730a40f396df91900096237,idf,What happened to the East India Trading Company in 1767?,"Britain's imperialist ambitions can be seen as early as the sixteenth century. In 1599 the British East India Company was established and was chartered by Queen Elizabeth in the following year. With the establishment of trading posts in India, the British were able to maintain strength relative to others empires such as the Portuguese who already had set up trading posts in India. In 1767 political activity caused exploitation of the East India Company causing the plundering of the local economy, almost bringing the company into bankruptcy.","[""exploitation"", ""political activity caused exploitation"", ""political activity caused exploitation"", ""exploitation"", ""exploitation""]",9,corrupted,keyboard,any,3,3,True,hard,none,What haplenrd to the Rwst India Tradibf Company in 1767?,43897025.0,"[{""edit_num"": 1, ""old"": ""Trading"", ""new"": ""Tradibf"", ""location"": ""any"", ""typo_type"": ""keyboard"", ""difficulty"": ""hard"", ""word_index"": 6, ""char_indices"": [5, 6], ""operation_count"": 2}, {""edit_num"": 2, ""old"": ""East"", ""new"": ""Rwst"", ""location"": ""any"", ""typo_type"": ""keyboard"", ""difficulty"": ""hard"", ""word_index"": 4, ""char_indices"": [0, 1], ""operation_count"": 2}, {""edit_num"": 3, ""old"": ""happened"", ""new"": ""haplenrd"", ""location"": ""any"", ""typo_type"": ""keyboard"", ""difficulty"": ""hard"", ""word_index"": 1, ""char_indices"": [3, 6], ""operation_count"": 2}]",0.0,6,"Exploitation of the East India Company causing the plundering of the local economy, almost bringing the company into bankruptcy.",0.0,0.125,1.0,,2.433175405999464,,20,15,5,0.0,-0.125,-22.310637,14.180423
Qwen/Qwen3-4B,,hf,squad,5733ea04d058e614000b6596,idf,Where was Marin's second fort constructed?,"In the spring of 1753, Paul Marin de la Malgue was given command of a 2,000-man force of Troupes de la Marine and Indians. His orders were to protect the King's land in the Ohio Valley from the British. Marin followed the route that Céloron had mapped out four years earlier, but where Céloron had limited the record of French claims to the burial of lead plates, Marin constructed and garrisoned forts. He first constructed Fort Presque Isle (near present-day Erie, Pennsylvania) on Lake Erie's south shore. He had a road built to the headwaters of LeBoeuf Creek. Marin constructed a second fort at Fort Le Boeuf (present-day Waterford, Pennsylvania), designed to guard the headwaters of LeBoeuf Creek. As he moved south, he drove off or captured British traders, alarming both the British and the Iroquois. Tanaghrisson, a chief of the Mingo, who were remnants of Iroquois and other tribes who had been driven west by colonial expansion. He intensely disliked the French (whom he accused of killing and eating his father). Traveling to Fort Le Boeuf, he threatened the French with military action, which Marin contemptuously dismissed.","[""Fort Le Boeuf (present-day Waterford, Pennsylvania"", ""Fort Le Boeuf"", ""present-day Waterford, Pennsylvania"", ""Fort Le Boeuf"", ""present-day Waterford, Pennsylvania""]",7,clean,none,none,0,0,True,none,none,Where was Marin's second fort constructed?,,[],,0,"Fort Le Boeuf (present-day Waterford, Pennsylvania)",1.0,1.0,1.0,,1.9690430919999928,,8,8,0,1.0,0.0,37.747387,5.710058
Qwen/Qwen3-4B,,hf,squad,5733ea04d058e614000b6596,idf,Where was Marin's second fort constructed?,"In the spring of 1753, Paul Marin de la Malgue was given command of a 2,000-man force of Troupes de la Marine and Indians. His orders were to protect the King's land in the Ohio Valley from the British. Marin followed the route that Céloron had mapped out four years earlier, but where Céloron had limited the record of French claims to the burial of lead plates, Marin constructed and garrisoned forts. He first constructed Fort Presque Isle (near present-day Erie, Pennsylvania) on Lake Erie's south shore. He had a road built to the headwaters of LeBoeuf Creek. Marin constructed a second fort at Fort Le Boeuf (present-day Waterford, Pennsylvania), designed to guard the headwaters of LeBoeuf Creek. As he moved south, he drove off or captured British traders, alarming both the British and the Iroquois. Tanaghrisson, a chief of the Mingo, who were remnants of Iroquois and other tribes who had been driven west by colonial expansion. He intensely disliked the French (whom he accused of killing and eating his father). Traveling to Fort Le Boeuf, he threatened the French with military action, which Marin contemptuously dismissed.","[""Fort Le Boeuf (present-day Waterford, Pennsylvania"", ""Fort Le Boeuf"", ""present-day Waterford, Pennsylvania"", ""Fort Le Boeuf"", ""present-day Waterford, Pennsylvania""]",7,corrupted,keyboard,any,1,1,True,hard,none,Where was Markj's second fort constructed?,43136493.0,"[{""edit_num"": 1, ""old"": ""Marin"", ""new"": ""Markj"", ""location"": ""any"", ""typo_type"": ""keyboard"", ""difficulty"": ""hard"", ""word_index"": 2, ""char_indices"": [3, 4], ""operation_count"": 2}]",0.0,2,"Fort Le Boeuf (present-day Waterford, Pennsylvania)",1.0,1.0,1.0,,1.9878446080001595,,9,8,1,1.0,0.0,24.120445,14.13816
Qwen/Qwen3-4B,,hf,squad,5733ea04d058e614000b6596,idf,Where was Marin's second fort constructed?,"In the spring of 1753, Paul Marin de la Malgue was given command of a 2,000-man force of Troupes de la Marine and Indians. His orders were to protect the King's land in the Ohio Valley from the British. Marin followed the route that Céloron had mapped out four years earlier, but where Céloron had limited the record of French claims to the burial of lead plates, Marin constructed and garrisoned forts. He first constructed Fort Presque Isle (near present-day Erie, Pennsylvania) on Lake Erie's south shore. He had a road built to the headwaters of LeBoeuf Creek. Marin constructed a second fort at Fort Le Boeuf (present-day Waterford, Pennsylvania), designed to guard the headwaters of LeBoeuf Creek. As he moved south, he drove off or captured British traders, alarming both the British and the Iroquois. Tanaghrisson, a chief of the Mingo, who were remnants of Iroquois and other tribes who had been driven west by colonial expansion. He intensely disliked the French (whom he accused of killing and eating his father). Traveling to Fort Le Boeuf, he threatened the French with military action, which Marin contemptuously dismissed.","[""Fort Le Boeuf (present-day Waterford, Pennsylvania"", ""Fort Le Boeuf"", ""present-day Waterford, Pennsylvania"", ""Fort Le Boeuf"", ""present-day Waterford, Pennsylvania""]",7,corrupted,keyboard,any,2,2,True,hard,none,Where was Markj's second foeg constructed?,43136493.0,"[{""edit_num"": 1, ""old"": ""Marin"", ""new"": ""Markj"", ""location"": ""any"", ""typo_type"": ""keyboard"", ""difficulty"": ""hard"", ""word_index"": 2, ""char_indices"": [3, 4], ""operation_count"": 2}, {""edit_num"": 2, ""old"": ""fort"", ""new"": ""foeg"", ""location"": ""any"", ""typo_type"": ""keyboard"", ""difficulty"": ""hard"", ""word_index"": 5, ""char_indices"": [2, 3], ""operation_count"": 2}]",0.0,4,"Fort Le Boeuf (present-day Waterford, Pennsylvania)",1.0,1.0,1.0,,1.9865666420000707,,10,8,2,1.0,0.0,10.4276,16.920935
Qwen/Qwen3-4B,,hf,squad,5733ea04d058e614000b6596,idf,Where was Marin's second fort constructed?,"In the spring of 1753, Paul Marin de la Malgue was given command of a 2,000-man force of Troupes de la Marine and Indians. His orders were to protect the King's land in the Ohio Valley from the British. Marin followed the route that Céloron had mapped out four years earlier, but where Céloron had limited the record of French claims to the burial of lead plates, Marin constructed and garrisoned forts. He first constructed Fort Presque Isle (near present-day Erie, Pennsylvania) on Lake Erie's south shore. He had a road built to the headwaters of LeBoeuf Creek. Marin constructed a second fort at Fort Le Boeuf (present-day Waterford, Pennsylvania), designed to guard the headwaters of LeBoeuf Creek. As he moved south, he drove off or captured British traders, alarming both the British and the Iroquois. Tanaghrisson, a chief of the Mingo, who were remnants of Iroquois and other tribes who had been driven west by colonial expansion. He intensely disliked the French (whom he accused of killing and eating his father). Traveling to Fort Le Boeuf, he threatened the French with military action, which Marin contemptuously dismissed.","[""Fort Le Boeuf (present-day Waterford, Pennsylvania"", ""Fort Le Boeuf"", ""present-day Waterford, Pennsylvania"", ""Fort Le Boeuf"", ""present-day Waterford, Pennsylvania""]",7,corrupted,keyboard,any,3,3,True,hard,none,Wbdre was Markj's second foeg constructed?,43136493.0,"[{""edit_num"": 1, ""old"": ""Marin"", ""new"": ""Markj"", ""location"": ""any"", ""typo_type"": ""keyboard"", ""difficulty"": ""hard"", ""word_index"": 2, ""char_indices"": [3, 4], ""operation_count"": 2}, {""edit_num"": 2, ""old"": ""fort"", ""new"": ""foeg"", ""location"": ""any"", ""typo_type"": ""keyboard"", ""difficulty"": ""hard"", ""word_index"": 5, ""char_indices"": [2, 3], ""operation_count"": 2}, {""edit_num"": 3, ""old"": ""Where"", ""new"": ""Wbdre"", ""location"": ""any"", ""typo_type"": ""keyboard"", ""difficulty"": ""hard"", ""word_index"": 0, ""char_indices"": [1, 2], ""operation_count"": 2}]",0.0,6,"Fort Le Boeuf (present-day Waterford, Pennsylvania)",1.0,1.0,1.0,,2.233832967000126,,12,8,4,1.0,0.0,-16.960047,21.877789
Qwen/Qwen3-4B,,hf,squad,57378c9b1c456719005744a9,idf,What magnetic and electric force acts on a charge?,"Through combining the definition of electric current as the time rate of change of electric charge, a rule of vector multiplication called Lorentz's Law describes the force on a charge moving in a magnetic field. The connection between electricity and magnetism allows for the description of a unified electromagnetic force that acts on a charge. This force can be written as a sum of the electrostatic force (due to the electric field) and the magnetic force (due to the magnetic field). Fully stated, this is the law:","[""unified electromagnetic"", ""unified electromagnetic force"", ""electromagnetic"", ""unified electromagnetic force""]",9,clean,none,none,0,0,True,none,none,What magnetic and electric force acts on a charge?,,[],,0,electromagnetic force,0.0,0.8,1.0,,0.7936738630005493,,10,10,0,0.8,0.0,1.2373304,-39.452698
Qwen/Qwen3-4B,,hf,squad,57378c9b1c456719005744a9,idf,What magnetic and electric force acts on a charge?,"Through combining the definition of electric current as the time rate of change of electric charge, a rule of vector multiplication called Lorentz's Law describes the force on a charge moving in a magnetic field. The connection between electricity and magnetism allows for the description of a unified electromagnetic force that acts on a charge. This force can be written as a sum of the electrostatic force (due to the electric field) and the magnetic force (due to the magnetic field). Fully stated, this is the law:","[""unified electromagnetic"", ""unified electromagnetic force"", ""electromagnetic"", ""unified electromagnetic force""]",9,corrupted,keyboard,any,1,1,True,hard,none,What magnetic and electfkc force acts on a charge?,42215849.0,"[{""edit_num"": 1, ""old"": ""electric"", ""new"": ""electfkc"", ""location"": ""any"", ""typo_type"": ""keyboard"", ""difficulty"": ""hard"", ""word_index"": 3, ""char_indices"": [5, 6], ""operation_count"": 2}]",0.0,2,electromagnetic force,0.0,0.8,1.0,,0.8685108050003691,,12,10,2,0.8,0.0,-13.916287,-26.042992
Qwen/Qwen3-4B,,hf,squad,57378c9b1c456719005744a9,idf,What magnetic and electric force acts on a charge?,"Through combining the definition of electric current as the time rate of change of electric charge, a rule of vector multiplication called Lorentz's Law describes the force on a charge moving in a magnetic field. The connection between electricity and magnetism allows for the description of a unified electromagnetic force that acts on a charge. This force can be written as a sum of the electrostatic force (due to the electric field) and the magnetic force (due to the magnetic field). Fully stated, this is the law:","[""unified electromagnetic"", ""unified electromagnetic force"", ""electromagnetic"", ""unified electromagnetic force""]",9,corrupted,keyboard,any,2,2,True,hard,none,What magnetic and electfkc force acts on a dhargs?,42215849.0,"[{""edit_num"": 1, ""old"": ""electric"", ""new"": ""electfkc"", ""location"": ""any"", ""typo_type"": ""keyboard"", ""difficulty"": ""hard"", ""word_index"": 3, ""char_indices"": [5, 6], ""operation_count"": 2}, {""edit_num"": 2, ""old"": ""charge"", ""new"": ""dhargs"", ""location"": ""any"", ""typo_type"": ""keyboard"", ""difficulty"": ""hard"", ""word_index"": 8, ""char_indices"": [0, 5], ""operation_count"": 2}]",0.0,4,electromagnetic force,0.0,0.8,1.0,,0.9512282619998588,,13,10,3,0.8,0.0,-22.167305,-19.956524
Qwen/Qwen3-4B,,hf,squad,57378c9b1c456719005744a9,idf,What magnetic and electric force acts on a charge?,"Through combining the definition of electric current as the time rate of change of electric charge, a rule of vector multiplication called Lorentz's Law describes the force on a charge moving in a magnetic field. The connection between electricity and magnetism allows for the description of a unified electromagnetic force that acts on a charge. This force can be written as a sum of the electrostatic force (due to the electric field) and the magnetic force (due to the magnetic field). Fully stated, this is the law:","[""unified electromagnetic"", ""unified electromagnetic force"", ""electromagnetic"", ""unified electromagnetic force""]",9,corrupted,keyboard,any,3,3,True,hard,none,What magnetic and electfkc force avgs on a dhargs?,42215849.0,"[{""edit_num"": 1, ""old"": ""electric"", ""new"": ""electfkc"", ""location"": ""any"", ""typo_type"": ""keyboard"", ""difficulty"": ""hard"", ""word_index"": 3, ""char_indices"": [5, 6], ""operation_count"": 2}, {""edit_num"": 2, ""old"": ""charge"", ""new"": ""dhargs"", ""location"": ""any"", ""typo_type"": ""keyboard"", ""difficulty"": ""hard"", ""word_index"": 8, ""char_indices"": [0, 5], ""operation_count"": 2}, {""edit_num"": 3, ""old"": ""acts"", ""new"": ""avgs"", ""location"": ""any"", ""typo_type"": ""keyboard"", ""difficulty"": ""hard"", ""word_index"": 5, ""char_indices"": [1, 2], ""operation_count"": 2}]",0.0,6,electrostatic force and the magnetic force,0.0,0.25,0.0,,1.1000605660001384,,14,10,4,0.8,0.55,-29.3315,-14.046185
