example_id,severity,layer,cosine_similarity,cosine_distance,example_score_drop
56beb3a03aeaaa14008c9248,1,0,0.7296236753463745,0.2703763246536255,0.0
56beb3a03aeaaa14008c9248,1,1,0.9285860657691956,0.07141393423080444,0.0
56beb3a03aeaaa14008c9248,1,2,0.9256508350372314,0.07434916496276855,0.0
56beb3a03aeaaa14008c9248,1,3,0.9260602593421936,0.0739397406578064,0.0
56beb3a03aeaaa14008c9248,1,4,0.9104968309402466,0.08950316905975342,0.0
56beb3a03aeaaa14008c9248,1,5,0.9126561880111694,0.08734381198883057,0.0
56beb3a03aeaaa14008c9248,1,6,0.9241650700569153,0.07583492994308472,0.0
56beb3a03aeaaa14008c9248,1,7,0.9121171832084656,0.08788281679153442,0.0
56beb3a03aeaaa14008c9248,1,8,0.9135878682136536,0.08641213178634644,0.0
56beb3a03aeaaa14008c9248,1,9,0.9185076355934143,0.0814923644065857,0.0
56beb3a03aeaaa14008c9248,1,10,0.9190184473991394,0.0809815526008606,0.0
56beb3a03aeaaa14008c9248,1,11,0.9267003536224365,0.07329964637756348,0.0
56beb3a03aeaaa14008c9248,1,12,0.9247331023216248,0.07526689767837524,0.0
56beb3a03aeaaa14008c9248,1,13,0.9302856922149658,0.06971430778503418,0.0
56beb3a03aeaaa14008c9248,1,14,0.9364161491394043,0.0635838508605957,0.0
56beb3a03aeaaa14008c9248,1,15,0.9438371658325195,0.05616283416748047,0.0
56beb3a03aeaaa14008c9248,1,16,0.9477503299713135,0.05224967002868652,0.0
56beb3a03aeaaa14008c9248,1,17,0.9452300071716309,0.05476999282836914,0.0
56beb3a03aeaaa14008c9248,1,18,0.947886049747467,0.05211395025253296,0.0
56beb3a03aeaaa14008c9248,1,19,0.9488608241081238,0.05113917589187622,0.0
56beb3a03aeaaa14008c9248,1,20,0.9508307576179504,0.04916924238204956,0.0
56beb3a03aeaaa14008c9248,1,21,0.9491028785705566,0.05089712142944336,0.0
56beb3a03aeaaa14008c9248,1,22,0.9501403570175171,0.04985964298248291,0.0
56beb3a03aeaaa14008c9248,1,23,0.9424436092376709,0.0575563907623291,0.0
56beb3a03aeaaa14008c9248,1,24,0.9461843967437744,0.053815603256225586,0.0
56beb3a03aeaaa14008c9248,1,25,0.9548482894897461,0.045151710510253906,0.0
56beb3a03aeaaa14008c9248,1,26,0.9562821388244629,0.04371786117553711,0.0
56beb3a03aeaaa14008c9248,1,27,0.9603481888771057,0.03965181112289429,0.0
56beb3a03aeaaa14008c9248,1,28,0.9592424631118774,0.04075753688812256,0.0
56beb3a03aeaaa14008c9248,1,29,0.9608373045921326,0.03916269540786743,0.0
56beb3a03aeaaa14008c9248,1,30,0.96356201171875,0.03643798828125,0.0
56beb3a03aeaaa14008c9248,1,31,0.9678211808204651,0.03217881917953491,0.0
56beb3a03aeaaa14008c9248,1,32,0.9711597561836243,0.028840243816375732,0.0
56beb3a03aeaaa14008c9248,1,33,0.9695520997047424,0.03044790029525757,0.0
56beb3a03aeaaa14008c9248,1,34,0.9680395722389221,0.03196042776107788,0.0
56beb3a03aeaaa14008c9248,1,35,0.9756641387939453,0.024335861206054688,0.0
56beb3a03aeaaa14008c9248,1,36,0.91961270570755,0.08038729429244995,0.0
56beb3a03aeaaa14008c9248,2,0,0.5938234329223633,0.4061765670776367,0.0
56beb3a03aeaaa14008c9248,2,1,0.89267897605896,0.10732102394104004,0.0
56beb3a03aeaaa14008c9248,2,2,0.8926682472229004,0.10733175277709961,0.0
56beb3a03aeaaa14008c9248,2,3,0.8919428586959839,0.10805714130401611,0.0
56beb3a03aeaaa14008c9248,2,4,0.8731117844581604,0.1268882155418396,0.0
56beb3a03aeaaa14008c9248,2,5,0.8625180721282959,0.1374819278717041,0.0
56beb3a03aeaaa14008c9248,2,6,0.8799391388893127,0.12006086111068726,0.0
56beb3a03aeaaa14008c9248,2,7,0.8651087284088135,0.13489127159118652,0.0
56beb3a03aeaaa14008c9248,2,8,0.8596563935279846,0.14034360647201538,0.0
56beb3a03aeaaa14008c9248,2,9,0.8581192493438721,0.14188075065612793,0.0
56beb3a03aeaaa14008c9248,2,10,0.8540453314781189,0.1459546685218811,0.0
56beb3a03aeaaa14008c9248,2,11,0.8601481318473816,0.1398518681526184,0.0
56beb3a03aeaaa14008c9248,2,12,0.8530101776123047,0.1469898223876953,0.0
56beb3a03aeaaa14008c9248,2,13,0.8654693365097046,0.1345306634902954,0.0
56beb3a03aeaaa14008c9248,2,14,0.8734821677207947,0.12651783227920532,0.0
56beb3a03aeaaa14008c9248,2,15,0.8855492472648621,0.11445075273513794,0.0
56beb3a03aeaaa14008c9248,2,16,0.8914480805397034,0.10855191946029663,0.0
56beb3a03aeaaa14008c9248,2,17,0.8834905624389648,0.11650943756103516,0.0
56beb3a03aeaaa14008c9248,2,18,0.8921669125556946,0.10783308744430542,0.0
56beb3a03aeaaa14008c9248,2,19,0.8950190544128418,0.1049809455871582,0.0
56beb3a03aeaaa14008c9248,2,20,0.897476077079773,0.10252392292022705,0.0
56beb3a03aeaaa14008c9248,2,21,0.8957423567771912,0.10425764322280884,0.0
56beb3a03aeaaa14008c9248,2,22,0.893831729888916,0.10616827011108398,0.0
56beb3a03aeaaa14008c9248,2,23,0.8768450617790222,0.12315493822097778,0.0
56beb3a03aeaaa14008c9248,2,24,0.8932347893714905,0.10676521062850952,0.0
56beb3a03aeaaa14008c9248,2,25,0.91773921251297,0.08226078748703003,0.0
56beb3a03aeaaa14008c9248,2,26,0.9186582565307617,0.08134174346923828,0.0
56beb3a03aeaaa14008c9248,2,27,0.928565502166748,0.07143449783325195,0.0
56beb3a03aeaaa14008c9248,2,28,0.9242632985115051,0.07573670148849487,0.0
56beb3a03aeaaa14008c9248,2,29,0.9221866726875305,0.07781332731246948,0.0
56beb3a03aeaaa14008c9248,2,30,0.9282535910606384,0.07174640893936157,0.0
56beb3a03aeaaa14008c9248,2,31,0.934520423412323,0.065479576587677,0.0
56beb3a03aeaaa14008c9248,2,32,0.941333532333374,0.05866646766662598,0.0
56beb3a03aeaaa14008c9248,2,33,0.9390841722488403,0.06091582775115967,0.0
56beb3a03aeaaa14008c9248,2,34,0.9363839030265808,0.06361609697341919,0.0
56beb3a03aeaaa14008c9248,2,35,0.9522955417633057,0.047704458236694336,0.0
56beb3a03aeaaa14008c9248,2,36,0.8028623461723328,0.19713765382766724,0.0
56beb3a03aeaaa14008c9248,3,0,0.4851064085960388,0.5148935914039612,0.0
56beb3a03aeaaa14008c9248,3,1,0.8654274344444275,0.1345725655555725,0.0
56beb3a03aeaaa14008c9248,3,2,0.8633387088775635,0.13666129112243652,0.0
56beb3a03aeaaa14008c9248,3,3,0.8593308329582214,0.14066916704177856,0.0
56beb3a03aeaaa14008c9248,3,4,0.8403054475784302,0.15969455242156982,0.0
56beb3a03aeaaa14008c9248,3,5,0.8304761052131653,0.16952389478683472,0.0
56beb3a03aeaaa14008c9248,3,6,0.8459849953651428,0.15401500463485718,0.0
56beb3a03aeaaa14008c9248,3,7,0.8365859985351562,0.16341400146484375,0.0
56beb3a03aeaaa14008c9248,3,8,0.8274242281913757,0.17257577180862427,0.0
56beb3a03aeaaa14008c9248,3,9,0.8274105191230774,0.1725894808769226,0.0
56beb3a03aeaaa14008c9248,3,10,0.8197087049484253,0.1802912950515747,0.0
56beb3a03aeaaa14008c9248,3,11,0.8260647058486938,0.17393529415130615,0.0
56beb3a03aeaaa14008c9248,3,12,0.8205212354660034,0.17947876453399658,0.0
56beb3a03aeaaa14008c9248,3,13,0.8373984694480896,0.1626015305519104,0.0
56beb3a03aeaaa14008c9248,3,14,0.8445184826850891,0.1554815173149109,0.0
56beb3a03aeaaa14008c9248,3,15,0.8574357032775879,0.1425642967224121,0.0
56beb3a03aeaaa14008c9248,3,16,0.8646267652511597,0.13537323474884033,0.0
56beb3a03aeaaa14008c9248,3,17,0.8537686467170715,0.14623135328292847,0.0
56beb3a03aeaaa14008c9248,3,18,0.8648566603660583,0.13514333963394165,0.0
56beb3a03aeaaa14008c9248,3,19,0.8680227994918823,0.13197720050811768,0.0
56beb3a03aeaaa14008c9248,3,20,0.872843861579895,0.12715613842010498,0.0
56beb3a03aeaaa14008c9248,3,21,0.8700588941574097,0.12994110584259033,0.0
56beb3a03aeaaa14008c9248,3,22,0.8618592619895935,0.1381407380104065,0.0
56beb3a03aeaaa14008c9248,3,23,0.8389612436294556,0.16103875637054443,0.0
56beb3a03aeaaa14008c9248,3,24,0.8620036840438843,0.13799631595611572,0.0
56beb3a03aeaaa14008c9248,3,25,0.8921502828598022,0.10784971714019775,0.0
56beb3a03aeaaa14008c9248,3,26,0.8944409489631653,0.10555905103683472,0.0
56beb3a03aeaaa14008c9248,3,27,0.9062508940696716,0.09374910593032837,0.0
56beb3a03aeaaa14008c9248,3,28,0.9005588889122009,0.09944111108779907,0.0
56beb3a03aeaaa14008c9248,3,29,0.8991569876670837,0.10084301233291626,0.0
56beb3a03aeaaa14008c9248,3,30,0.9073389768600464,0.09266102313995361,0.0
56beb3a03aeaaa14008c9248,3,31,0.916031539440155,0.08396846055984497,0.0
56beb3a03aeaaa14008c9248,3,32,0.9245968461036682,0.07540315389633179,0.0
56beb3a03aeaaa14008c9248,3,33,0.9236692786216736,0.07633072137832642,0.0
56beb3a03aeaaa14008c9248,3,34,0.9196493029594421,0.08035069704055786,0.0
56beb3a03aeaaa14008c9248,3,35,0.9404516816139221,0.05954831838607788,0.0
56beb3a03aeaaa14008c9248,3,36,0.7583352327346802,0.24166476726531982,0.0
56beb7953aeaaa14008c92ad,1,0,0.7527531385421753,0.2472468614578247,1.0
56beb7953aeaaa14008c92ad,1,1,0.9304986000061035,0.06950139999389648,1.0
56beb7953aeaaa14008c92ad,1,2,0.9495721459388733,0.05042785406112671,1.0
56beb7953aeaaa14008c92ad,1,3,0.950431227684021,0.049568772315979004,1.0
56beb7953aeaaa14008c92ad,1,4,0.9020358920097351,0.09796410799026489,1.0
56beb7953aeaaa14008c92ad,1,5,0.8985159397125244,0.10148406028747559,1.0
56beb7953aeaaa14008c92ad,1,6,0.9043095111846924,0.09569048881530762,1.0
56beb7953aeaaa14008c92ad,1,7,0.9054796695709229,0.09452033042907715,1.0
56beb7953aeaaa14008c92ad,1,8,0.8976374268531799,0.10236257314682007,1.0
56beb7953aeaaa14008c92ad,1,9,0.9108476638793945,0.08915233612060547,1.0
56beb7953aeaaa14008c92ad,1,10,0.9101994037628174,0.08980059623718262,1.0
56beb7953aeaaa14008c92ad,1,11,0.9280857443809509,0.07191425561904907,1.0
56beb7953aeaaa14008c92ad,1,12,0.9277637004852295,0.07223629951477051,1.0
56beb7953aeaaa14008c92ad,1,13,0.9322873950004578,0.06771260499954224,1.0
56beb7953aeaaa14008c92ad,1,14,0.934686005115509,0.06531399488449097,1.0
56beb7953aeaaa14008c92ad,1,15,0.9395520091056824,0.06044799089431763,1.0
56beb7953aeaaa14008c92ad,1,16,0.9455362558364868,0.054463744163513184,1.0
56beb7953aeaaa14008c92ad,1,17,0.9468545317649841,0.05314546823501587,1.0
56beb7953aeaaa14008c92ad,1,18,0.9470862150192261,0.052913784980773926,1.0
56beb7953aeaaa14008c92ad,1,19,0.9477902054786682,0.05220979452133179,1.0
56beb7953aeaaa14008c92ad,1,20,0.9495989680290222,0.05040103197097778,1.0
56beb7953aeaaa14008c92ad,1,21,0.9436065554618835,0.056393444538116455,1.0
56beb7953aeaaa14008c92ad,1,22,0.9393796920776367,0.06062030792236328,1.0
56beb7953aeaaa14008c92ad,1,23,0.9420146942138672,0.05798530578613281,1.0
56beb7953aeaaa14008c92ad,1,24,0.9525072574615479,0.04749274253845215,1.0
56beb7953aeaaa14008c92ad,1,25,0.9540542960166931,0.045945703983306885,1.0
56beb7953aeaaa14008c92ad,1,26,0.95428466796875,0.04571533203125,1.0
56beb7953aeaaa14008c92ad,1,27,0.9542762041091919,0.045723795890808105,1.0
56beb7953aeaaa14008c92ad,1,28,0.9566267728805542,0.0433732271194458,1.0
56beb7953aeaaa14008c92ad,1,29,0.9532095789909363,0.04679042100906372,1.0
56beb7953aeaaa14008c92ad,1,30,0.9598361849784851,0.04016381502151489,1.0
56beb7953aeaaa14008c92ad,1,31,0.9670894145965576,0.03291058540344238,1.0
56beb7953aeaaa14008c92ad,1,32,0.9688554406166077,0.031144559383392334,1.0
56beb7953aeaaa14008c92ad,1,33,0.9703347682952881,0.029665231704711914,1.0
56beb7953aeaaa14008c92ad,1,34,0.9719862341880798,0.028013765811920166,1.0
56beb7953aeaaa14008c92ad,1,35,0.9790663123130798,0.020933687686920166,1.0
56beb7953aeaaa14008c92ad,1,36,0.9475897550582886,0.052410244941711426,1.0
56beb7953aeaaa14008c92ad,2,0,0.4726547300815582,0.5273452997207642,0.0
56beb7953aeaaa14008c92ad,2,1,0.8687630891799927,0.13123691082000732,0.0
56beb7953aeaaa14008c92ad,2,2,0.8357414603233337,0.16425853967666626,0.0
56beb7953aeaaa14008c92ad,2,3,0.8567071557044983,0.1432928442955017,0.0
56beb7953aeaaa14008c92ad,2,4,0.7990527749061584,0.20094722509384155,0.0
56beb7953aeaaa14008c92ad,2,5,0.7895943522453308,0.2104056477546692,0.0
56beb7953aeaaa14008c92ad,2,6,0.7991273403167725,0.20087265968322754,0.0
56beb7953aeaaa14008c92ad,2,7,0.7808899283409119,0.21911007165908813,0.0
56beb7953aeaaa14008c92ad,2,8,0.7762342691421509,0.22376573085784912,0.0
56beb7953aeaaa14008c92ad,2,9,0.7782794833183289,0.22172051668167114,0.0
56beb7953aeaaa14008c92ad,2,10,0.7762047052383423,0.22379529476165771,0.0
56beb7953aeaaa14008c92ad,2,11,0.7933309078216553,0.20666909217834473,0.0
56beb7953aeaaa14008c92ad,2,12,0.802288293838501,0.19771170616149902,0.0
56beb7953aeaaa14008c92ad,2,13,0.8135938048362732,0.1864061951637268,0.0
56beb7953aeaaa14008c92ad,2,14,0.8124074339866638,0.18759256601333618,0.0
56beb7953aeaaa14008c92ad,2,15,0.8229891061782837,0.1770108938217163,0.0
56beb7953aeaaa14008c92ad,2,16,0.8451852202415466,0.15481477975845337,0.0
56beb7953aeaaa14008c92ad,2,17,0.843800961971283,0.15619903802871704,0.0
56beb7953aeaaa14008c92ad,2,18,0.8452390432357788,0.1547609567642212,0.0
56beb7953aeaaa14008c92ad,2,19,0.857312798500061,0.14268720149993896,0.0
56beb7953aeaaa14008c92ad,2,20,0.8595829010009766,0.14041709899902344,0.0
56beb7953aeaaa14008c92ad,2,21,0.8473014831542969,0.15269851684570312,0.0
56beb7953aeaaa14008c92ad,2,22,0.8482113480567932,0.1517886519432068,0.0
56beb7953aeaaa14008c92ad,2,23,0.8436813354492188,0.15631866455078125,0.0
56beb7953aeaaa14008c92ad,2,24,0.8745073676109314,0.1254926323890686,0.0
56beb7953aeaaa14008c92ad,2,25,0.8926565051078796,0.10734349489212036,0.0
56beb7953aeaaa14008c92ad,2,26,0.890872597694397,0.10912740230560303,0.0
56beb7953aeaaa14008c92ad,2,27,0.900741457939148,0.09925854206085205,0.0
56beb7953aeaaa14008c92ad,2,28,0.9027712345123291,0.0972287654876709,0.0
56beb7953aeaaa14008c92ad,2,29,0.8990589380264282,0.10094106197357178,0.0
56beb7953aeaaa14008c92ad,2,30,0.9094098806381226,0.09059011936187744,0.0
56beb7953aeaaa14008c92ad,2,31,0.914588987827301,0.08541101217269897,0.0
56beb7953aeaaa14008c92ad,2,32,0.9215624928474426,0.07843750715255737,0.0
56beb7953aeaaa14008c92ad,2,33,0.9313532114028931,0.06864678859710693,0.0
56beb7953aeaaa14008c92ad,2,34,0.9240641593933105,0.07593584060668945,0.0
56beb7953aeaaa14008c92ad,2,35,0.9355142116546631,0.06448578834533691,0.0
56beb7953aeaaa14008c92ad,2,36,0.8759786486625671,0.12402135133743286,0.0
56beb7953aeaaa14008c92ad,3,0,0.3795749843120575,0.6204249858856201,0.0
56beb7953aeaaa14008c92ad,3,1,0.8434443473815918,0.1565556526184082,0.0
56beb7953aeaaa14008c92ad,3,2,0.8039948344230652,0.19600516557693481,0.0
56beb7953aeaaa14008c92ad,3,3,0.8193298578262329,0.1806701421737671,0.0
56beb7953aeaaa14008c92ad,3,4,0.7547852993011475,0.24521470069885254,0.0
56beb7953aeaaa14008c92ad,3,5,0.74689120054245,0.25310879945755005,0.0
56beb7953aeaaa14008c92ad,3,6,0.753606915473938,0.246393084526062,0.0
56beb7953aeaaa14008c92ad,3,7,0.7330173850059509,0.2669826149940491,0.0
56beb7953aeaaa14008c92ad,3,8,0.7290018796920776,0.27099812030792236,0.0
56beb7953aeaaa14008c92ad,3,9,0.7166207432746887,0.2833792567253113,0.0
56beb7953aeaaa14008c92ad,3,10,0.7074682712554932,0.29253172874450684,0.0
56beb7953aeaaa14008c92ad,3,11,0.7288818955421448,0.2711181044578552,0.0
56beb7953aeaaa14008c92ad,3,12,0.7453930974006653,0.2546069025993347,0.0
56beb7953aeaaa14008c92ad,3,13,0.7598990797996521,0.2401009202003479,0.0
56beb7953aeaaa14008c92ad,3,14,0.7569762468338013,0.24302375316619873,0.0
56beb7953aeaaa14008c92ad,3,15,0.7755477428436279,0.22445225715637207,0.0
56beb7953aeaaa14008c92ad,3,16,0.7977176308631897,0.2022823691368103,0.0
56beb7953aeaaa14008c92ad,3,17,0.7950342297554016,0.2049657702445984,0.0
56beb7953aeaaa14008c92ad,3,18,0.7953657507896423,0.20463424921035767,0.0
56beb7953aeaaa14008c92ad,3,19,0.811281144618988,0.18871885538101196,0.0
56beb7953aeaaa14008c92ad,3,20,0.8173471689224243,0.18265283107757568,0.0
56beb7953aeaaa14008c92ad,3,21,0.8022292852401733,0.19777071475982666,0.0
56beb7953aeaaa14008c92ad,3,22,0.8039693236351013,0.19603067636489868,0.0
56beb7953aeaaa14008c92ad,3,23,0.7894220352172852,0.21057796478271484,0.0
56beb7953aeaaa14008c92ad,3,24,0.8258217573165894,0.17417824268341064,0.0
56beb7953aeaaa14008c92ad,3,25,0.8481881022453308,0.1518118977546692,0.0
56beb7953aeaaa14008c92ad,3,26,0.8504952192306519,0.14950478076934814,0.0
56beb7953aeaaa14008c92ad,3,27,0.8675335645675659,0.13246643543243408,0.0
56beb7953aeaaa14008c92ad,3,28,0.871107816696167,0.128892183303833,0.0
56beb7953aeaaa14008c92ad,3,29,0.8680531978607178,0.13194680213928223,0.0
56beb7953aeaaa14008c92ad,3,30,0.8793554306030273,0.12064456939697266,0.0
56beb7953aeaaa14008c92ad,3,31,0.8879590630531311,0.1120409369468689,0.0
56beb7953aeaaa14008c92ad,3,32,0.8985137343406677,0.10148626565933228,0.0
56beb7953aeaaa14008c92ad,3,33,0.9085485339164734,0.09145146608352661,0.0
56beb7953aeaaa14008c92ad,3,34,0.9006404280662537,0.09935957193374634,0.0
56beb7953aeaaa14008c92ad,3,35,0.9197489023208618,0.08025109767913818,0.0
56beb7953aeaaa14008c92ad,3,36,0.8133168816566467,0.18668311834335327,0.0
56bf1ae93aeaaa14008c951b,1,0,0.9320335388183594,0.06796646118164062,0.0
56bf1ae93aeaaa14008c951b,1,1,0.9874990582466125,0.012500941753387451,0.0
56bf1ae93aeaaa14008c951b,1,2,0.9865341782569885,0.013465821743011475,0.0
56bf1ae93aeaaa14008c951b,1,3,0.9846378564834595,0.015362143516540527,0.0
56bf1ae93aeaaa14008c951b,1,4,0.9796005487442017,0.02039945125579834,0.0
56bf1ae93aeaaa14008c951b,1,5,0.9718155860900879,0.02818441390991211,0.0
56bf1ae93aeaaa14008c951b,1,6,0.9748058915138245,0.025194108486175537,0.0
56bf1ae93aeaaa14008c951b,1,7,0.975161612033844,0.024838387966156006,0.0
56bf1ae93aeaaa14008c951b,1,8,0.9762844443321228,0.023715555667877197,0.0
56bf1ae93aeaaa14008c951b,1,9,0.9777123928070068,0.022287607192993164,0.0
56bf1ae93aeaaa14008c951b,1,10,0.9778323173522949,0.022167682647705078,0.0
56bf1ae93aeaaa14008c951b,1,11,0.981303870677948,0.018696129322052002,0.0
56bf1ae93aeaaa14008c951b,1,12,0.9798421263694763,0.02015787363052368,0.0
56bf1ae93aeaaa14008c951b,1,13,0.9818706512451172,0.018129348754882812,0.0
56bf1ae93aeaaa14008c951b,1,14,0.9810495376586914,0.018950462341308594,0.0
56bf1ae93aeaaa14008c951b,1,15,0.9841088056564331,0.015891194343566895,0.0
56bf1ae93aeaaa14008c951b,1,16,0.9842590689659119,0.015740931034088135,0.0
56bf1ae93aeaaa14008c951b,1,17,0.9841480255126953,0.015851974487304688,0.0
56bf1ae93aeaaa14008c951b,1,18,0.9839603900909424,0.016039609909057617,0.0
56bf1ae93aeaaa14008c951b,1,19,0.9848867058753967,0.015113294124603271,0.0
56bf1ae93aeaaa14008c951b,1,20,0.9860014915466309,0.01399850845336914,0.0
56bf1ae93aeaaa14008c951b,1,21,0.9848388433456421,0.01516115665435791,0.0
56bf1ae93aeaaa14008c951b,1,22,0.9841451644897461,0.015854835510253906,0.0
56bf1ae93aeaaa14008c951b,1,23,0.9829339385032654,0.01706606149673462,0.0
56bf1ae93aeaaa14008c951b,1,24,0.9856815934181213,0.014318406581878662,0.0
56bf1ae93aeaaa14008c951b,1,25,0.9887047410011292,0.01129525899887085,0.0
56bf1ae93aeaaa14008c951b,1,26,0.9893192052841187,0.010680794715881348,0.0
56bf1ae93aeaaa14008c951b,1,27,0.9893758296966553,0.010624170303344727,0.0
56bf1ae93aeaaa14008c951b,1,28,0.9874098300933838,0.012590169906616211,0.0
56bf1ae93aeaaa14008c951b,1,29,0.9874650239944458,0.0125349760055542,0.0
56bf1ae93aeaaa14008c951b,1,30,0.9873307943344116,0.012669205665588379,0.0
56bf1ae93aeaaa14008c951b,1,31,0.9900609254837036,0.009939074516296387,0.0
56bf1ae93aeaaa14008c951b,1,32,0.9908182621002197,0.009181737899780273,0.0
56bf1ae93aeaaa14008c951b,1,33,0.9903103113174438,0.009689688682556152,0.0
56bf1ae93aeaaa14008c951b,1,34,0.989197850227356,0.010802149772644043,0.0
56bf1ae93aeaaa14008c951b,1,35,0.9917463660240173,0.008253633975982666,0.0
56bf1ae93aeaaa14008c951b,1,36,0.9798194766044617,0.02018052339553833,0.0
56bf1ae93aeaaa14008c951b,2,0,0.7846916913986206,0.2153083086013794,0.0
56bf1ae93aeaaa14008c951b,2,1,0.9525886178016663,0.04741138219833374,0.0
56bf1ae93aeaaa14008c951b,2,2,0.9504314064979553,0.04956859350204468,0.0
56bf1ae93aeaaa14008c951b,2,3,0.9363766312599182,0.06362336874008179,0.0
56bf1ae93aeaaa14008c951b,2,4,0.9131544232368469,0.08684557676315308,0.0
56bf1ae93aeaaa14008c951b,2,5,0.9007713198661804,0.09922868013381958,0.0
56bf1ae93aeaaa14008c951b,2,6,0.9102464914321899,0.08975350856781006,0.0
56bf1ae93aeaaa14008c951b,2,7,0.9080849885940552,0.09191501140594482,0.0
56bf1ae93aeaaa14008c951b,2,8,0.9076206684112549,0.09237933158874512,0.0
56bf1ae93aeaaa14008c951b,2,9,0.8972073793411255,0.10279262065887451,0.0
56bf1ae93aeaaa14008c951b,2,10,0.8951067924499512,0.10489320755004883,0.0
56bf1ae93aeaaa14008c951b,2,11,0.908987820148468,0.09101217985153198,0.0
56bf1ae93aeaaa14008c951b,2,12,0.9102274775505066,0.08977252244949341,0.0
56bf1ae93aeaaa14008c951b,2,13,0.9224514365196228,0.0775485634803772,0.0
56bf1ae93aeaaa14008c951b,2,14,0.9234539866447449,0.07654601335525513,0.0
56bf1ae93aeaaa14008c951b,2,15,0.9368484020233154,0.06315159797668457,0.0
56bf1ae93aeaaa14008c951b,2,16,0.9415929913520813,0.0584070086479187,0.0
56bf1ae93aeaaa14008c951b,2,17,0.939407467842102,0.06059253215789795,0.0
56bf1ae93aeaaa14008c951b,2,18,0.9406616687774658,0.05933833122253418,0.0
56bf1ae93aeaaa14008c951b,2,19,0.9436834454536438,0.0563165545463562,0.0
56bf1ae93aeaaa14008c951b,2,20,0.9465104341506958,0.0534895658493042,0.0
56bf1ae93aeaaa14008c951b,2,21,0.9447136521339417,0.05528634786605835,0.0
56bf1ae93aeaaa14008c951b,2,22,0.9447011947631836,0.055298805236816406,0.0
56bf1ae93aeaaa14008c951b,2,23,0.9285098910331726,0.07149010896682739,0.0
56bf1ae93aeaaa14008c951b,2,24,0.9401891231536865,0.05981087684631348,0.0
56bf1ae93aeaaa14008c951b,2,25,0.9530903100967407,0.04690968990325928,0.0
56bf1ae93aeaaa14008c951b,2,26,0.954217255115509,0.04578274488449097,0.0
56bf1ae93aeaaa14008c951b,2,27,0.9575150012969971,0.04248499870300293,0.0
56bf1ae93aeaaa14008c951b,2,28,0.9506354331970215,0.049364566802978516,0.0
56bf1ae93aeaaa14008c951b,2,29,0.9510188102722168,0.0489811897277832,0.0
56bf1ae93aeaaa14008c951b,2,30,0.9536330103874207,0.046366989612579346,0.0
56bf1ae93aeaaa14008c951b,2,31,0.9589998722076416,0.0410001277923584,0.0
56bf1ae93aeaaa14008c951b,2,32,0.9629613161087036,0.03703868389129639,0.0
56bf1ae93aeaaa14008c951b,2,33,0.9641937613487244,0.035806238651275635,0.0
56bf1ae93aeaaa14008c951b,2,34,0.958148181438446,0.041851818561553955,0.0
56bf1ae93aeaaa14008c951b,2,35,0.9629512429237366,0.03704875707626343,0.0
56bf1ae93aeaaa14008c951b,2,36,0.8548119068145752,0.1451880931854248,0.0
56bf1ae93aeaaa14008c951b,3,0,0.7361250519752502,0.26387494802474976,0.0
56bf1ae93aeaaa14008c951b,3,1,0.9356188774108887,0.06438112258911133,0.0
56bf1ae93aeaaa14008c951b,3,2,0.9126063585281372,0.08739364147186279,0.0
56bf1ae93aeaaa14008c951b,3,3,0.8986927270889282,0.10130727291107178,0.0
56bf1ae93aeaaa14008c951b,3,4,0.8745331764221191,0.12546682357788086,0.0
56bf1ae93aeaaa14008c951b,3,5,0.8585106134414673,0.14148938655853271,0.0
56bf1ae93aeaaa14008c951b,3,6,0.8714709281921387,0.12852907180786133,0.0
56bf1ae93aeaaa14008c951b,3,7,0.8665302991867065,0.13346970081329346,0.0
56bf1ae93aeaaa14008c951b,3,8,0.8613296151161194,0.13867038488388062,0.0
56bf1ae93aeaaa14008c951b,3,9,0.8459299802780151,0.15407001972198486,0.0
56bf1ae93aeaaa14008c951b,3,10,0.8416117429733276,0.15838825702667236,0.0
56bf1ae93aeaaa14008c951b,3,11,0.8590263724327087,0.14097362756729126,0.0
56bf1ae93aeaaa14008c951b,3,12,0.8600422143936157,0.13995778560638428,0.0
56bf1ae93aeaaa14008c951b,3,13,0.8802516460418701,0.11974835395812988,0.0
56bf1ae93aeaaa14008c951b,3,14,0.876503050327301,0.12349694967269897,0.0
56bf1ae93aeaaa14008c951b,3,15,0.8968636989593506,0.10313630104064941,0.0
56bf1ae93aeaaa14008c951b,3,16,0.9011247158050537,0.09887528419494629,0.0
56bf1ae93aeaaa14008c951b,3,17,0.8986623287200928,0.10133767127990723,0.0
56bf1ae93aeaaa14008c951b,3,18,0.9013055562973022,0.09869444370269775,0.0
56bf1ae93aeaaa14008c951b,3,19,0.9065917730331421,0.09340822696685791,0.0
56bf1ae93aeaaa14008c951b,3,20,0.9094762206077576,0.09052377939224243,0.0
56bf1ae93aeaaa14008c951b,3,21,0.9060187935829163,0.09398120641708374,0.0
56bf1ae93aeaaa14008c951b,3,22,0.9091002345085144,0.0908997654914856,0.0
56bf1ae93aeaaa14008c951b,3,23,0.888443648815155,0.11155635118484497,0.0
56bf1ae93aeaaa14008c951b,3,24,0.9066826701164246,0.09331732988357544,0.0
56bf1ae93aeaaa14008c951b,3,25,0.930319607257843,0.06968039274215698,0.0
56bf1ae93aeaaa14008c951b,3,26,0.931685209274292,0.06831479072570801,0.0
56bf1ae93aeaaa14008c951b,3,27,0.9384952783584595,0.06150472164154053,0.0
56bf1ae93aeaaa14008c951b,3,28,0.9322090744972229,0.0677909255027771,0.0
56bf1ae93aeaaa14008c951b,3,29,0.9322739243507385,0.06772607564926147,0.0
56bf1ae93aeaaa14008c951b,3,30,0.9371951818466187,0.06280481815338135,0.0
56bf1ae93aeaaa14008c951b,3,31,0.9453884363174438,0.05461156368255615,0.0
56bf1ae93aeaaa14008c951b,3,32,0.9510314464569092,0.04896855354309082,0.0
56bf1ae93aeaaa14008c951b,3,33,0.9525603652000427,0.047439634799957275,0.0
56bf1ae93aeaaa14008c951b,3,34,0.9450640082359314,0.054935991764068604,0.0
56bf1ae93aeaaa14008c951b,3,35,0.949488639831543,0.05051136016845703,0.0
56bf1ae93aeaaa14008c951b,3,36,0.7849177718162537,0.21508222818374634,0.0
56d70d240d65d21400198327,1,0,0.8496536612510681,0.15034633874893188,0.0
56d70d240d65d21400198327,1,1,0.9833866953849792,0.016613304615020752,0.0
56d70d240d65d21400198327,1,2,0.9750348925590515,0.024965107440948486,0.0
56d70d240d65d21400198327,1,3,0.9708373546600342,0.02916264533996582,0.0
56d70d240d65d21400198327,1,4,0.9642969965934753,0.03570300340652466,0.0
56d70d240d65d21400198327,1,5,0.9509212970733643,0.04907870292663574,0.0
56d70d240d65d21400198327,1,6,0.9604213237762451,0.03957867622375488,0.0
56d70d240d65d21400198327,1,7,0.945859432220459,0.054140567779541016,0.0
56d70d240d65d21400198327,1,8,0.9396878480911255,0.06031215190887451,0.0
56d70d240d65d21400198327,1,9,0.9360610246658325,0.06393897533416748,0.0
56d70d240d65d21400198327,1,10,0.9383808970451355,0.0616191029548645,0.0
56d70d240d65d21400198327,1,11,0.9442272782325745,0.05577272176742554,0.0
56d70d240d65d21400198327,1,12,0.9410367012023926,0.05896329879760742,0.0
56d70d240d65d21400198327,1,13,0.94826740026474,0.05173259973526001,0.0
56d70d240d65d21400198327,1,14,0.9479963779449463,0.05200362205505371,0.0
56d70d240d65d21400198327,1,15,0.9511294364929199,0.04887056350708008,0.0
56d70d240d65d21400198327,1,16,0.9542292356491089,0.04577076435089111,0.0
56d70d240d65d21400198327,1,17,0.9560542106628418,0.0439457893371582,0.0
56d70d240d65d21400198327,1,18,0.9582194685935974,0.04178053140640259,0.0
56d70d240d65d21400198327,1,19,0.9626230001449585,0.037376999855041504,0.0
56d70d240d65d21400198327,1,20,0.9659432172775269,0.034056782722473145,0.0
56d70d240d65d21400198327,1,21,0.9656121730804443,0.034387826919555664,0.0
56d70d240d65d21400198327,1,22,0.9647056460380554,0.03529435396194458,0.0
56d70d240d65d21400198327,1,23,0.9615862369537354,0.03841376304626465,0.0
56d70d240d65d21400198327,1,24,0.9660487771034241,0.03395122289657593,0.0
56d70d240d65d21400198327,1,25,0.9717811346054077,0.028218865394592285,0.0
56d70d240d65d21400198327,1,26,0.9714109301567078,0.028589069843292236,0.0
56d70d240d65d21400198327,1,27,0.9731462597846985,0.026853740215301514,0.0
56d70d240d65d21400198327,1,28,0.9742178320884705,0.02578216791152954,0.0
56d70d240d65d21400198327,1,29,0.9738814234733582,0.026118576526641846,0.0
56d70d240d65d21400198327,1,30,0.9754047393798828,0.024595260620117188,0.0
56d70d240d65d21400198327,1,31,0.9771106243133545,0.022889375686645508,0.0
56d70d240d65d21400198327,1,32,0.9803169369697571,0.01968306303024292,0.0
56d70d240d65d21400198327,1,33,0.980038046836853,0.019961953163146973,0.0
56d70d240d65d21400198327,1,34,0.9822638630867004,0.01773613691329956,0.0
56d70d240d65d21400198327,1,35,0.9870017170906067,0.01299828290939331,0.0
56d70d240d65d21400198327,1,36,0.9444255828857422,0.05557441711425781,0.0
56d70d240d65d21400198327,2,0,0.7602689862251282,0.23973101377487183,0.0
56d70d240d65d21400198327,2,1,0.9627270102500916,0.03727298974990845,0.0
56d70d240d65d21400198327,2,2,0.93443363904953,0.06556636095046997,0.0
56d70d240d65d21400198327,2,3,0.9312914609909058,0.06870853900909424,0.0
56d70d240d65d21400198327,2,4,0.9251347780227661,0.07486522197723389,0.0
56d70d240d65d21400198327,2,5,0.9081496000289917,0.0918503999710083,0.0
56d70d240d65d21400198327,2,6,0.924193799495697,0.07580620050430298,0.0
56d70d240d65d21400198327,2,7,0.904450535774231,0.09554946422576904,0.0
56d70d240d65d21400198327,2,8,0.8955370783805847,0.10446292161941528,0.0
56d70d240d65d21400198327,2,9,0.8876090049743652,0.11239099502563477,0.0
56d70d240d65d21400198327,2,10,0.8911404013633728,0.1088595986366272,0.0
56d70d240d65d21400198327,2,11,0.8969824910163879,0.10301750898361206,0.0
56d70d240d65d21400198327,2,12,0.8924202919006348,0.10757970809936523,0.0
56d70d240d65d21400198327,2,13,0.9037375450134277,0.09626245498657227,0.0
56d70d240d65d21400198327,2,14,0.9026834964752197,0.09731650352478027,0.0
56d70d240d65d21400198327,2,15,0.9102436900138855,0.0897563099861145,0.0
56d70d240d65d21400198327,2,16,0.9160107970237732,0.0839892029762268,0.0
56d70d240d65d21400198327,2,17,0.9192060828208923,0.08079391717910767,0.0
56d70d240d65d21400198327,2,18,0.9229529500007629,0.07704704999923706,0.0
56d70d240d65d21400198327,2,19,0.932393491268158,0.06760650873184204,0.0
56d70d240d65d21400198327,2,20,0.9366554021835327,0.06334459781646729,0.0
56d70d240d65d21400198327,2,21,0.9378114938735962,0.06218850612640381,0.0
56d70d240d65d21400198327,2,22,0.9364551901817322,0.06354480981826782,0.0
56d70d240d65d21400198327,2,23,0.9290083050727844,0.07099169492721558,0.0
56d70d240d65d21400198327,2,24,0.9381376504898071,0.06186234951019287,0.0
56d70d240d65d21400198327,2,25,0.9479394555091858,0.05206054449081421,0.0
56d70d240d65d21400198327,2,26,0.9488099813461304,0.05119001865386963,0.0
56d70d240d65d21400198327,2,27,0.9507101774215698,0.049289822578430176,0.0
56d70d240d65d21400198327,2,28,0.951661229133606,0.04833877086639404,0.0
56d70d240d65d21400198327,2,29,0.95216304063797,0.04783695936203003,0.0
56d70d240d65d21400198327,2,30,0.9548894762992859,0.04511052370071411,0.0
56d70d240d65d21400198327,2,31,0.9589805603027344,0.041019439697265625,0.0
56d70d240d65d21400198327,2,32,0.9641388058662415,0.035861194133758545,0.0
56d70d240d65d21400198327,2,33,0.9652137160301208,0.03478628396987915,0.0
56d70d240d65d21400198327,2,34,0.9704774022102356,0.029522597789764404,0.0
56d70d240d65d21400198327,2,35,0.9792107343673706,0.020789265632629395,0.0
56d70d240d65d21400198327,2,36,0.9064798355102539,0.0935201644897461,0.0
56d70d240d65d21400198327,3,0,0.6427091956138611,0.3572908043861389,0.0
56d70d240d65d21400198327,3,1,0.9427034854888916,0.0572965145111084,0.0
56d70d240d65d21400198327,3,2,0.9057407379150391,0.09425926208496094,0.0
56d70d240d65d21400198327,3,3,0.8986637592315674,0.10133624076843262,0.0
56d70d240d65d21400198327,3,4,0.8828080892562866,0.11719191074371338,0.0
56d70d240d65d21400198327,3,5,0.8654678463935852,0.1345321536064148,0.0
56d70d240d65d21400198327,3,6,0.8799697756767273,0.1200302243232727,0.0
56d70d240d65d21400198327,3,7,0.8512750267982483,0.1487249732017517,0.0
56d70d240d65d21400198327,3,8,0.8357333540916443,0.1642666459083557,0.0
56d70d240d65d21400198327,3,9,0.8180651068687439,0.1819348931312561,0.0
56d70d240d65d21400198327,3,10,0.8221654891967773,0.17783451080322266,0.0
56d70d240d65d21400198327,3,11,0.8252695798873901,0.17473042011260986,0.0
56d70d240d65d21400198327,3,12,0.8148922920227051,0.18510770797729492,0.0
56d70d240d65d21400198327,3,13,0.8347346782684326,0.16526532173156738,0.0
56d70d240d65d21400198327,3,14,0.824106752872467,0.17589324712753296,0.0
56d70d240d65d21400198327,3,15,0.8433352112770081,0.15666478872299194,0.0
56d70d240d65d21400198327,3,16,0.8416399359703064,0.1583600640296936,0.0
56d70d240d65d21400198327,3,17,0.8477761745452881,0.15222382545471191,0.0
56d70d240d65d21400198327,3,18,0.8544312119483948,0.14556878805160522,0.0
56d70d240d65d21400198327,3,19,0.8706026673316956,0.12939733266830444,0.0
56d70d240d65d21400198327,3,20,0.8760764598846436,0.12392354011535645,0.0
56d70d240d65d21400198327,3,21,0.8813402056694031,0.11865979433059692,0.0
56d70d240d65d21400198327,3,22,0.8754881024360657,0.12451189756393433,0.0
56d70d240d65d21400198327,3,23,0.8598937392234802,0.14010626077651978,0.0
56d70d240d65d21400198327,3,24,0.8821843266487122,0.11781567335128784,0.0
56d70d240d65d21400198327,3,25,0.9099905490875244,0.09000945091247559,0.0
56d70d240d65d21400198327,3,26,0.9141584634780884,0.08584153652191162,0.0
56d70d240d65d21400198327,3,27,0.9224831461906433,0.07751685380935669,0.0
56d70d240d65d21400198327,3,28,0.9224324226379395,0.07756757736206055,0.0
56d70d240d65d21400198327,3,29,0.9248866438865662,0.07511335611343384,0.0
56d70d240d65d21400198327,3,30,0.9327507019042969,0.06724929809570312,0.0
56d70d240d65d21400198327,3,31,0.9383626580238342,0.06163734197616577,0.0
56d70d240d65d21400198327,3,32,0.9458340406417847,0.05416595935821533,0.0
56d70d240d65d21400198327,3,33,0.9471574425697327,0.052842557430267334,0.0
56d70d240d65d21400198327,3,34,0.953187882900238,0.04681211709976196,0.0
56d70d240d65d21400198327,3,35,0.9678256511688232,0.03217434883117676,0.0
56d70d240d65d21400198327,3,36,0.8585949540138245,0.14140504598617554,0.0
56d721af0d65d2140019839e,1,0,0.8293319940567017,0.17066800594329834,0.0
56d721af0d65d2140019839e,1,1,0.9629696607589722,0.03703033924102783,0.0
56d721af0d65d2140019839e,1,2,0.9444058537483215,0.05559414625167847,0.0
56d721af0d65d2140019839e,1,3,0.9471811652183533,0.05281883478164673,0.0
56d721af0d65d2140019839e,1,4,0.946420431137085,0.05357956886291504,0.0
56d721af0d65d2140019839e,1,5,0.9383520483970642,0.06164795160293579,0.0
56d721af0d65d2140019839e,1,6,0.9548545479774475,0.04514545202255249,0.0
56d721af0d65d2140019839e,1,7,0.9484524130821228,0.0515475869178772,0.0
56d721af0d65d2140019839e,1,8,0.9470208883285522,0.052979111671447754,0.0
56d721af0d65d2140019839e,1,9,0.9370890855789185,0.06291091442108154,0.0
56d721af0d65d2140019839e,1,10,0.9357130527496338,0.06428694725036621,0.0
56d721af0d65d2140019839e,1,11,0.9490272402763367,0.05097275972366333,0.0
56d721af0d65d2140019839e,1,12,0.9422866702079773,0.057713329792022705,0.0
56d721af0d65d2140019839e,1,13,0.9571618437767029,0.04283815622329712,0.0
56d721af0d65d2140019839e,1,14,0.9548838138580322,0.04511618614196777,0.0
56d721af0d65d2140019839e,1,15,0.9603710770606995,0.03962892293930054,0.0
56d721af0d65d2140019839e,1,16,0.9652532935142517,0.03474670648574829,0.0
56d721af0d65d2140019839e,1,17,0.9640634059906006,0.035936594009399414,0.0
56d721af0d65d2140019839e,1,18,0.9620693325996399,0.03793066740036011,0.0
56d721af0d65d2140019839e,1,19,0.9621186852455139,0.037881314754486084,0.0
56d721af0d65d2140019839e,1,20,0.9647755026817322,0.03522449731826782,0.0
56d721af0d65d2140019839e,1,21,0.9664580821990967,0.03354191780090332,0.0
56d721af0d65d2140019839e,1,22,0.9667698740959167,0.03323012590408325,0.0
56d721af0d65d2140019839e,1,23,0.9619625210762024,0.03803747892379761,0.0
56d721af0d65d2140019839e,1,24,0.9670787453651428,0.03292125463485718,0.0
56d721af0d65d2140019839e,1,25,0.9764680862426758,0.02353191375732422,0.0
56d721af0d65d2140019839e,1,26,0.9758268594741821,0.02417314052581787,0.0
56d721af0d65d2140019839e,1,27,0.9779790043830872,0.022020995616912842,0.0
56d721af0d65d2140019839e,1,28,0.97694993019104,0.02305006980895996,0.0
56d721af0d65d2140019839e,1,29,0.9764472246170044,0.023552775382995605,0.0
56d721af0d65d2140019839e,1,30,0.9781779646873474,0.021822035312652588,0.0
56d721af0d65d2140019839e,1,31,0.9825243949890137,0.017475605010986328,0.0
56d721af0d65d2140019839e,1,32,0.9843904376029968,0.015609562397003174,0.0
56d721af0d65d2140019839e,1,33,0.9842617511749268,0.015738248825073242,0.0
56d721af0d65d2140019839e,1,34,0.9847788214683533,0.015221178531646729,0.0
56d721af0d65d2140019839e,1,35,0.9861792922019958,0.01382070779800415,0.0
56d721af0d65d2140019839e,1,36,0.9403650760650635,0.05963492393493652,0.0
56d721af0d65d2140019839e,2,0,0.69598788022995,0.30401211977005005,0.0
56d721af0d65d2140019839e,2,1,0.9377468228340149,0.06225317716598511,0.0
56d721af0d65d2140019839e,2,2,0.9163337349891663,0.08366626501083374,0.0
56d721af0d65d2140019839e,2,3,0.91936194896698,0.08063805103302002,0.0
56d721af0d65d2140019839e,2,4,0.9066014885902405,0.09339851140975952,0.0
56d721af0d65d2140019839e,2,5,0.9032232761383057,0.09677672386169434,0.0
56d721af0d65d2140019839e,2,6,0.925618052482605,0.07438194751739502,0.0
56d721af0d65d2140019839e,2,7,0.9162077903747559,0.08379220962524414,0.0
56d721af0d65d2140019839e,2,8,0.9138454794883728,0.0861545205116272,0.0
56d721af0d65d2140019839e,2,9,0.8957106471061707,0.10428935289382935,0.0
56d721af0d65d2140019839e,2,10,0.8870042562484741,0.11299574375152588,0.0
56d721af0d65d2140019839e,2,11,0.9052268266677856,0.09477317333221436,0.0
56d721af0d65d2140019839e,2,12,0.8956596851348877,0.1043403148651123,0.0
56d721af0d65d2140019839e,2,13,0.9218777418136597,0.07812225818634033,0.0
56d721af0d65d2140019839e,2,14,0.91579270362854,0.08420729637145996,0.0
56d721af0d65d2140019839e,2,15,0.9281750321388245,0.07182496786117554,0.0
56d721af0d65d2140019839e,2,16,0.9382319450378418,0.0617680549621582,0.0
56d721af0d65d2140019839e,2,17,0.9371613264083862,0.06283867359161377,0.0
56d721af0d65d2140019839e,2,18,0.9359424710273743,0.06405752897262573,0.0
56d721af0d65d2140019839e,2,19,0.9362683296203613,0.06373167037963867,0.0
56d721af0d65d2140019839e,2,20,0.9403793811798096,0.05962061882019043,0.0
56d721af0d65d2140019839e,2,21,0.9432019591331482,0.05679804086685181,0.0
56d721af0d65d2140019839e,2,22,0.9432203769683838,0.05677962303161621,0.0
56d721af0d65d2140019839e,2,23,0.9293810725212097,0.07061892747879028,0.0
56d721af0d65d2140019839e,2,24,0.9374669194221497,0.06253308057785034,0.0
56d721af0d65d2140019839e,2,25,0.955350399017334,0.044649600982666016,0.0
56d721af0d65d2140019839e,2,26,0.954017162322998,0.04598283767700195,0.0
56d721af0d65d2140019839e,2,27,0.9583421349525452,0.041657865047454834,0.0
56d721af0d65d2140019839e,2,28,0.9557991623878479,0.0442008376121521,0.0
56d721af0d65d2140019839e,2,29,0.9545561075210571,0.04544389247894287,0.0
56d721af0d65d2140019839e,2,30,0.960430383682251,0.03956961631774902,0.0
56d721af0d65d2140019839e,2,31,0.9666394591331482,0.03336054086685181,0.0
56d721af0d65d2140019839e,2,32,0.9696453213691711,0.030354678630828857,0.0
56d721af0d65d2140019839e,2,33,0.971008837223053,0.02899116277694702,0.0
56d721af0d65d2140019839e,2,34,0.9734157919883728,0.026584208011627197,0.0
56d721af0d65d2140019839e,2,35,0.9771683812141418,0.022831618785858154,0.0
56d721af0d65d2140019839e,2,36,0.8900140523910522,0.10998594760894775,0.0
56d721af0d65d2140019839e,3,0,0.5816524028778076,0.4183475971221924,0.0
56d721af0d65d2140019839e,3,1,0.9130775332450867,0.08692246675491333,0.0
56d721af0d65d2140019839e,3,2,0.8725804686546326,0.12741953134536743,0.0
56d721af0d65d2140019839e,3,3,0.8751452565193176,0.12485474348068237,0.0
56d721af0d65d2140019839e,3,4,0.861964762210846,0.13803523778915405,0.0
56d721af0d65d2140019839e,3,5,0.861111044883728,0.13888895511627197,0.0
56d721af0d65d2140019839e,3,6,0.8844913244247437,0.11550867557525635,0.0
56d721af0d65d2140019839e,3,7,0.8665944337844849,0.13340556621551514,0.0
56d721af0d65d2140019839e,3,8,0.8568160533905029,0.14318394660949707,0.0
56d721af0d65d2140019839e,3,9,0.8297134041786194,0.17028659582138062,0.0
56d721af0d65d2140019839e,3,10,0.8151053786277771,0.1848946213722229,0.0
56d721af0d65d2140019839e,3,11,0.8401685357093811,0.1598314642906189,0.0
56d721af0d65d2140019839e,3,12,0.82927006483078,0.17072993516921997,0.0
56d721af0d65d2140019839e,3,13,0.8691805601119995,0.1308194398880005,0.0
56d721af0d65d2140019839e,3,14,0.857033908367157,0.14296609163284302,0.0
56d721af0d65d2140019839e,3,15,0.8765665888786316,0.12343341112136841,0.0
56d721af0d65d2140019839e,3,16,0.8880325555801392,0.11196744441986084,0.0
56d721af0d65d2140019839e,3,17,0.8857809901237488,0.11421900987625122,0.0
56d721af0d65d2140019839e,3,18,0.8866258263587952,0.11337417364120483,0.0
56d721af0d65d2140019839e,3,19,0.8874685764312744,0.11253142356872559,0.0
56d721af0d65d2140019839e,3,20,0.8955029845237732,0.1044970154762268,0.0
56d721af0d65d2140019839e,3,21,0.8991649150848389,0.10083508491516113,0.0
56d721af0d65d2140019839e,3,22,0.8993088603019714,0.10069113969802856,0.0
56d721af0d65d2140019839e,3,23,0.8796342015266418,0.12036579847335815,0.0
56d721af0d65d2140019839e,3,24,0.8937175273895264,0.10628247261047363,0.0
56d721af0d65d2140019839e,3,25,0.9243435263633728,0.0756564736366272,0.0
56d721af0d65d2140019839e,3,26,0.9243634343147278,0.07563656568527222,0.0
56d721af0d65d2140019839e,3,27,0.9331128001213074,0.06688719987869263,0.0
56d721af0d65d2140019839e,3,28,0.9300918579101562,0.06990814208984375,0.0
56d721af0d65d2140019839e,3,29,0.9308981895446777,0.06910181045532227,0.0
56d721af0d65d2140019839e,3,30,0.9399992823600769,0.060000717639923096,0.0
56d721af0d65d2140019839e,3,31,0.9467305541038513,0.05326944589614868,0.0
56d721af0d65d2140019839e,3,32,0.9537668824195862,0.04623311758041382,0.0
56d721af0d65d2140019839e,3,33,0.9556336998939514,0.044366300106048584,0.0
56d721af0d65d2140019839e,3,34,0.9562537670135498,0.043746232986450195,0.0
56d721af0d65d2140019839e,3,35,0.9629568457603455,0.03704315423965454,0.0
56d721af0d65d2140019839e,3,36,0.8311496376991272,0.1688503623008728,0.0
56d7277c0d65d21400198401,1,0,0.8998414874076843,0.10015851259231567,0.0
56d7277c0d65d21400198401,1,1,0.9890528321266174,0.010947167873382568,0.0
56d7277c0d65d21400198401,1,2,0.9859188795089722,0.014081120491027832,0.0
56d7277c0d65d21400198401,1,3,0.9828566908836365,0.017143309116363525,0.0
56d7277c0d65d21400198401,1,4,0.9726296663284302,0.027370333671569824,0.0
56d7277c0d65d21400198401,1,5,0.9654324650764465,0.03456753492355347,0.0
56d7277c0d65d21400198401,1,6,0.9681371450424194,0.031862854957580566,0.0
56d7277c0d65d21400198401,1,7,0.9642802476882935,0.03571975231170654,0.0
56d7277c0d65d21400198401,1,8,0.959803581237793,0.04019641876220703,0.0
56d7277c0d65d21400198401,1,9,0.9606006145477295,0.03939938545227051,0.0
56d7277c0d65d21400198401,1,10,0.9604049921035767,0.03959500789642334,0.0
56d7277c0d65d21400198401,1,11,0.9644503593444824,0.03554964065551758,0.0
56d7277c0d65d21400198401,1,12,0.959068775177002,0.04093122482299805,0.0
56d7277c0d65d21400198401,1,13,0.9647152423858643,0.03528475761413574,0.0
56d7277c0d65d21400198401,1,14,0.9624093770980835,0.037590622901916504,0.0
56d7277c0d65d21400198401,1,15,0.9680749773979187,0.0319250226020813,0.0
56d7277c0d65d21400198401,1,16,0.9705230593681335,0.029476940631866455,0.0
56d7277c0d65d21400198401,1,17,0.9726666212081909,0.027333378791809082,0.0
56d7277c0d65d21400198401,1,18,0.9724501967430115,0.027549803256988525,0.0
56d7277c0d65d21400198401,1,19,0.974185049533844,0.025814950466156006,0.0
56d7277c0d65d21400198401,1,20,0.9754841923713684,0.024515807628631592,0.0
56d7277c0d65d21400198401,1,21,0.9740920066833496,0.02590799331665039,0.0
56d7277c0d65d21400198401,1,22,0.9731269478797913,0.02687305212020874,0.0
56d7277c0d65d21400198401,1,23,0.9687098264694214,0.03129017353057861,0.0
56d7277c0d65d21400198401,1,24,0.9724874496459961,0.027512550354003906,0.0
56d7277c0d65d21400198401,1,25,0.9786227345466614,0.021377265453338623,0.0
56d7277c0d65d21400198401,1,26,0.9777136445045471,0.02228635549545288,0.0
56d7277c0d65d21400198401,1,27,0.9781830310821533,0.02181696891784668,0.0
56d7277c0d65d21400198401,1,28,0.9774161577224731,0.022583842277526855,0.0
56d7277c0d65d21400198401,1,29,0.9777798056602478,0.022220194339752197,0.0
56d7277c0d65d21400198401,1,30,0.9821280837059021,0.0178719162940979,0.0
56d7277c0d65d21400198401,1,31,0.9848730564117432,0.015126943588256836,0.0
56d7277c0d65d21400198401,1,32,0.9868271946907043,0.013172805309295654,0.0
56d7277c0d65d21400198401,1,33,0.9871337413787842,0.01286625862121582,0.0
56d7277c0d65d21400198401,1,34,0.9890133738517761,0.010986626148223877,0.0
56d7277c0d65d21400198401,1,35,0.992658257484436,0.007341742515563965,0.0
56d7277c0d65d21400198401,1,36,0.9723470211029053,0.027652978897094727,0.0
56d7277c0d65d21400198401,2,0,0.7895550727844238,0.21044492721557617,0.0
56d7277c0d65d21400198401,2,1,0.9702725410461426,0.029727458953857422,0.0
56d7277c0d65d21400198401,2,2,0.949376106262207,0.05062389373779297,0.0
56d7277c0d65d21400198401,2,3,0.9507002830505371,0.04929971694946289,0.0
56d7277c0d65d21400198401,2,4,0.9368114471435547,0.06318855285644531,0.0
56d7277c0d65d21400198401,2,5,0.9323866963386536,0.06761330366134644,0.0
56d7277c0d65d21400198401,2,6,0.939537525177002,0.06046247482299805,0.0
56d7277c0d65d21400198401,2,7,0.9321372509002686,0.06786274909973145,0.0
56d7277c0d65d21400198401,2,8,0.9264354705810547,0.07356452941894531,0.0
56d7277c0d65d21400198401,2,9,0.9296627640724182,0.07033723592758179,0.0
56d7277c0d65d21400198401,2,10,0.9270728826522827,0.07292711734771729,0.0
56d7277c0d65d21400198401,2,11,0.9316688179969788,0.06833118200302124,0.0
56d7277c0d65d21400198401,2,12,0.9202924370765686,0.0797075629234314,0.0
56d7277c0d65d21400198401,2,13,0.9295164942741394,0.0704835057258606,0.0
56d7277c0d65d21400198401,2,14,0.9261115193367004,0.07388848066329956,0.0
56d7277c0d65d21400198401,2,15,0.9370133876800537,0.06298661231994629,0.0
56d7277c0d65d21400198401,2,16,0.9412637948989868,0.058736205101013184,0.0
56d7277c0d65d21400198401,2,17,0.944037914276123,0.05596208572387695,0.0
56d7277c0d65d21400198401,2,18,0.9426141977310181,0.057385802268981934,0.0
56d7277c0d65d21400198401,2,19,0.947157621383667,0.05284237861633301,0.0
56d7277c0d65d21400198401,2,20,0.9500263929367065,0.04997360706329346,0.0
56d7277c0d65d21400198401,2,21,0.948910117149353,0.05108988285064697,0.0
56d7277c0d65d21400198401,2,22,0.9476662874221802,0.052333712577819824,0.0
56d7277c0d65d21400198401,2,23,0.9418366551399231,0.058163344860076904,0.0
56d7277c0d65d21400198401,2,24,0.9519926309585571,0.04800736904144287,0.0
56d7277c0d65d21400198401,2,25,0.9634220600128174,0.03657793998718262,0.0
56d7277c0d65d21400198401,2,26,0.9626924991607666,0.0373075008392334,0.0
56d7277c0d65d21400198401,2,27,0.9652749300003052,0.034725069999694824,0.0
56d7277c0d65d21400198401,2,28,0.9641282558441162,0.03587174415588379,0.0
56d7277c0d65d21400198401,2,29,0.9646630883216858,0.03533691167831421,0.0
56d7277c0d65d21400198401,2,30,0.9704462289810181,0.029553771018981934,0.0
56d7277c0d65d21400198401,2,31,0.9754736423492432,0.024526357650756836,0.0
56d7277c0d65d21400198401,2,32,0.9786624908447266,0.021337509155273438,0.0
56d7277c0d65d21400198401,2,33,0.9793509840965271,0.0206490159034729,0.0
56d7277c0d65d21400198401,2,34,0.9808331727981567,0.01916682720184326,0.0
56d7277c0d65d21400198401,2,35,0.9851755499839783,0.014824450016021729,0.0
56d7277c0d65d21400198401,2,36,0.9527285695075989,0.04727143049240112,0.0
56d7277c0d65d21400198401,3,0,0.7017960548400879,0.2982039451599121,1.0
56d7277c0d65d21400198401,3,1,0.939087450504303,0.06091254949569702,1.0
56d7277c0d65d21400198401,3,2,0.9177604913711548,0.08223950862884521,1.0
56d7277c0d65d21400198401,3,3,0.9197004437446594,0.08029955625534058,1.0
56d7277c0d65d21400198401,3,4,0.9004247188568115,0.09957528114318848,1.0
56d7277c0d65d21400198401,3,5,0.8991050720214844,0.10089492797851562,1.0
56d7277c0d65d21400198401,3,6,0.9116317629814148,0.0883682370185852,1.0
56d7277c0d65d21400198401,3,7,0.9014890193939209,0.0985109806060791,1.0
56d7277c0d65d21400198401,3,8,0.8924960494041443,0.10750395059585571,1.0
56d7277c0d65d21400198401,3,9,0.8876355886459351,0.11236441135406494,1.0
56d7277c0d65d21400198401,3,10,0.8818105459213257,0.11818945407867432,1.0
56d7277c0d65d21400198401,3,11,0.8914742469787598,0.10852575302124023,1.0
56d7277c0d65d21400198401,3,12,0.8809171915054321,0.11908280849456787,1.0
56d7277c0d65d21400198401,3,13,0.8942450881004333,0.10575491189956665,1.0
56d7277c0d65d21400198401,3,14,0.8911376595497131,0.10886234045028687,1.0
56d7277c0d65d21400198401,3,15,0.9026042222976685,0.09739577770233154,1.0
56d7277c0d65d21400198401,3,16,0.9077574014663696,0.09224259853363037,1.0
56d7277c0d65d21400198401,3,17,0.9097356200218201,0.09026437997817993,1.0
56d7277c0d65d21400198401,3,18,0.9091471433639526,0.09085285663604736,1.0
56d7277c0d65d21400198401,3,19,0.9144678711891174,0.08553212881088257,1.0
56d7277c0d65d21400198401,3,20,0.9135496020317078,0.08645039796829224,1.0
56d7277c0d65d21400198401,3,21,0.9093338251113892,0.09066617488861084,1.0
56d7277c0d65d21400198401,3,22,0.9073267579078674,0.09267324209213257,1.0
56d7277c0d65d21400198401,3,23,0.8929239511489868,0.10707604885101318,1.0
56d7277c0d65d21400198401,3,24,0.9131282567977905,0.08687174320220947,1.0
56d7277c0d65d21400198401,3,25,0.934221625328064,0.06577837467193604,1.0
56d7277c0d65d21400198401,3,26,0.9340917468070984,0.06590825319290161,1.0
56d7277c0d65d21400198401,3,27,0.9405171275138855,0.0594828724861145,1.0
56d7277c0d65d21400198401,3,28,0.9373653531074524,0.06263464689254761,1.0
56d7277c0d65d21400198401,3,29,0.9357569217681885,0.06424307823181152,1.0
56d7277c0d65d21400198401,3,30,0.9443641304969788,0.05563586950302124,1.0
56d7277c0d65d21400198401,3,31,0.9519607424736023,0.048039257526397705,1.0
56d7277c0d65d21400198401,3,32,0.95942223072052,0.04057776927947998,1.0
56d7277c0d65d21400198401,3,33,0.9618905186653137,0.03810948133468628,1.0
56d7277c0d65d21400198401,3,34,0.9665418863296509,0.03345811367034912,1.0
56d7277c0d65d21400198401,3,35,0.9751618504524231,0.024838149547576904,1.0
56d7277c0d65d21400198401,3,36,0.8900168538093567,0.10998314619064331,1.0
56d98f0ddc89441400fdb559,1,0,0.8857353925704956,0.1142646074295044,-1.0
56d98f0ddc89441400fdb559,1,1,0.978873610496521,0.021126389503479004,-1.0
56d98f0ddc89441400fdb559,1,2,0.9795254468917847,0.020474553108215332,-1.0
56d98f0ddc89441400fdb559,1,3,0.9782967567443848,0.021703243255615234,-1.0
56d98f0ddc89441400fdb559,1,4,0.9786189198493958,0.021381080150604248,-1.0
56d98f0ddc89441400fdb559,1,5,0.9802941679954529,0.01970583200454712,-1.0
56d98f0ddc89441400fdb559,1,6,0.9817612767219543,0.018238723278045654,-1.0
56d98f0ddc89441400fdb559,1,7,0.980289101600647,0.019710898399353027,-1.0
56d98f0ddc89441400fdb559,1,8,0.9793432354927063,0.0206567645072937,-1.0
56d98f0ddc89441400fdb559,1,9,0.9813967943191528,0.018603205680847168,-1.0
56d98f0ddc89441400fdb559,1,10,0.9833665490150452,0.016633450984954834,-1.0
56d98f0ddc89441400fdb559,1,11,0.9872856140136719,0.012714385986328125,-1.0
56d98f0ddc89441400fdb559,1,12,0.9862746596336365,0.013725340366363525,-1.0
56d98f0ddc89441400fdb559,1,13,0.9881181716918945,0.011881828308105469,-1.0
56d98f0ddc89441400fdb559,1,14,0.9881759285926819,0.011824071407318115,-1.0
56d98f0ddc89441400fdb559,1,15,0.9894705414772034,0.01052945852279663,-1.0
56d98f0ddc89441400fdb559,1,16,0.9900717735290527,0.009928226470947266,-1.0
56d98f0ddc89441400fdb559,1,17,0.9900539517402649,0.009946048259735107,-1.0
56d98f0ddc89441400fdb559,1,18,0.9896364212036133,0.010363578796386719,-1.0
56d98f0ddc89441400fdb559,1,19,0.9890676736831665,0.010932326316833496,-1.0
56d98f0ddc89441400fdb559,1,20,0.9872044920921326,0.012795507907867432,-1.0
56d98f0ddc89441400fdb559,1,21,0.9858142137527466,0.014185786247253418,-1.0
56d98f0ddc89441400fdb559,1,22,0.9852136969566345,0.014786303043365479,-1.0
56d98f0ddc89441400fdb559,1,23,0.9862214922904968,0.013778507709503174,-1.0
56d98f0ddc89441400fdb559,1,24,0.988125205039978,0.011874794960021973,-1.0
56d98f0ddc89441400fdb559,1,25,0.9909141063690186,0.009085893630981445,-1.0
56d98f0ddc89441400fdb559,1,26,0.9903364181518555,0.009663581848144531,-1.0
56d98f0ddc89441400fdb559,1,27,0.9918791651725769,0.008120834827423096,-1.0
56d98f0ddc89441400fdb559,1,28,0.9916059374809265,0.008394062519073486,-1.0
56d98f0ddc89441400fdb559,1,29,0.9917265772819519,0.008273422718048096,-1.0
56d98f0ddc89441400fdb559,1,30,0.9918356537818909,0.00816434621810913,-1.0
56d98f0ddc89441400fdb559,1,31,0.9928991198539734,0.007100880146026611,-1.0
56d98f0ddc89441400fdb559,1,32,0.9938409328460693,0.006159067153930664,-1.0
56d98f0ddc89441400fdb559,1,33,0.9938048124313354,0.006195187568664551,-1.0
56d98f0ddc89441400fdb559,1,34,0.9927931427955627,0.007206857204437256,-1.0
56d98f0ddc89441400fdb559,1,35,0.9944056272506714,0.005594372749328613,-1.0
56d98f0ddc89441400fdb559,1,36,0.9864379167556763,0.01356208324432373,-1.0
56d98f0ddc89441400fdb559,2,0,0.8144895434379578,0.18551045656204224,-1.0
56d98f0ddc89441400fdb559,2,1,0.9561256766319275,0.04387432336807251,-1.0
56d98f0ddc89441400fdb559,2,2,0.9565610289573669,0.04343897104263306,-1.0
56d98f0ddc89441400fdb559,2,3,0.9544157385826111,0.045584261417388916,-1.0
56d98f0ddc89441400fdb559,2,4,0.9363982677459717,0.06360173225402832,-1.0
56d98f0ddc89441400fdb559,2,5,0.9435579180717468,0.056442081928253174,-1.0
56d98f0ddc89441400fdb559,2,6,0.9468873143196106,0.053112685680389404,-1.0
56d98f0ddc89441400fdb559,2,7,0.9414565563201904,0.05854344367980957,-1.0
56d98f0ddc89441400fdb559,2,8,0.9363177418708801,0.06368225812911987,-1.0
56d98f0ddc89441400fdb559,2,9,0.9305997490882874,0.06940025091171265,-1.0
56d98f0ddc89441400fdb559,2,10,0.9372506737709045,0.06274932622909546,-1.0
56d98f0ddc89441400fdb559,2,11,0.9465019106864929,0.05349808931350708,-1.0
56d98f0ddc89441400fdb559,2,12,0.9464341998100281,0.053565800189971924,-1.0
56d98f0ddc89441400fdb559,2,13,0.9562103152275085,0.043789684772491455,-1.0
56d98f0ddc89441400fdb559,2,14,0.9555357694625854,0.04446423053741455,-1.0
56d98f0ddc89441400fdb559,2,15,0.9607495069503784,0.03925049304962158,-1.0
56d98f0ddc89441400fdb559,2,16,0.9629068374633789,0.037093162536621094,-1.0
56d98f0ddc89441400fdb559,2,17,0.9635666608810425,0.03643333911895752,-1.0
56d98f0ddc89441400fdb559,2,18,0.9643778800964355,0.03562211990356445,-1.0
56d98f0ddc89441400fdb559,2,19,0.9660159349441528,0.03398406505584717,-1.0
56d98f0ddc89441400fdb559,2,20,0.9644144177436829,0.03558558225631714,-1.0
56d98f0ddc89441400fdb559,2,21,0.9594165086746216,0.04058349132537842,-1.0
56d98f0ddc89441400fdb559,2,22,0.9589349627494812,0.0410650372505188,-1.0
56d98f0ddc89441400fdb559,2,23,0.9582271575927734,0.04177284240722656,-1.0
56d98f0ddc89441400fdb559,2,24,0.9637743234634399,0.03622567653656006,-1.0
56d98f0ddc89441400fdb559,2,25,0.9725503325462341,0.02744966745376587,-1.0
56d98f0ddc89441400fdb559,2,26,0.971024215221405,0.02897578477859497,-1.0
56d98f0ddc89441400fdb559,2,27,0.9755236506462097,0.024476349353790283,-1.0
56d98f0ddc89441400fdb559,2,28,0.9738306403160095,0.02616935968399048,-1.0
56d98f0ddc89441400fdb559,2,29,0.973770260810852,0.02622973918914795,-1.0
56d98f0ddc89441400fdb559,2,30,0.9765447974205017,0.02345520257949829,-1.0
56d98f0ddc89441400fdb559,2,31,0.9771332740783691,0.02286672592163086,-1.0
56d98f0ddc89441400fdb559,2,32,0.9806075692176819,0.019392430782318115,-1.0
56d98f0ddc89441400fdb559,2,33,0.9804573655128479,0.0195426344871521,-1.0
56d98f0ddc89441400fdb559,2,34,0.9807335734367371,0.01926642656326294,-1.0
56d98f0ddc89441400fdb559,2,35,0.9859371781349182,0.014062821865081787,-1.0
56d98f0ddc89441400fdb559,2,36,0.950808048248291,0.049191951751708984,-1.0
56d98f0ddc89441400fdb559,3,0,0.7305922508239746,0.2694077491760254,-1.0
56d98f0ddc89441400fdb559,3,1,0.9386097192764282,0.06139028072357178,-1.0
56d98f0ddc89441400fdb559,3,2,0.9415603876113892,0.05843961238861084,-1.0
56d98f0ddc89441400fdb559,3,3,0.9371420741081238,0.06285792589187622,-1.0
56d98f0ddc89441400fdb559,3,4,0.9120332598686218,0.08796674013137817,-1.0
56d98f0ddc89441400fdb559,3,5,0.9172780513763428,0.08272194862365723,-1.0
56d98f0ddc89441400fdb559,3,6,0.9210174679756165,0.07898253202438354,-1.0
56d98f0ddc89441400fdb559,3,7,0.9125310182571411,0.08746898174285889,-1.0
56d98f0ddc89441400fdb559,3,8,0.906630277633667,0.09336972236633301,-1.0
56d98f0ddc89441400fdb559,3,9,0.8985710740089417,0.10142892599105835,-1.0
56d98f0ddc89441400fdb559,3,10,0.9043060541152954,0.09569394588470459,-1.0
56d98f0ddc89441400fdb559,3,11,0.9138507843017578,0.08614921569824219,-1.0
56d98f0ddc89441400fdb559,3,12,0.9137921929359436,0.0862078070640564,-1.0
56d98f0ddc89441400fdb559,3,13,0.9275423884391785,0.07245761156082153,-1.0
56d98f0ddc89441400fdb559,3,14,0.9243605732917786,0.07563942670822144,-1.0
56d98f0ddc89441400fdb559,3,15,0.9337152242660522,0.06628477573394775,-1.0
56d98f0ddc89441400fdb559,3,16,0.9340401291847229,0.0659598708152771,-1.0
56d98f0ddc89441400fdb559,3,17,0.9347667098045349,0.06523329019546509,-1.0
56d98f0ddc89441400fdb559,3,18,0.9362896084785461,0.06371039152145386,-1.0
56d98f0ddc89441400fdb559,3,19,0.939827024936676,0.060172975063323975,-1.0
56d98f0ddc89441400fdb559,3,20,0.9364714026451111,0.06352859735488892,-1.0
56d98f0ddc89441400fdb559,3,21,0.9282848834991455,0.07171511650085449,-1.0
56d98f0ddc89441400fdb559,3,22,0.9263237714767456,0.0736762285232544,-1.0
56d98f0ddc89441400fdb559,3,23,0.9242926836013794,0.0757073163986206,-1.0
56d98f0ddc89441400fdb559,3,24,0.9377971887588501,0.0622028112411499,-1.0
56d98f0ddc89441400fdb559,3,25,0.9533084630966187,0.04669153690338135,-1.0
56d98f0ddc89441400fdb559,3,26,0.953788697719574,0.046211302280426025,-1.0
56d98f0ddc89441400fdb559,3,27,0.960756778717041,0.039243221282958984,-1.0
56d98f0ddc89441400fdb559,3,28,0.9594214558601379,0.04057854413986206,-1.0
56d98f0ddc89441400fdb559,3,29,0.9588409662246704,0.04115903377532959,-1.0
56d98f0ddc89441400fdb559,3,30,0.9632796049118042,0.0367203950881958,-1.0
56d98f0ddc89441400fdb559,3,31,0.9633672833442688,0.0366327166557312,-1.0
56d98f0ddc89441400fdb559,3,32,0.9697420597076416,0.0302579402923584,-1.0
56d98f0ddc89441400fdb559,3,33,0.9706775546073914,0.029322445392608643,-1.0
56d98f0ddc89441400fdb559,3,34,0.9722224473953247,0.027777552604675293,-1.0
56d98f0ddc89441400fdb559,3,35,0.9797939658164978,0.020206034183502197,-1.0
56d98f0ddc89441400fdb559,3,36,0.9167731404304504,0.08322685956954956,-1.0
56e20a3ae3433e140042324d,1,0,0.9793277382850647,0.020672261714935303,0.0
56e20a3ae3433e140042324d,1,1,0.9967029690742493,0.0032970309257507324,0.0
56e20a3ae3433e140042324d,1,2,0.9965951442718506,0.003404855728149414,0.0
56e20a3ae3433e140042324d,1,3,0.9965741634368896,0.0034258365631103516,0.0
56e20a3ae3433e140042324d,1,4,0.9949935674667358,0.00500643253326416,0.0
56e20a3ae3433e140042324d,1,5,0.9957027435302734,0.0042972564697265625,0.0
56e20a3ae3433e140042324d,1,6,0.9962145686149597,0.003785431385040283,0.0
56e20a3ae3433e140042324d,1,7,0.9957109689712524,0.004289031028747559,0.0
56e20a3ae3433e140042324d,1,8,0.9955350160598755,0.004464983940124512,0.0
56e20a3ae3433e140042324d,1,9,0.9952470064163208,0.004752993583679199,0.0
56e20a3ae3433e140042324d,1,10,0.9951698780059814,0.004830121994018555,0.0
56e20a3ae3433e140042324d,1,11,0.9960330128669739,0.003966987133026123,0.0
56e20a3ae3433e140042324d,1,12,0.9956873059272766,0.004312694072723389,0.0
56e20a3ae3433e140042324d,1,13,0.9967693090438843,0.0032306909561157227,0.0
56e20a3ae3433e140042324d,1,14,0.9965860247612,0.003413975238800049,0.0
56e20a3ae3433e140042324d,1,15,0.9970812201499939,0.0029187798500061035,0.0
56e20a3ae3433e140042324d,1,16,0.9971327185630798,0.002867281436920166,0.0
56e20a3ae3433e140042324d,1,17,0.9973787665367126,0.0026212334632873535,0.0
56e20a3ae3433e140042324d,1,18,0.9974155426025391,0.0025844573974609375,0.0
56e20a3ae3433e140042324d,1,19,0.9975461959838867,0.0024538040161132812,0.0
56e20a3ae3433e140042324d,1,20,0.997501790523529,0.0024982094764709473,0.0
56e20a3ae3433e140042324d,1,21,0.9974410533905029,0.0025589466094970703,0.0
56e20a3ae3433e140042324d,1,22,0.997421383857727,0.0025786161422729492,0.0
56e20a3ae3433e140042324d,1,23,0.9973397850990295,0.002660214900970459,0.0
56e20a3ae3433e140042324d,1,24,0.997668445110321,0.002331554889678955,0.0
56e20a3ae3433e140042324d,1,25,0.998206615447998,0.0017933845520019531,0.0
56e20a3ae3433e140042324d,1,26,0.9981353282928467,0.0018646717071533203,0.0
56e20a3ae3433e140042324d,1,27,0.9983745813369751,0.0016254186630249023,0.0
56e20a3ae3433e140042324d,1,28,0.9982991814613342,0.0017008185386657715,0.0
56e20a3ae3433e140042324d,1,29,0.9983041286468506,0.001695871353149414,0.0
56e20a3ae3433e140042324d,1,30,0.9983154535293579,0.0016845464706420898,0.0
56e20a3ae3433e140042324d,1,31,0.9984856843948364,0.0015143156051635742,0.0
56e20a3ae3433e140042324d,1,32,0.9984130859375,0.0015869140625,0.0
56e20a3ae3433e140042324d,1,33,0.9977529644966125,0.002247035503387451,0.0
56e20a3ae3433e140042324d,1,34,0.9975485801696777,0.0024514198303222656,0.0
56e20a3ae3433e140042324d,1,35,0.9980291724205017,0.001970827579498291,0.0
56e20a3ae3433e140042324d,1,36,0.995820164680481,0.004179835319519043,0.0
56e20a3ae3433e140042324d,2,0,0.95490962266922,0.04509037733078003,0.0
56e20a3ae3433e140042324d,2,1,0.9928133487701416,0.0071866512298583984,0.0
56e20a3ae3433e140042324d,2,2,0.9918743968009949,0.008125603199005127,0.0
56e20a3ae3433e140042324d,2,3,0.9916907548904419,0.008309245109558105,0.0
56e20a3ae3433e140042324d,2,4,0.9868341684341431,0.013165831565856934,0.0
56e20a3ae3433e140042324d,2,5,0.9876229166984558,0.01237708330154419,0.0
56e20a3ae3433e140042324d,2,6,0.9900180697441101,0.009981930255889893,0.0
56e20a3ae3433e140042324d,2,7,0.9888800382614136,0.011119961738586426,0.0
56e20a3ae3433e140042324d,2,8,0.9881117939949036,0.011888206005096436,0.0
56e20a3ae3433e140042324d,2,9,0.9872701168060303,0.012729883193969727,0.0
56e20a3ae3433e140042324d,2,10,0.9863448143005371,0.01365518569946289,0.0
56e20a3ae3433e140042324d,2,11,0.9876623749732971,0.01233762502670288,0.0
56e20a3ae3433e140042324d,2,12,0.9861132502555847,0.013886749744415283,0.0
56e20a3ae3433e140042324d,2,13,0.9891213178634644,0.010878682136535645,0.0
56e20a3ae3433e140042324d,2,14,0.9881435632705688,0.011856436729431152,0.0
56e20a3ae3433e140042324d,2,15,0.9882203340530396,0.01177966594696045,0.0
56e20a3ae3433e140042324d,2,16,0.9879807233810425,0.01201927661895752,0.0
56e20a3ae3433e140042324d,2,17,0.9892504215240479,0.010749578475952148,0.0
56e20a3ae3433e140042324d,2,18,0.9895814657211304,0.010418534278869629,0.0
56e20a3ae3433e140042324d,2,19,0.989884078502655,0.01011592149734497,0.0
56e20a3ae3433e140042324d,2,20,0.9891784191131592,0.01082158088684082,0.0
56e20a3ae3433e140042324d,2,21,0.9893779158592224,0.010622084140777588,0.0
56e20a3ae3433e140042324d,2,22,0.9895431399345398,0.010456860065460205,0.0
56e20a3ae3433e140042324d,2,23,0.9881089925765991,0.011891007423400879,0.0
56e20a3ae3433e140042324d,2,24,0.9903357625007629,0.00966423749923706,0.0
56e20a3ae3433e140042324d,2,25,0.9929373860359192,0.0070626139640808105,0.0
56e20a3ae3433e140042324d,2,26,0.9928284883499146,0.007171511650085449,0.0
56e20a3ae3433e140042324d,2,27,0.9935574531555176,0.006442546844482422,0.0
56e20a3ae3433e140042324d,2,28,0.9934242963790894,0.0065757036209106445,0.0
56e20a3ae3433e140042324d,2,29,0.994163990020752,0.005836009979248047,0.0
56e20a3ae3433e140042324d,2,30,0.9948432445526123,0.005156755447387695,0.0
56e20a3ae3433e140042324d,2,31,0.995686411857605,0.0043135881423950195,0.0
56e20a3ae3433e140042324d,2,32,0.9960534572601318,0.003946542739868164,0.0
56e20a3ae3433e140042324d,2,33,0.9955206513404846,0.004479348659515381,0.0
56e20a3ae3433e140042324d,2,34,0.9955946803092957,0.004405319690704346,0.0
56e20a3ae3433e140042324d,2,35,0.9967285394668579,0.00327146053314209,0.0
56e20a3ae3433e140042324d,2,36,0.9863343238830566,0.01366567611694336,0.0
56e20a3ae3433e140042324d,3,0,0.9227926135063171,0.07720738649368286,0.0
56e20a3ae3433e140042324d,3,1,0.9850552678108215,0.014944732189178467,0.0
56e20a3ae3433e140042324d,3,2,0.9826666712760925,0.01733332872390747,0.0
56e20a3ae3433e140042324d,3,3,0.9810395836830139,0.018960416316986084,0.0
56e20a3ae3433e140042324d,3,4,0.968704342842102,0.03129565715789795,0.0
56e20a3ae3433e140042324d,3,5,0.9729422926902771,0.0270577073097229,0.0
56e20a3ae3433e140042324d,3,6,0.977993905544281,0.022006094455718994,0.0
56e20a3ae3433e140042324d,3,7,0.977457582950592,0.02254241704940796,0.0
56e20a3ae3433e140042324d,3,8,0.9743849039077759,0.02561509609222412,0.0
56e20a3ae3433e140042324d,3,9,0.9738455414772034,0.02615445852279663,0.0
56e20a3ae3433e140042324d,3,10,0.9702965021133423,0.029703497886657715,0.0
56e20a3ae3433e140042324d,3,11,0.9741201400756836,0.025879859924316406,0.0
56e20a3ae3433e140042324d,3,12,0.9714069366455078,0.028593063354492188,0.0
56e20a3ae3433e140042324d,3,13,0.9787458777427673,0.021254122257232666,0.0
56e20a3ae3433e140042324d,3,14,0.976118266582489,0.023881733417510986,0.0
56e20a3ae3433e140042324d,3,15,0.9787560701370239,0.021243929862976074,0.0
56e20a3ae3433e140042324d,3,16,0.9778327345848083,0.02216726541519165,0.0
56e20a3ae3433e140042324d,3,17,0.9794554114341736,0.020544588565826416,0.0
56e20a3ae3433e140042324d,3,18,0.979731559753418,0.02026844024658203,0.0
56e20a3ae3433e140042324d,3,19,0.9804856181144714,0.019514381885528564,0.0
56e20a3ae3433e140042324d,3,20,0.9803140759468079,0.01968592405319214,0.0
56e20a3ae3433e140042324d,3,21,0.9800376296043396,0.0199623703956604,0.0
56e20a3ae3433e140042324d,3,22,0.9799615144729614,0.020038485527038574,0.0
56e20a3ae3433e140042324d,3,23,0.976588785648346,0.023411214351654053,0.0
56e20a3ae3433e140042324d,3,24,0.981249213218689,0.018750786781311035,0.0
56e20a3ae3433e140042324d,3,25,0.9858203530311584,0.014179646968841553,0.0
56e20a3ae3433e140042324d,3,26,0.9860239028930664,0.013976097106933594,0.0
56e20a3ae3433e140042324d,3,27,0.9875125288963318,0.012487471103668213,0.0
56e20a3ae3433e140042324d,3,28,0.9865279793739319,0.013472020626068115,0.0
56e20a3ae3433e140042324d,3,29,0.9880227446556091,0.01197725534439087,0.0
56e20a3ae3433e140042324d,3,30,0.989637553691864,0.010362446308135986,0.0
56e20a3ae3433e140042324d,3,31,0.9907388091087341,0.00926119089126587,0.0
56e20a3ae3433e140042324d,3,32,0.9914661049842834,0.008533895015716553,0.0
56e20a3ae3433e140042324d,3,33,0.9899952411651611,0.010004758834838867,0.0
56e20a3ae3433e140042324d,3,34,0.9890864491462708,0.010913550853729248,0.0
56e20a3ae3433e140042324d,3,35,0.9911937713623047,0.008806228637695312,0.0
56e20a3ae3433e140042324d,3,36,0.9743683338165283,0.02563166618347168,0.0
56e756bc37bdd419002c3e97,1,0,0.8964194655418396,0.1035805344581604,0.0
56e756bc37bdd419002c3e97,1,1,0.9824312329292297,0.017568767070770264,0.0
56e756bc37bdd419002c3e97,1,2,0.9697580337524414,0.030241966247558594,0.0
56e756bc37bdd419002c3e97,1,3,0.9648573398590088,0.03514266014099121,0.0
56e756bc37bdd419002c3e97,1,4,0.9559701085090637,0.04402989149093628,0.0
56e756bc37bdd419002c3e97,1,5,0.9504430294036865,0.04955697059631348,0.0
56e756bc37bdd419002c3e97,1,6,0.9542123675346375,0.04578763246536255,0.0
56e756bc37bdd419002c3e97,1,7,0.9433814883232117,0.05661851167678833,0.0
56e756bc37bdd419002c3e97,1,8,0.92904132604599,0.07095867395401001,0.0
56e756bc37bdd419002c3e97,1,9,0.9266243577003479,0.0733756422996521,0.0
56e756bc37bdd419002c3e97,1,10,0.9221362471580505,0.07786375284194946,0.0
56e756bc37bdd419002c3e97,1,11,0.9352118968963623,0.0647881031036377,0.0
56e756bc37bdd419002c3e97,1,12,0.9310355186462402,0.06896448135375977,0.0
56e756bc37bdd419002c3e97,1,13,0.9447308778762817,0.05526912212371826,0.0
56e756bc37bdd419002c3e97,1,14,0.9416777491569519,0.058322250843048096,0.0
56e756bc37bdd419002c3e97,1,15,0.9453691244125366,0.05463087558746338,0.0
56e756bc37bdd419002c3e97,1,16,0.9465458393096924,0.05345416069030762,0.0
56e756bc37bdd419002c3e97,1,17,0.9525451064109802,0.047454893589019775,0.0
56e756bc37bdd419002c3e97,1,18,0.952363908290863,0.04763609170913696,0.0
56e756bc37bdd419002c3e97,1,19,0.9524446725845337,0.04755532741546631,0.0
56e756bc37bdd419002c3e97,1,20,0.9509823322296143,0.04901766777038574,0.0
56e756bc37bdd419002c3e97,1,21,0.9461127519607544,0.053887248039245605,0.0
56e756bc37bdd419002c3e97,1,22,0.9453641772270203,0.054635822772979736,0.0
56e756bc37bdd419002c3e97,1,23,0.933357834815979,0.066642165184021,0.0
56e756bc37bdd419002c3e97,1,24,0.9382975697517395,0.0617024302482605,0.0
56e756bc37bdd419002c3e97,1,25,0.9560361504554749,0.043963849544525146,0.0
56e756bc37bdd419002c3e97,1,26,0.9525754451751709,0.0474245548248291,0.0
56e756bc37bdd419002c3e97,1,27,0.9585617184638977,0.041438281536102295,0.0
56e756bc37bdd419002c3e97,1,28,0.9591436982154846,0.04085630178451538,0.0
56e756bc37bdd419002c3e97,1,29,0.9606072902679443,0.039392709732055664,0.0
56e756bc37bdd419002c3e97,1,30,0.9661022424697876,0.0338977575302124,0.0
56e756bc37bdd419002c3e97,1,31,0.9735214710235596,0.02647852897644043,0.0
56e756bc37bdd419002c3e97,1,32,0.97691410779953,0.02308589220046997,0.0
56e756bc37bdd419002c3e97,1,33,0.9777212142944336,0.022278785705566406,0.0
56e756bc37bdd419002c3e97,1,34,0.9805596470832825,0.01944035291671753,0.0
56e756bc37bdd419002c3e97,1,35,0.9863752722740173,0.013624727725982666,0.0
56e756bc37bdd419002c3e97,1,36,0.9058466553688049,0.09415334463119507,0.0
56e756bc37bdd419002c3e97,2,0,0.753553032875061,0.24644696712493896,0.0
56e756bc37bdd419002c3e97,2,1,0.9563727378845215,0.043627262115478516,0.0
56e756bc37bdd419002c3e97,2,2,0.9412461519241333,0.0587538480758667,0.0
56e756bc37bdd419002c3e97,2,3,0.9281953573226929,0.07180464267730713,0.0
56e756bc37bdd419002c3e97,2,4,0.911185622215271,0.088814377784729,0.0
56e756bc37bdd419002c3e97,2,5,0.9108920693397522,0.0891079306602478,0.0
56e756bc37bdd419002c3e97,2,6,0.9237714409828186,0.0762285590171814,0.0
56e756bc37bdd419002c3e97,2,7,0.9137650728225708,0.0862349271774292,0.0
56e756bc37bdd419002c3e97,2,8,0.9010300636291504,0.09896993637084961,0.0
56e756bc37bdd419002c3e97,2,9,0.8973250389099121,0.10267496109008789,0.0
56e756bc37bdd419002c3e97,2,10,0.886513888835907,0.11348611116409302,0.0
56e756bc37bdd419002c3e97,2,11,0.903214156627655,0.09678584337234497,0.0
56e756bc37bdd419002c3e97,2,12,0.896237313747406,0.103762686252594,0.0
56e756bc37bdd419002c3e97,2,13,0.9156632423400879,0.08433675765991211,0.0
56e756bc37bdd419002c3e97,2,14,0.9096595644950867,0.09034043550491333,0.0
56e756bc37bdd419002c3e97,2,15,0.9190616607666016,0.08093833923339844,0.0
56e756bc37bdd419002c3e97,2,16,0.9209229350090027,0.07907706499099731,0.0
56e756bc37bdd419002c3e97,2,17,0.9278063178062439,0.0721936821937561,0.0
56e756bc37bdd419002c3e97,2,18,0.9268689751625061,0.0731310248374939,0.0
56e756bc37bdd419002c3e97,2,19,0.9279066324234009,0.07209336757659912,0.0
56e756bc37bdd419002c3e97,2,20,0.9260223507881165,0.07397764921188354,0.0
56e756bc37bdd419002c3e97,2,21,0.92052161693573,0.07947838306427002,0.0
56e756bc37bdd419002c3e97,2,22,0.9180665016174316,0.08193349838256836,0.0
56e756bc37bdd419002c3e97,2,23,0.9019732475280762,0.09802675247192383,0.0
56e756bc37bdd419002c3e97,2,24,0.909954845905304,0.09004515409469604,0.0
56e756bc37bdd419002c3e97,2,25,0.9347736239433289,0.06522637605667114,0.0
56e756bc37bdd419002c3e97,2,26,0.9321308135986328,0.06786918640136719,0.0
56e756bc37bdd419002c3e97,2,27,0.9393384456634521,0.06066155433654785,0.0
56e756bc37bdd419002c3e97,2,28,0.9395685791969299,0.06043142080307007,0.0
56e756bc37bdd419002c3e97,2,29,0.9431569576263428,0.05684304237365723,0.0
56e756bc37bdd419002c3e97,2,30,0.9507172703742981,0.049282729625701904,0.0
56e756bc37bdd419002c3e97,2,31,0.9582451581954956,0.041754841804504395,0.0
56e756bc37bdd419002c3e97,2,32,0.9636670351028442,0.03633296489715576,0.0
56e756bc37bdd419002c3e97,2,33,0.9658005237579346,0.03419947624206543,0.0
56e756bc37bdd419002c3e97,2,34,0.9694084525108337,0.03059154748916626,0.0
56e756bc37bdd419002c3e97,2,35,0.9780640006065369,0.021935999393463135,0.0
56e756bc37bdd419002c3e97,2,36,0.8474958539009094,0.15250414609909058,0.0
56e756bc37bdd419002c3e97,3,0,0.6492961049079895,0.3507038950920105,0.0
56e756bc37bdd419002c3e97,3,1,0.9282056093215942,0.07179439067840576,0.0
56e756bc37bdd419002c3e97,3,2,0.9136759042739868,0.08632409572601318,0.0
56e756bc37bdd419002c3e97,3,3,0.8919200897216797,0.10807991027832031,0.0
56e756bc37bdd419002c3e97,3,4,0.863682210445404,0.13631778955459595,0.0
56e756bc37bdd419002c3e97,3,5,0.8613131046295166,0.1386868953704834,0.0
56e756bc37bdd419002c3e97,3,6,0.8749048113822937,0.1250951886177063,0.0
56e756bc37bdd419002c3e97,3,7,0.8637317419052124,0.1362682580947876,0.0
56e756bc37bdd419002c3e97,3,8,0.8481132984161377,0.1518867015838623,0.0
56e756bc37bdd419002c3e97,3,9,0.828679084777832,0.17132091522216797,0.0
56e756bc37bdd419002c3e97,3,10,0.8104217052459717,0.18957829475402832,0.0
56e756bc37bdd419002c3e97,3,11,0.8391273617744446,0.16087263822555542,0.0
56e756bc37bdd419002c3e97,3,12,0.8278452754020691,0.1721547245979309,0.0
56e756bc37bdd419002c3e97,3,13,0.8653853535652161,0.13461464643478394,0.0
56e756bc37bdd419002c3e97,3,14,0.8536908626556396,0.14630913734436035,0.0
56e756bc37bdd419002c3e97,3,15,0.8720719814300537,0.1279280185699463,0.0
56e756bc37bdd419002c3e97,3,16,0.8760101795196533,0.12398982048034668,0.0
56e756bc37bdd419002c3e97,3,17,0.8859292268753052,0.11407077312469482,0.0
56e756bc37bdd419002c3e97,3,18,0.8836169838905334,0.11638301610946655,0.0
56e756bc37bdd419002c3e97,3,19,0.8868890404701233,0.11311095952987671,0.0
56e756bc37bdd419002c3e97,3,20,0.8876537680625916,0.11234623193740845,0.0
56e756bc37bdd419002c3e97,3,21,0.8790481090545654,0.12095189094543457,0.0
56e756bc37bdd419002c3e97,3,22,0.8712044358253479,0.1287955641746521,0.0
56e756bc37bdd419002c3e97,3,23,0.8498908877372742,0.15010911226272583,0.0
56e756bc37bdd419002c3e97,3,24,0.8659273982048035,0.13407260179519653,0.0
56e756bc37bdd419002c3e97,3,25,0.9033114910125732,0.09668850898742676,0.0
56e756bc37bdd419002c3e97,3,26,0.9026489853858948,0.09735101461410522,0.0
56e756bc37bdd419002c3e97,3,27,0.9131740927696228,0.0868259072303772,0.0
56e756bc37bdd419002c3e97,3,28,0.9132128953933716,0.08678710460662842,0.0
56e756bc37bdd419002c3e97,3,29,0.9192513227462769,0.08074867725372314,0.0
56e756bc37bdd419002c3e97,3,30,0.9284181594848633,0.07158184051513672,0.0
56e756bc37bdd419002c3e97,3,31,0.9413780570030212,0.05862194299697876,0.0
56e756bc37bdd419002c3e97,3,32,0.949373185634613,0.05062681436538696,0.0
56e756bc37bdd419002c3e97,3,33,0.9524215459823608,0.04757845401763916,0.0
56e756bc37bdd419002c3e97,3,34,0.9571117758750916,0.04288822412490845,0.0
56e756bc37bdd419002c3e97,3,35,0.9696996808052063,0.0303003191947937,0.0
56e756bc37bdd419002c3e97,3,36,0.8128957152366638,0.18710428476333618,0.0
56f7f2e0aef2371900625cb0,1,0,0.8248743414878845,0.17512565851211548,0.0
56f7f2e0aef2371900625cb0,1,1,0.9731864929199219,0.026813507080078125,0.0
56f7f2e0aef2371900625cb0,1,2,0.9689036011695862,0.03109639883041382,0.0
56f7f2e0aef2371900625cb0,1,3,0.9698600769042969,0.030139923095703125,0.0
56f7f2e0aef2371900625cb0,1,4,0.9648687839508057,0.035131216049194336,0.0
56f7f2e0aef2371900625cb0,1,5,0.9661747217178345,0.03382527828216553,0.0
56f7f2e0aef2371900625cb0,1,6,0.9662797451019287,0.03372025489807129,0.0
56f7f2e0aef2371900625cb0,1,7,0.959739089012146,0.040260910987854004,0.0
56f7f2e0aef2371900625cb0,1,8,0.9577120542526245,0.04228794574737549,0.0
56f7f2e0aef2371900625cb0,1,9,0.944719672203064,0.055280327796936035,0.0
56f7f2e0aef2371900625cb0,1,10,0.9485996961593628,0.05140030384063721,0.0
56f7f2e0aef2371900625cb0,1,11,0.9520276784896851,0.04797232151031494,0.0
56f7f2e0aef2371900625cb0,1,12,0.9480299353599548,0.051970064640045166,0.0
56f7f2e0aef2371900625cb0,1,13,0.9540733098983765,0.045926690101623535,0.0
56f7f2e0aef2371900625cb0,1,14,0.9538199305534363,0.04618006944656372,0.0
56f7f2e0aef2371900625cb0,1,15,0.9548161029815674,0.04518389701843262,0.0
56f7f2e0aef2371900625cb0,1,16,0.9575933814048767,0.04240661859512329,0.0
56f7f2e0aef2371900625cb0,1,17,0.9600168466567993,0.039983153343200684,0.0
56f7f2e0aef2371900625cb0,1,18,0.9598086476325989,0.04019135236740112,0.0
56f7f2e0aef2371900625cb0,1,19,0.9629239439964294,0.03707605600357056,0.0
56f7f2e0aef2371900625cb0,1,20,0.9672778844833374,0.0327221155166626,0.0
56f7f2e0aef2371900625cb0,1,21,0.9651879668235779,0.03481203317642212,0.0
56f7f2e0aef2371900625cb0,1,22,0.9632397890090942,0.03676021099090576,0.0
56f7f2e0aef2371900625cb0,1,23,0.9614596962928772,0.0385403037071228,0.0
56f7f2e0aef2371900625cb0,1,24,0.9635838270187378,0.03641617298126221,0.0
56f7f2e0aef2371900625cb0,1,25,0.9697904586791992,0.03020954132080078,0.0
56f7f2e0aef2371900625cb0,1,26,0.9692073464393616,0.030792653560638428,0.0
56f7f2e0aef2371900625cb0,1,27,0.9717501401901245,0.02824985980987549,0.0
56f7f2e0aef2371900625cb0,1,28,0.9724235534667969,0.027576446533203125,0.0
56f7f2e0aef2371900625cb0,1,29,0.9701157808303833,0.0298842191696167,0.0
56f7f2e0aef2371900625cb0,1,30,0.9730432629585266,0.02695673704147339,0.0
56f7f2e0aef2371900625cb0,1,31,0.9778316617012024,0.022168338298797607,0.0
56f7f2e0aef2371900625cb0,1,32,0.9783328771591187,0.021667122840881348,0.0
56f7f2e0aef2371900625cb0,1,33,0.9789603352546692,0.02103966474533081,0.0
56f7f2e0aef2371900625cb0,1,34,0.9792776703834534,0.02072232961654663,0.0
56f7f2e0aef2371900625cb0,1,35,0.9870651364326477,0.012934863567352295,0.0
56f7f2e0aef2371900625cb0,1,36,0.9676513075828552,0.032348692417144775,0.0
56f7f2e0aef2371900625cb0,2,0,0.6961275339126587,0.3038724660873413,0.0
56f7f2e0aef2371900625cb0,2,1,0.9322124123573303,0.06778758764266968,0.0
56f7f2e0aef2371900625cb0,2,2,0.9351401925086975,0.06485980749130249,0.0
56f7f2e0aef2371900625cb0,2,3,0.9388667941093445,0.06113320589065552,0.0
56f7f2e0aef2371900625cb0,2,4,0.9320146441459656,0.06798535585403442,0.0
56f7f2e0aef2371900625cb0,2,5,0.9274129271507263,0.07258707284927368,0.0
56f7f2e0aef2371900625cb0,2,6,0.9342321157455444,0.06576788425445557,0.0
56f7f2e0aef2371900625cb0,2,7,0.9189266562461853,0.0810733437538147,0.0
56f7f2e0aef2371900625cb0,2,8,0.9149069786071777,0.08509302139282227,0.0
56f7f2e0aef2371900625cb0,2,9,0.9013653993606567,0.09863460063934326,0.0
56f7f2e0aef2371900625cb0,2,10,0.8990124464035034,0.10098755359649658,0.0
56f7f2e0aef2371900625cb0,2,11,0.9032463431358337,0.09675365686416626,0.0
56f7f2e0aef2371900625cb0,2,12,0.9012526273727417,0.0987473726272583,0.0
56f7f2e0aef2371900625cb0,2,13,0.9185791611671448,0.08142083883285522,0.0
56f7f2e0aef2371900625cb0,2,14,0.9210489392280579,0.07895106077194214,0.0
56f7f2e0aef2371900625cb0,2,15,0.9261391758918762,0.07386082410812378,0.0
56f7f2e0aef2371900625cb0,2,16,0.9333953261375427,0.06660467386245728,0.0
56f7f2e0aef2371900625cb0,2,17,0.9385036826133728,0.0614963173866272,0.0
56f7f2e0aef2371900625cb0,2,18,0.9389840960502625,0.06101590394973755,0.0
56f7f2e0aef2371900625cb0,2,19,0.9408600926399231,0.059139907360076904,0.0
56f7f2e0aef2371900625cb0,2,20,0.9453034996986389,0.054696500301361084,0.0
56f7f2e0aef2371900625cb0,2,21,0.9462958574295044,0.053704142570495605,0.0
56f7f2e0aef2371900625cb0,2,22,0.9444913864135742,0.05550861358642578,0.0
56f7f2e0aef2371900625cb0,2,23,0.9365512728691101,0.06344872713088989,0.0
56f7f2e0aef2371900625cb0,2,24,0.944104015827179,0.055895984172821045,0.0
56f7f2e0aef2371900625cb0,2,25,0.9502525329589844,0.049747467041015625,0.0
56f7f2e0aef2371900625cb0,2,26,0.9491155743598938,0.0508844256401062,0.0
56f7f2e0aef2371900625cb0,2,27,0.9540380239486694,0.045961976051330566,0.0
56f7f2e0aef2371900625cb0,2,28,0.9550593495368958,0.04494065046310425,0.0
56f7f2e0aef2371900625cb0,2,29,0.9555126428604126,0.0444873571395874,0.0
56f7f2e0aef2371900625cb0,2,30,0.958090603351593,0.04190939664840698,0.0
56f7f2e0aef2371900625cb0,2,31,0.9633691906929016,0.03663080930709839,0.0
56f7f2e0aef2371900625cb0,2,32,0.9662428498268127,0.033757150173187256,0.0
56f7f2e0aef2371900625cb0,2,33,0.967086136341095,0.03291386365890503,0.0
56f7f2e0aef2371900625cb0,2,34,0.967685341835022,0.03231465816497803,0.0
56f7f2e0aef2371900625cb0,2,35,0.9775145649909973,0.022485435009002686,0.0
56f7f2e0aef2371900625cb0,2,36,0.9116289019584656,0.08837109804153442,0.0
56f7f2e0aef2371900625cb0,3,0,0.5499195456504822,0.4500804543495178,0.0
56f7f2e0aef2371900625cb0,3,1,0.8941938281059265,0.10580617189407349,0.0
56f7f2e0aef2371900625cb0,3,2,0.9002512693405151,0.09974873065948486,0.0
56f7f2e0aef2371900625cb0,3,3,0.8924958109855652,0.10750418901443481,0.0
56f7f2e0aef2371900625cb0,3,4,0.874450147151947,0.12554985284805298,0.0
56f7f2e0aef2371900625cb0,3,5,0.8683732748031616,0.13162672519683838,0.0
56f7f2e0aef2371900625cb0,3,6,0.8767949938774109,0.12320500612258911,0.0
56f7f2e0aef2371900625cb0,3,7,0.861661434173584,0.13833856582641602,0.0
56f7f2e0aef2371900625cb0,3,8,0.8500325679779053,0.14996743202209473,0.0
56f7f2e0aef2371900625cb0,3,9,0.8284049034118652,0.17159509658813477,0.0
56f7f2e0aef2371900625cb0,3,10,0.8198298215866089,0.1801701784133911,0.0
56f7f2e0aef2371900625cb0,3,11,0.8360743522644043,0.1639256477355957,0.0
56f7f2e0aef2371900625cb0,3,12,0.834731936454773,0.16526806354522705,0.0
56f7f2e0aef2371900625cb0,3,13,0.8621602654457092,0.13783973455429077,0.0
56f7f2e0aef2371900625cb0,3,14,0.8580763936042786,0.14192360639572144,0.0
56f7f2e0aef2371900625cb0,3,15,0.8714403510093689,0.1285596489906311,0.0
56f7f2e0aef2371900625cb0,3,16,0.8814815878868103,0.1185184121131897,0.0
56f7f2e0aef2371900625cb0,3,17,0.8908630013465881,0.10913699865341187,0.0
56f7f2e0aef2371900625cb0,3,18,0.8893221020698547,0.11067789793014526,0.0
56f7f2e0aef2371900625cb0,3,19,0.894191563129425,0.10580843687057495,0.0
56f7f2e0aef2371900625cb0,3,20,0.8960297107696533,0.10397028923034668,0.0
56f7f2e0aef2371900625cb0,3,21,0.8944166898727417,0.1055833101272583,0.0
56f7f2e0aef2371900625cb0,3,22,0.8933749794960022,0.1066250205039978,0.0
56f7f2e0aef2371900625cb0,3,23,0.8794882297515869,0.12051177024841309,0.0
56f7f2e0aef2371900625cb0,3,24,0.8947656154632568,0.10523438453674316,0.0
56f7f2e0aef2371900625cb0,3,25,0.912929892539978,0.08707010746002197,0.0
56f7f2e0aef2371900625cb0,3,26,0.913969874382019,0.08603012561798096,0.0
56f7f2e0aef2371900625cb0,3,27,0.925483226776123,0.07451677322387695,0.0
56f7f2e0aef2371900625cb0,3,28,0.923759400844574,0.07624059915542603,0.0
56f7f2e0aef2371900625cb0,3,29,0.9256423115730286,0.07435768842697144,0.0
56f7f2e0aef2371900625cb0,3,30,0.931441068649292,0.06855893135070801,0.0
56f7f2e0aef2371900625cb0,3,31,0.9375765919685364,0.06242340803146362,0.0
56f7f2e0aef2371900625cb0,3,32,0.9454437494277954,0.05455625057220459,0.0
56f7f2e0aef2371900625cb0,3,33,0.944333553314209,0.055666446685791016,0.0
56f7f2e0aef2371900625cb0,3,34,0.9406273365020752,0.059372663497924805,0.0
56f7f2e0aef2371900625cb0,3,35,0.9547600150108337,0.04523998498916626,0.0
56f7f2e0aef2371900625cb0,3,36,0.8297595977783203,0.1702404022216797,0.0
56f7fde8a6d7ea1400e17367,1,0,0.9431815147399902,0.056818485260009766,1.0
56f7fde8a6d7ea1400e17367,1,1,0.9916711449623108,0.008328855037689209,1.0
56f7fde8a6d7ea1400e17367,1,2,0.9915724992752075,0.00842750072479248,1.0
56f7fde8a6d7ea1400e17367,1,3,0.9885460138320923,0.011453986167907715,1.0
56f7fde8a6d7ea1400e17367,1,4,0.986827552318573,0.013172447681427002,1.0
56f7fde8a6d7ea1400e17367,1,5,0.9841039180755615,0.015896081924438477,1.0
56f7fde8a6d7ea1400e17367,1,6,0.984648585319519,0.015351414680480957,1.0
56f7fde8a6d7ea1400e17367,1,7,0.9768427610397339,0.023157238960266113,1.0
56f7fde8a6d7ea1400e17367,1,8,0.9692294597625732,0.030770540237426758,1.0
56f7fde8a6d7ea1400e17367,1,9,0.9615609645843506,0.038439035415649414,1.0
56f7fde8a6d7ea1400e17367,1,10,0.962107241153717,0.03789275884628296,1.0
56f7fde8a6d7ea1400e17367,1,11,0.9651117324829102,0.034888267517089844,1.0
56f7fde8a6d7ea1400e17367,1,12,0.9562363624572754,0.04376363754272461,1.0
56f7fde8a6d7ea1400e17367,1,13,0.9620406031608582,0.037959396839141846,1.0
56f7fde8a6d7ea1400e17367,1,14,0.9582105875015259,0.04178941249847412,1.0
56f7fde8a6d7ea1400e17367,1,15,0.9614373445510864,0.038562655448913574,1.0
56f7fde8a6d7ea1400e17367,1,16,0.9651829600334167,0.03481703996658325,1.0
56f7fde8a6d7ea1400e17367,1,17,0.9681797623634338,0.03182023763656616,1.0
56f7fde8a6d7ea1400e17367,1,18,0.9672877192497253,0.03271228075027466,1.0
56f7fde8a6d7ea1400e17367,1,19,0.9628958106040955,0.03710418939590454,1.0
56f7fde8a6d7ea1400e17367,1,20,0.9631621837615967,0.03683781623840332,1.0
56f7fde8a6d7ea1400e17367,1,21,0.9589767456054688,0.04102325439453125,1.0
56f7fde8a6d7ea1400e17367,1,22,0.9543878436088562,0.0456121563911438,1.0
56f7fde8a6d7ea1400e17367,1,23,0.9421866536140442,0.05781334638595581,1.0
56f7fde8a6d7ea1400e17367,1,24,0.9358837604522705,0.06411623954772949,1.0
56f7fde8a6d7ea1400e17367,1,25,0.9532480835914612,0.04675191640853882,1.0
56f7fde8a6d7ea1400e17367,1,26,0.9525439739227295,0.04745602607727051,1.0
56f7fde8a6d7ea1400e17367,1,27,0.9600109457969666,0.03998905420303345,1.0
56f7fde8a6d7ea1400e17367,1,28,0.9609041213989258,0.03909587860107422,1.0
56f7fde8a6d7ea1400e17367,1,29,0.9647433161735535,0.03525668382644653,1.0
56f7fde8a6d7ea1400e17367,1,30,0.9707685112953186,0.029231488704681396,1.0
56f7fde8a6d7ea1400e17367,1,31,0.9769302010536194,0.023069798946380615,1.0
56f7fde8a6d7ea1400e17367,1,32,0.9807872176170349,0.019212782382965088,1.0
56f7fde8a6d7ea1400e17367,1,33,0.9829807877540588,0.017019212245941162,1.0
56f7fde8a6d7ea1400e17367,1,34,0.9858043789863586,0.014195621013641357,1.0
56f7fde8a6d7ea1400e17367,1,35,0.9909716248512268,0.009028375148773193,1.0
56f7fde8a6d7ea1400e17367,1,36,0.9674326181411743,0.032567381858825684,1.0
56f7fde8a6d7ea1400e17367,2,0,0.8610694408416748,0.1389305591583252,1.0
56f7fde8a6d7ea1400e17367,2,1,0.9716053009033203,0.028394699096679688,1.0
56f7fde8a6d7ea1400e17367,2,2,0.9772297143936157,0.022770285606384277,1.0
56f7fde8a6d7ea1400e17367,2,3,0.9729248881340027,0.027075111865997314,1.0
56f7fde8a6d7ea1400e17367,2,4,0.9662750959396362,0.03372490406036377,1.0
56f7fde8a6d7ea1400e17367,2,5,0.9608848690986633,0.03911513090133667,1.0
56f7fde8a6d7ea1400e17367,2,6,0.9639058709144592,0.03609412908554077,1.0
56f7fde8a6d7ea1400e17367,2,7,0.9530087113380432,0.04699128866195679,1.0
56f7fde8a6d7ea1400e17367,2,8,0.9446054100990295,0.05539458990097046,1.0
56f7fde8a6d7ea1400e17367,2,9,0.9354444742202759,0.06455552577972412,1.0
56f7fde8a6d7ea1400e17367,2,10,0.9367748498916626,0.0632251501083374,1.0
56f7fde8a6d7ea1400e17367,2,11,0.9408280849456787,0.05917191505432129,1.0
56f7fde8a6d7ea1400e17367,2,12,0.9304523468017578,0.06954765319824219,1.0
56f7fde8a6d7ea1400e17367,2,13,0.9414322972297668,0.058567702770233154,1.0
56f7fde8a6d7ea1400e17367,2,14,0.9380934238433838,0.06190657615661621,1.0
56f7fde8a6d7ea1400e17367,2,15,0.9447206258773804,0.05527937412261963,1.0
56f7fde8a6d7ea1400e17367,2,16,0.9486860632896423,0.051313936710357666,1.0
56f7fde8a6d7ea1400e17367,2,17,0.9541209936141968,0.04587900638580322,1.0
56f7fde8a6d7ea1400e17367,2,18,0.953911304473877,0.04608869552612305,1.0
56f7fde8a6d7ea1400e17367,2,19,0.9501205086708069,0.049879491329193115,1.0
56f7fde8a6d7ea1400e17367,2,20,0.949885368347168,0.05011463165283203,1.0
56f7fde8a6d7ea1400e17367,2,21,0.9464669227600098,0.053533077239990234,1.0
56f7fde8a6d7ea1400e17367,2,22,0.9427400231361389,0.057259976863861084,1.0
56f7fde8a6d7ea1400e17367,2,23,0.9300925731658936,0.06990742683410645,1.0
56f7fde8a6d7ea1400e17367,2,24,0.9243873357772827,0.07561266422271729,1.0
56f7fde8a6d7ea1400e17367,2,25,0.9452484250068665,0.054751574993133545,1.0
56f7fde8a6d7ea1400e17367,2,26,0.9446379542350769,0.055362045764923096,1.0
56f7fde8a6d7ea1400e17367,2,27,0.9539923667907715,0.046007633209228516,1.0
56f7fde8a6d7ea1400e17367,2,28,0.9547169804573059,0.04528301954269409,1.0
56f7fde8a6d7ea1400e17367,2,29,0.9587311744689941,0.04126882553100586,1.0
56f7fde8a6d7ea1400e17367,2,30,0.9655256271362305,0.03447437286376953,1.0
56f7fde8a6d7ea1400e17367,2,31,0.9726101160049438,0.027389883995056152,1.0
56f7fde8a6d7ea1400e17367,2,32,0.9768158793449402,0.023184120655059814,1.0
56f7fde8a6d7ea1400e17367,2,33,0.9789698719978333,0.021030128002166748,1.0
56f7fde8a6d7ea1400e17367,2,34,0.9819165468215942,0.01808345317840576,1.0
56f7fde8a6d7ea1400e17367,2,35,0.9881865382194519,0.011813461780548096,1.0
56f7fde8a6d7ea1400e17367,2,36,0.9483702778816223,0.051629722118377686,1.0
56f7fde8a6d7ea1400e17367,3,0,0.7589399218559265,0.2410600781440735,1.0
56f7fde8a6d7ea1400e17367,3,1,0.9640321135520935,0.035967886447906494,1.0
56f7fde8a6d7ea1400e17367,3,2,0.9692411422729492,0.03075885772705078,1.0
56f7fde8a6d7ea1400e17367,3,3,0.9643845558166504,0.03561544418334961,1.0
56f7fde8a6d7ea1400e17367,3,4,0.9540281891822815,0.045971810817718506,1.0
56f7fde8a6d7ea1400e17367,3,5,0.9465637803077698,0.053436219692230225,1.0
56f7fde8a6d7ea1400e17367,3,6,0.9508394598960876,0.049160540103912354,1.0
56f7fde8a6d7ea1400e17367,3,7,0.9358270764350891,0.06417292356491089,1.0
56f7fde8a6d7ea1400e17367,3,8,0.9210524559020996,0.07894754409790039,1.0
56f7fde8a6d7ea1400e17367,3,9,0.9084210395812988,0.09157896041870117,1.0
56f7fde8a6d7ea1400e17367,3,10,0.9041528105735779,0.09584718942642212,1.0
56f7fde8a6d7ea1400e17367,3,11,0.9082695841789246,0.09173041582107544,1.0
56f7fde8a6d7ea1400e17367,3,12,0.8931278586387634,0.10687214136123657,1.0
56f7fde8a6d7ea1400e17367,3,13,0.9120476841926575,0.08795231580734253,1.0
56f7fde8a6d7ea1400e17367,3,14,0.9080240726470947,0.09197592735290527,1.0
56f7fde8a6d7ea1400e17367,3,15,0.9182966351509094,0.08170336484909058,1.0
56f7fde8a6d7ea1400e17367,3,16,0.9243054986000061,0.0756945013999939,1.0
56f7fde8a6d7ea1400e17367,3,17,0.9316795468330383,0.06832045316696167,1.0
56f7fde8a6d7ea1400e17367,3,18,0.9329624176025391,0.06703758239746094,1.0
56f7fde8a6d7ea1400e17367,3,19,0.9291431903839111,0.07085680961608887,1.0
56f7fde8a6d7ea1400e17367,3,20,0.9274994134902954,0.07250058650970459,1.0
56f7fde8a6d7ea1400e17367,3,21,0.9249169826507568,0.07508301734924316,1.0
56f7fde8a6d7ea1400e17367,3,22,0.9218924641609192,0.07810753583908081,1.0
56f7fde8a6d7ea1400e17367,3,23,0.9073188304901123,0.0926811695098877,1.0
56f7fde8a6d7ea1400e17367,3,24,0.905742883682251,0.09425711631774902,1.0
56f7fde8a6d7ea1400e17367,3,25,0.9337484836578369,0.06625151634216309,1.0
56f7fde8a6d7ea1400e17367,3,26,0.9341732859611511,0.06582671403884888,1.0
56f7fde8a6d7ea1400e17367,3,27,0.9455385804176331,0.05446141958236694,1.0
56f7fde8a6d7ea1400e17367,3,28,0.9467688202857971,0.05323117971420288,1.0
56f7fde8a6d7ea1400e17367,3,29,0.9518826007843018,0.04811739921569824,1.0
56f7fde8a6d7ea1400e17367,3,30,0.9598913192749023,0.040108680725097656,1.0
56f7fde8a6d7ea1400e17367,3,31,0.9667791724205017,0.03322082757949829,1.0
56f7fde8a6d7ea1400e17367,3,32,0.9722775816917419,0.027722418308258057,1.0
56f7fde8a6d7ea1400e17367,3,33,0.9744865298271179,0.02551347017288208,1.0
56f7fde8a6d7ea1400e17367,3,34,0.977608859539032,0.022391140460968018,1.0
56f7fde8a6d7ea1400e17367,3,35,0.9848458766937256,0.015154123306274414,1.0
56f7fde8a6d7ea1400e17367,3,36,0.9270159006118774,0.07298409938812256,1.0
5705eb3375f01819005e7767,1,0,0.9131784439086914,0.0868215560913086,0.0
5705eb3375f01819005e7767,1,1,0.9843756556510925,0.01562434434890747,0.0
5705eb3375f01819005e7767,1,2,0.9792783856391907,0.020721614360809326,0.0
5705eb3375f01819005e7767,1,3,0.9775575399398804,0.02244246006011963,0.0
5705eb3375f01819005e7767,1,4,0.9720108509063721,0.02798914909362793,0.0
5705eb3375f01819005e7767,1,5,0.9751879572868347,0.024812042713165283,0.0
5705eb3375f01819005e7767,1,6,0.9795420169830322,0.020457983016967773,0.0
5705eb3375f01819005e7767,1,7,0.9757865071296692,0.02421349287033081,0.0
5705eb3375f01819005e7767,1,8,0.9752770066261292,0.02472299337387085,0.0
5705eb3375f01819005e7767,1,9,0.9748384356498718,0.025161564350128174,0.0
5705eb3375f01819005e7767,1,10,0.9751206636428833,0.0248793363571167,0.0
5705eb3375f01819005e7767,1,11,0.9758442640304565,0.024155735969543457,0.0
5705eb3375f01819005e7767,1,12,0.9752789735794067,0.02472102642059326,0.0
5705eb3375f01819005e7767,1,13,0.9791160821914673,0.020883917808532715,0.0
5705eb3375f01819005e7767,1,14,0.978634238243103,0.021365761756896973,0.0
5705eb3375f01819005e7767,1,15,0.981799304485321,0.018200695514678955,0.0
5705eb3375f01819005e7767,1,16,0.9822711944580078,0.017728805541992188,0.0
5705eb3375f01819005e7767,1,17,0.983029842376709,0.016970157623291016,0.0
5705eb3375f01819005e7767,1,18,0.9839890599250793,0.016010940074920654,0.0
5705eb3375f01819005e7767,1,19,0.9848930239677429,0.01510697603225708,0.0
5705eb3375f01819005e7767,1,20,0.9858474135398865,0.014152586460113525,0.0
5705eb3375f01819005e7767,1,21,0.985572099685669,0.014427900314331055,0.0
5705eb3375f01819005e7767,1,22,0.9850613474845886,0.014938652515411377,0.0
5705eb3375f01819005e7767,1,23,0.9831487536430359,0.01685124635696411,0.0
5705eb3375f01819005e7767,1,24,0.9853479862213135,0.014652013778686523,0.0
5705eb3375f01819005e7767,1,25,0.987998366355896,0.012001633644104004,0.0
5705eb3375f01819005e7767,1,26,0.9881922006607056,0.011807799339294434,0.0
5705eb3375f01819005e7767,1,27,0.9899594783782959,0.010040521621704102,0.0
5705eb3375f01819005e7767,1,28,0.9899515509605408,0.010048449039459229,0.0
5705eb3375f01819005e7767,1,29,0.9908154606819153,0.009184539318084717,0.0
5705eb3375f01819005e7767,1,30,0.992210865020752,0.007789134979248047,0.0
5705eb3375f01819005e7767,1,31,0.9932422041893005,0.006757795810699463,0.0
5705eb3375f01819005e7767,1,32,0.9941889047622681,0.005811095237731934,0.0
5705eb3375f01819005e7767,1,33,0.9938205480575562,0.006179451942443848,0.0
5705eb3375f01819005e7767,1,34,0.9932041168212891,0.0067958831787109375,0.0
5705eb3375f01819005e7767,1,35,0.99537193775177,0.0046280622482299805,0.0
5705eb3375f01819005e7767,1,36,0.9738612771034241,0.026138722896575928,0.0
5705eb3375f01819005e7767,2,0,0.8506808876991272,0.1493191123008728,0.0
5705eb3375f01819005e7767,2,1,0.9707826375961304,0.02921736240386963,0.0
5705eb3375f01819005e7767,2,2,0.9649661183357239,0.03503388166427612,0.0
5705eb3375f01819005e7767,2,3,0.9560738801956177,0.043926119804382324,0.0
5705eb3375f01819005e7767,2,4,0.943981409072876,0.05601859092712402,0.0
5705eb3375f01819005e7767,2,5,0.9396904706954956,0.060309529304504395,0.0
5705eb3375f01819005e7767,2,6,0.9470039010047913,0.05299609899520874,0.0
5705eb3375f01819005e7767,2,7,0.9369315505027771,0.0630684494972229,0.0
5705eb3375f01819005e7767,2,8,0.9232703447341919,0.0767296552658081,0.0
5705eb3375f01819005e7767,2,9,0.9155710935592651,0.08442890644073486,0.0
5705eb3375f01819005e7767,2,10,0.9123444557189941,0.08765554428100586,0.0
5705eb3375f01819005e7767,2,11,0.9208024740219116,0.07919752597808838,0.0
5705eb3375f01819005e7767,2,12,0.9183297157287598,0.08167028427124023,0.0
5705eb3375f01819005e7767,2,13,0.9311110377311707,0.06888896226882935,0.0
5705eb3375f01819005e7767,2,14,0.9249894022941589,0.07501059770584106,0.0
5705eb3375f01819005e7767,2,15,0.935640275478363,0.06435972452163696,0.0
5705eb3375f01819005e7767,2,16,0.9372344017028809,0.06276559829711914,0.0
5705eb3375f01819005e7767,2,17,0.9380757212638855,0.0619242787361145,0.0
5705eb3375f01819005e7767,2,18,0.9387824535369873,0.061217546463012695,0.0
5705eb3375f01819005e7767,2,19,0.9408262372016907,0.059173762798309326,0.0
5705eb3375f01819005e7767,2,20,0.9412040710449219,0.058795928955078125,0.0
5705eb3375f01819005e7767,2,21,0.9385759234428406,0.061424076557159424,0.0
5705eb3375f01819005e7767,2,22,0.9379918575286865,0.06200814247131348,0.0
5705eb3375f01819005e7767,2,23,0.9264770150184631,0.07352298498153687,0.0
5705eb3375f01819005e7767,2,24,0.9397928714752197,0.06020712852478027,0.0
5705eb3375f01819005e7767,2,25,0.9563933610916138,0.04360663890838623,0.0
5705eb3375f01819005e7767,2,26,0.9581156373023987,0.04188436269760132,0.0
5705eb3375f01819005e7767,2,27,0.9640105962753296,0.03598940372467041,0.0
5705eb3375f01819005e7767,2,28,0.9618417620658875,0.03815823793411255,0.0
5705eb3375f01819005e7767,2,29,0.9654681086540222,0.03453189134597778,0.0
5705eb3375f01819005e7767,2,30,0.9702144861221313,0.029785513877868652,0.0
5705eb3375f01819005e7767,2,31,0.9689928889274597,0.031007111072540283,0.0
5705eb3375f01819005e7767,2,32,0.9729957580566406,0.027004241943359375,0.0
5705eb3375f01819005e7767,2,33,0.970719039440155,0.02928096055984497,0.0
5705eb3375f01819005e7767,2,34,0.9705814719200134,0.029418528079986572,0.0
5705eb3375f01819005e7767,2,35,0.9782654047012329,0.02173459529876709,0.0
5705eb3375f01819005e7767,2,36,0.8703742027282715,0.12962579727172852,0.0
5705eb3375f01819005e7767,3,0,0.8199318051338196,0.18006819486618042,0.0
5705eb3375f01819005e7767,3,1,0.9576466083526611,0.04235339164733887,0.0
5705eb3375f01819005e7767,3,2,0.9470964074134827,0.052903592586517334,0.0
5705eb3375f01819005e7767,3,3,0.9321985840797424,0.06780141592025757,0.0
5705eb3375f01819005e7767,3,4,0.9191111326217651,0.08088886737823486,0.0
5705eb3375f01819005e7767,3,5,0.9165330529212952,0.08346694707870483,0.0
5705eb3375f01819005e7767,3,6,0.9236700534820557,0.07632994651794434,0.0
5705eb3375f01819005e7767,3,7,0.9091975092887878,0.09080249071121216,0.0
5705eb3375f01819005e7767,3,8,0.8849419355392456,0.1150580644607544,0.0
5705eb3375f01819005e7767,3,9,0.8685837388038635,0.13141626119613647,0.0
5705eb3375f01819005e7767,3,10,0.8623167276382446,0.13768327236175537,0.0
5705eb3375f01819005e7767,3,11,0.8712077140808105,0.12879228591918945,0.0
5705eb3375f01819005e7767,3,12,0.8691642880439758,0.13083571195602417,0.0
5705eb3375f01819005e7767,3,13,0.8929520845413208,0.1070479154586792,0.0
5705eb3375f01819005e7767,3,14,0.8804988265037537,0.11950117349624634,0.0
5705eb3375f01819005e7767,3,15,0.8991628885269165,0.1008371114730835,0.0
5705eb3375f01819005e7767,3,16,0.9005207419395447,0.09947925806045532,0.0
5705eb3375f01819005e7767,3,17,0.9022085666656494,0.09779143333435059,0.0
5705eb3375f01819005e7767,3,18,0.9074307680130005,0.09256923198699951,0.0
5705eb3375f01819005e7767,3,19,0.911132276058197,0.08886772394180298,0.0
5705eb3375f01819005e7767,3,20,0.9100682735443115,0.08993172645568848,0.0
5705eb3375f01819005e7767,3,21,0.9082999229431152,0.09170007705688477,0.0
5705eb3375f01819005e7767,3,22,0.9043399095535278,0.09566009044647217,0.0
5705eb3375f01819005e7767,3,23,0.8917146921157837,0.10828530788421631,0.0
5705eb3375f01819005e7767,3,24,0.9119260907173157,0.08807390928268433,0.0
5705eb3375f01819005e7767,3,25,0.9365220665931702,0.06347793340682983,0.0
5705eb3375f01819005e7767,3,26,0.9385979771614075,0.06140202283859253,0.0
5705eb3375f01819005e7767,3,27,0.9479051232337952,0.052094876766204834,0.0
5705eb3375f01819005e7767,3,28,0.945510745048523,0.05448925495147705,0.0
5705eb3375f01819005e7767,3,29,0.9499959945678711,0.050004005432128906,0.0
5705eb3375f01819005e7767,3,30,0.9565331935882568,0.043466806411743164,0.0
5705eb3375f01819005e7767,3,31,0.9549807906150818,0.04501920938491821,0.0
5705eb3375f01819005e7767,3,32,0.9605194330215454,0.03948056697845459,0.0
5705eb3375f01819005e7767,3,33,0.9587823748588562,0.0412176251411438,0.0
5705eb3375f01819005e7767,3,34,0.9590982794761658,0.04090172052383423,0.0
5705eb3375f01819005e7767,3,35,0.9700548052787781,0.029945194721221924,0.0
5705eb3375f01819005e7767,3,36,0.8292641043663025,0.1707358956336975,0.0
570603c475f01819005e7884,1,0,0.8460769057273865,0.15392309427261353,0.0
570603c475f01819005e7884,1,1,0.9468100070953369,0.053189992904663086,0.0
570603c475f01819005e7884,1,2,0.943439781665802,0.056560218334198,0.0
570603c475f01819005e7884,1,3,0.9316426515579224,0.06835734844207764,0.0
570603c475f01819005e7884,1,4,0.924681544303894,0.07531845569610596,0.0
570603c475f01819005e7884,1,5,0.9220552444458008,0.07794475555419922,0.0
570603c475f01819005e7884,1,6,0.9277493953704834,0.0722506046295166,0.0
570603c475f01819005e7884,1,7,0.9052790403366089,0.09472095966339111,0.0
570603c475f01819005e7884,1,8,0.8931813836097717,0.10681861639022827,0.0
570603c475f01819005e7884,1,9,0.8860284090042114,0.11397159099578857,0.0
570603c475f01819005e7884,1,10,0.8834691643714905,0.11653083562850952,0.0
570603c475f01819005e7884,1,11,0.9086857438087463,0.09131425619125366,0.0
570603c475f01819005e7884,1,12,0.9124472737312317,0.08755272626876831,0.0
570603c475f01819005e7884,1,13,0.9286300539970398,0.0713699460029602,0.0
570603c475f01819005e7884,1,14,0.9308968782424927,0.06910312175750732,0.0
570603c475f01819005e7884,1,15,0.9366408586502075,0.06335914134979248,0.0
570603c475f01819005e7884,1,16,0.9396894574165344,0.060310542583465576,0.0
570603c475f01819005e7884,1,17,0.9429038763046265,0.057096123695373535,0.0
570603c475f01819005e7884,1,18,0.9433591961860657,0.056640803813934326,0.0
570603c475f01819005e7884,1,19,0.9474011659622192,0.05259883403778076,0.0
570603c475f01819005e7884,1,20,0.9493536353111267,0.05064636468887329,0.0
570603c475f01819005e7884,1,21,0.9462364315986633,0.05376356840133667,0.0
570603c475f01819005e7884,1,22,0.9458944797515869,0.054105520248413086,0.0
570603c475f01819005e7884,1,23,0.9344848394393921,0.06551516056060791,0.0
570603c475f01819005e7884,1,24,0.9421997666358948,0.057800233364105225,0.0
570603c475f01819005e7884,1,25,0.9518204927444458,0.0481795072555542,0.0
570603c475f01819005e7884,1,26,0.9526645541191101,0.04733544588088989,0.0
570603c475f01819005e7884,1,27,0.9584678411483765,0.041532158851623535,0.0
570603c475f01819005e7884,1,28,0.9528433680534363,0.04715663194656372,0.0
570603c475f01819005e7884,1,29,0.9563077688217163,0.04369223117828369,0.0
570603c475f01819005e7884,1,30,0.9588965773582458,0.04110342264175415,0.0
570603c475f01819005e7884,1,31,0.9599975943565369,0.040002405643463135,0.0
570603c475f01819005e7884,1,32,0.9613202214241028,0.03867977857589722,0.0
570603c475f01819005e7884,1,33,0.9574421048164368,0.04255789518356323,0.0
570603c475f01819005e7884,1,34,0.9597538113594055,0.04024618864059448,0.0
570603c475f01819005e7884,1,35,0.9672601222991943,0.032739877700805664,0.0
570603c475f01819005e7884,1,36,0.867421567440033,0.13257843255996704,0.0
570603c475f01819005e7884,2,0,0.6837489604949951,0.3162510395050049,0.0
570603c475f01819005e7884,2,1,0.9056799411773682,0.09432005882263184,0.0
570603c475f01819005e7884,2,2,0.8909010291099548,0.10909897089004517,0.0
570603c475f01819005e7884,2,3,0.8679926991462708,0.13200730085372925,0.0
570603c475f01819005e7884,2,4,0.8526342511177063,0.1473657488822937,0.0
570603c475f01819005e7884,2,5,0.8559592366218567,0.1440407633781433,0.0
570603c475f01819005e7884,2,6,0.8757131099700928,0.12428689002990723,0.0
570603c475f01819005e7884,2,7,0.8583177328109741,0.14168226718902588,0.0
570603c475f01819005e7884,2,8,0.8466006517410278,0.15339934825897217,0.0
570603c475f01819005e7884,2,9,0.8354080319404602,0.1645919680595398,0.0
570603c475f01819005e7884,2,10,0.8223962187767029,0.17760378122329712,0.0
570603c475f01819005e7884,2,11,0.8609201908111572,0.13907980918884277,0.0
570603c475f01819005e7884,2,12,0.8650751709938049,0.13492482900619507,0.0
570603c475f01819005e7884,2,13,0.8857553005218506,0.11424469947814941,0.0
570603c475f01819005e7884,2,14,0.8843612670898438,0.11563873291015625,0.0
570603c475f01819005e7884,2,15,0.896769642829895,0.10323035717010498,0.0
570603c475f01819005e7884,2,16,0.9023684859275818,0.09763151407241821,0.0
570603c475f01819005e7884,2,17,0.9060869216918945,0.09391307830810547,0.0
570603c475f01819005e7884,2,18,0.9037295579910278,0.09627044200897217,0.0
570603c475f01819005e7884,2,19,0.9098994135856628,0.09010058641433716,0.0
570603c475f01819005e7884,2,20,0.9126776456832886,0.08732235431671143,0.0
570603c475f01819005e7884,2,21,0.9096072912216187,0.09039270877838135,0.0
570603c475f01819005e7884,2,22,0.9080567359924316,0.09194326400756836,0.0
570603c475f01819005e7884,2,23,0.8964196443557739,0.10358035564422607,0.0
570603c475f01819005e7884,2,24,0.9122616648674011,0.08773833513259888,0.0
570603c475f01819005e7884,2,25,0.9268423318862915,0.0731576681137085,0.0
570603c475f01819005e7884,2,26,0.928487241268158,0.07151275873184204,0.0
570603c475f01819005e7884,2,27,0.9387263655662537,0.06127363443374634,0.0
570603c475f01819005e7884,2,28,0.931418240070343,0.06858175992965698,0.0
570603c475f01819005e7884,2,29,0.935958981513977,0.06404101848602295,0.0
570603c475f01819005e7884,2,30,0.9380449652671814,0.061955034732818604,0.0
570603c475f01819005e7884,2,31,0.9385256767272949,0.06147432327270508,0.0
570603c475f01819005e7884,2,32,0.9431761503219604,0.05682384967803955,0.0
570603c475f01819005e7884,2,33,0.9398987293243408,0.06010127067565918,0.0
570603c475f01819005e7884,2,34,0.938568115234375,0.061431884765625,0.0
570603c475f01819005e7884,2,35,0.9483568072319031,0.051643192768096924,0.0
570603c475f01819005e7884,2,36,0.8151615858078003,0.1848384141921997,0.0
570603c475f01819005e7884,3,0,0.5576711893081665,0.4423288106918335,0.0
570603c475f01819005e7884,3,1,0.8703793883323669,0.12962061166763306,0.0
570603c475f01819005e7884,3,2,0.8588282465934753,0.14117175340652466,0.0
570603c475f01819005e7884,3,3,0.8208603262901306,0.17913967370986938,0.0
570603c475f01819005e7884,3,4,0.792772114276886,0.207227885723114,0.0
570603c475f01819005e7884,3,5,0.8049910068511963,0.1950089931488037,0.0
570603c475f01819005e7884,3,6,0.8342382311820984,0.1657617688179016,0.0
570603c475f01819005e7884,3,7,0.8291042447090149,0.1708957552909851,0.0
570603c475f01819005e7884,3,8,0.8175743818283081,0.1824256181716919,0.0
570603c475f01819005e7884,3,9,0.8043625950813293,0.19563740491867065,0.0
570603c475f01819005e7884,3,10,0.7893887758255005,0.2106112241744995,0.0
570603c475f01819005e7884,3,11,0.8281811475753784,0.17181885242462158,0.0
570603c475f01819005e7884,3,12,0.8360411524772644,0.1639588475227356,0.0
570603c475f01819005e7884,3,13,0.8567150235176086,0.14328497648239136,0.0
570603c475f01819005e7884,3,14,0.8530313968658447,0.14696860313415527,0.0
570603c475f01819005e7884,3,15,0.8670153617858887,0.13298463821411133,0.0
570603c475f01819005e7884,3,16,0.8736438155174255,0.12635618448257446,0.0
570603c475f01819005e7884,3,17,0.876671314239502,0.12332868576049805,0.0
570603c475f01819005e7884,3,18,0.8755741715431213,0.12442582845687866,0.0
570603c475f01819005e7884,3,19,0.8802374601364136,0.11976253986358643,0.0
570603c475f01819005e7884,3,20,0.8801820278167725,0.11981797218322754,0.0
570603c475f01819005e7884,3,21,0.8776483535766602,0.12235164642333984,0.0
570603c475f01819005e7884,3,22,0.874187171459198,0.125812828540802,0.0
570603c475f01819005e7884,3,23,0.8593976497650146,0.14060235023498535,0.0
570603c475f01819005e7884,3,24,0.8832205533981323,0.11677944660186768,0.0
570603c475f01819005e7884,3,25,0.9026631116867065,0.09733688831329346,0.0
570603c475f01819005e7884,3,26,0.903468132019043,0.09653186798095703,0.0
570603c475f01819005e7884,3,27,0.9181441068649292,0.0818558931350708,0.0
570603c475f01819005e7884,3,28,0.9074085354804993,0.09259146451950073,0.0
570603c475f01819005e7884,3,29,0.9138230681419373,0.08617693185806274,0.0
570603c475f01819005e7884,3,30,0.9172103404998779,0.08278965950012207,0.0
570603c475f01819005e7884,3,31,0.9134509563446045,0.08654904365539551,0.0
570603c475f01819005e7884,3,32,0.9195666909217834,0.08043330907821655,0.0
570603c475f01819005e7884,3,33,0.9157554507255554,0.08424454927444458,0.0
570603c475f01819005e7884,3,34,0.9071433544158936,0.09285664558410645,0.0
570603c475f01819005e7884,3,35,0.9140530228614807,0.08594697713851929,0.0
570603c475f01819005e7884,3,36,0.7303614020347595,0.2696385979652405,0.0
57097051ed30961900e84135,1,0,0.7865041494369507,0.21349585056304932,0.0
57097051ed30961900e84135,1,1,0.9578481912612915,0.042151808738708496,0.0
57097051ed30961900e84135,1,2,0.9488898515701294,0.051110148429870605,0.0
57097051ed30961900e84135,1,3,0.9481752514839172,0.051824748516082764,0.0
57097051ed30961900e84135,1,4,0.9349504113197327,0.06504958868026733,0.0
57097051ed30961900e84135,1,5,0.9457880854606628,0.05421191453933716,0.0
57097051ed30961900e84135,1,6,0.9501383900642395,0.0498616099357605,0.0
57097051ed30961900e84135,1,7,0.947482705116272,0.05251729488372803,0.0
57097051ed30961900e84135,1,8,0.9507551193237305,0.04924488067626953,0.0
57097051ed30961900e84135,1,9,0.9569793939590454,0.04302060604095459,0.0
57097051ed30961900e84135,1,10,0.9603443145751953,0.03965568542480469,0.0
57097051ed30961900e84135,1,11,0.9645100235939026,0.03548997640609741,0.0
57097051ed30961900e84135,1,12,0.9577361345291138,0.04226386547088623,0.0
57097051ed30961900e84135,1,13,0.9652864933013916,0.0347135066986084,0.0
57097051ed30961900e84135,1,14,0.9625316858291626,0.0374683141708374,0.0
57097051ed30961900e84135,1,15,0.9674566388130188,0.0325433611869812,0.0
57097051ed30961900e84135,1,16,0.9712767601013184,0.02872323989868164,0.0
57097051ed30961900e84135,1,17,0.9722317457199097,0.027768254280090332,0.0
57097051ed30961900e84135,1,18,0.9715105891227722,0.028489410877227783,0.0
57097051ed30961900e84135,1,19,0.9719833731651306,0.028016626834869385,0.0
57097051ed30961900e84135,1,20,0.9733961820602417,0.0266038179397583,0.0
57097051ed30961900e84135,1,21,0.9704327583312988,0.029567241668701172,0.0
57097051ed30961900e84135,1,22,0.971149206161499,0.028850793838500977,0.0
57097051ed30961900e84135,1,23,0.96909099817276,0.03090900182723999,0.0
57097051ed30961900e84135,1,24,0.9703712463378906,0.029628753662109375,0.0
57097051ed30961900e84135,1,25,0.9762235283851624,0.023776471614837646,0.0
57097051ed30961900e84135,1,26,0.9759649634361267,0.02403503656387329,0.0
57097051ed30961900e84135,1,27,0.9798145890235901,0.020185410976409912,0.0
57097051ed30961900e84135,1,28,0.9806179404258728,0.019382059574127197,0.0
57097051ed30961900e84135,1,29,0.9807940125465393,0.019205987453460693,0.0
57097051ed30961900e84135,1,30,0.9843466877937317,0.01565331220626831,0.0
57097051ed30961900e84135,1,31,0.9864809513092041,0.013519048690795898,0.0
57097051ed30961900e84135,1,32,0.9880999326705933,0.011900067329406738,0.0
57097051ed30961900e84135,1,33,0.9890227317810059,0.01097726821899414,0.0
57097051ed30961900e84135,1,34,0.9894014000892639,0.010598599910736084,0.0
57097051ed30961900e84135,1,35,0.9925453066825867,0.00745469331741333,0.0
57097051ed30961900e84135,1,36,0.9691222310066223,0.030877768993377686,0.0
57097051ed30961900e84135,2,0,0.7086508274078369,0.2913491725921631,0.0
57097051ed30961900e84135,2,1,0.9331932067871094,0.06680679321289062,0.0
57097051ed30961900e84135,2,2,0.9120033979415894,0.08799660205841064,0.0
57097051ed30961900e84135,2,3,0.9050992727279663,0.09490072727203369,0.0
57097051ed30961900e84135,2,4,0.8743242025375366,0.12567579746246338,0.0
57097051ed30961900e84135,2,5,0.8649985790252686,0.13500142097473145,0.0
57097051ed30961900e84135,2,6,0.8853548169136047,0.11464518308639526,0.0
57097051ed30961900e84135,2,7,0.8734868764877319,0.12651312351226807,0.0
57097051ed30961900e84135,2,8,0.8708152174949646,0.1291847825050354,0.0
57097051ed30961900e84135,2,9,0.8790794610977173,0.12092053890228271,0.0
57097051ed30961900e84135,2,10,0.8812060952186584,0.11879390478134155,0.0
57097051ed30961900e84135,2,11,0.8936178088188171,0.10638219118118286,0.0
57097051ed30961900e84135,2,12,0.885936975479126,0.11406302452087402,0.0
57097051ed30961900e84135,2,13,0.9073296189308167,0.09267038106918335,0.0
57097051ed30961900e84135,2,14,0.8982824087142944,0.10171759128570557,0.0
57097051ed30961900e84135,2,15,0.9142379760742188,0.08576202392578125,0.0
57097051ed30961900e84135,2,16,0.9208208918571472,0.07917910814285278,0.0
57097051ed30961900e84135,2,17,0.9225203990936279,0.07747960090637207,0.0
57097051ed30961900e84135,2,18,0.9203018546104431,0.07969814538955688,0.0
57097051ed30961900e84135,2,19,0.9198407530784607,0.0801592469215393,0.0
57097051ed30961900e84135,2,20,0.9219816327095032,0.07801836729049683,0.0
57097051ed30961900e84135,2,21,0.920365571975708,0.07963442802429199,0.0
57097051ed30961900e84135,2,22,0.9209423661231995,0.07905763387680054,0.0
57097051ed30961900e84135,2,23,0.9134787917137146,0.0865212082862854,0.0
57097051ed30961900e84135,2,24,0.922802209854126,0.07719779014587402,0.0
57097051ed30961900e84135,2,25,0.9421100616455078,0.05788993835449219,0.0
57097051ed30961900e84135,2,26,0.9439342617988586,0.05606573820114136,0.0
57097051ed30961900e84135,2,27,0.952501654624939,0.047498345375061035,0.0
57097051ed30961900e84135,2,28,0.9549912810325623,0.045008718967437744,0.0
57097051ed30961900e84135,2,29,0.9580722451210022,0.0419277548789978,0.0
57097051ed30961900e84135,2,30,0.9653864502906799,0.03461354970932007,0.0
57097051ed30961900e84135,2,31,0.9713737964630127,0.028626203536987305,0.0
57097051ed30961900e84135,2,32,0.976839542388916,0.023160457611083984,0.0
57097051ed30961900e84135,2,33,0.978992223739624,0.021007776260375977,0.0
57097051ed30961900e84135,2,34,0.9804132580757141,0.01958674192428589,0.0
57097051ed30961900e84135,2,35,0.9858967661857605,0.014103233814239502,0.0
57097051ed30961900e84135,2,36,0.9322080016136169,0.06779199838638306,0.0
57097051ed30961900e84135,3,0,0.6194127202033997,0.38058727979660034,0.0461538461538461
57097051ed30961900e84135,3,1,0.9133493304252625,0.08665066957473755,0.0461538461538461
57097051ed30961900e84135,3,2,0.8948314785957336,0.10516852140426636,0.0461538461538461
57097051ed30961900e84135,3,3,0.8850527405738831,0.11494725942611694,0.0461538461538461
57097051ed30961900e84135,3,4,0.8332964181900024,0.16670358180999756,0.0461538461538461
57097051ed30961900e84135,3,5,0.8218142986297607,0.17818570137023926,0.0461538461538461
57097051ed30961900e84135,3,6,0.8432110548019409,0.15678894519805908,0.0461538461538461
57097051ed30961900e84135,3,7,0.8305932879447937,0.1694067120552063,0.0461538461538461
57097051ed30961900e84135,3,8,0.8198810815811157,0.18011891841888428,0.0461538461538461
57097051ed30961900e84135,3,9,0.8241828083992004,0.17581719160079956,0.0461538461538461
57097051ed30961900e84135,3,10,0.8141635656356812,0.18583643436431885,0.0461538461538461
57097051ed30961900e84135,3,11,0.8339434862136841,0.16605651378631592,0.0461538461538461
57097051ed30961900e84135,3,12,0.8219063878059387,0.17809361219406128,0.0461538461538461
57097051ed30961900e84135,3,13,0.8605470061302185,0.1394529938697815,0.0461538461538461
57097051ed30961900e84135,3,14,0.8451329469680786,0.1548670530319214,0.0461538461538461
57097051ed30961900e84135,3,15,0.8639875054359436,0.1360124945640564,0.0461538461538461
57097051ed30961900e84135,3,16,0.8699067234992981,0.1300932765007019,0.0461538461538461
57097051ed30961900e84135,3,17,0.8661143183708191,0.1338856816291809,0.0461538461538461
57097051ed30961900e84135,3,18,0.8640310168266296,0.13596898317337036,0.0461538461538461
57097051ed30961900e84135,3,19,0.8643010854721069,0.13569891452789307,0.0461538461538461
57097051ed30961900e84135,3,20,0.8681994676589966,0.13180053234100342,0.0461538461538461
57097051ed30961900e84135,3,21,0.8721580505371094,0.12784194946289062,0.0461538461538461
57097051ed30961900e84135,3,22,0.8658536672592163,0.1341463327407837,0.0461538461538461
57097051ed30961900e84135,3,23,0.8553885817527771,0.1446114182472229,0.0461538461538461
57097051ed30961900e84135,3,24,0.881030261516571,0.11896973848342896,0.0461538461538461
57097051ed30961900e84135,3,25,0.9171717762947083,0.08282822370529175,0.0461538461538461
57097051ed30961900e84135,3,26,0.9207449555397034,0.07925504446029663,0.0461538461538461
57097051ed30961900e84135,3,27,0.9338085651397705,0.06619143486022949,0.0461538461538461
57097051ed30961900e84135,3,28,0.9361156225204468,0.06388437747955322,0.0461538461538461
57097051ed30961900e84135,3,29,0.9425526261329651,0.05744737386703491,0.0461538461538461
57097051ed30961900e84135,3,30,0.9519782662391663,0.04802173376083374,0.0461538461538461
57097051ed30961900e84135,3,31,0.9559651613235474,0.04403483867645264,0.0461538461538461
57097051ed30961900e84135,3,32,0.9610719084739685,0.038928091526031494,0.0461538461538461
57097051ed30961900e84135,3,33,0.9611859321594238,0.03881406784057617,0.0461538461538461
57097051ed30961900e84135,3,34,0.9580571055412292,0.04194289445877075,0.0461538461538461
57097051ed30961900e84135,3,35,0.9678239822387695,0.03217601776123047,0.0461538461538461
57097051ed30961900e84135,3,36,0.8924897313117981,0.1075102686882019,0.0461538461538461
570d26efb3d812140066d493,1,0,0.8439344763755798,0.15606552362442017,0.0
570d26efb3d812140066d493,1,1,0.9786167144775391,0.021383285522460938,0.0
570d26efb3d812140066d493,1,2,0.9836159944534302,0.016384005546569824,0.0
570d26efb3d812140066d493,1,3,0.9839694499969482,0.016030550003051758,0.0
570d26efb3d812140066d493,1,4,0.9778194427490234,0.022180557250976562,0.0
570d26efb3d812140066d493,1,5,0.9719856381416321,0.02801436185836792,0.0
570d26efb3d812140066d493,1,6,0.9731995463371277,0.026800453662872314,0.0
570d26efb3d812140066d493,1,7,0.9595390558242798,0.040460944175720215,0.0
570d26efb3d812140066d493,1,8,0.9584512114524841,0.04154878854751587,0.0
570d26efb3d812140066d493,1,9,0.9520180225372314,0.047981977462768555,0.0
570d26efb3d812140066d493,1,10,0.9530354142189026,0.04696458578109741,0.0
570d26efb3d812140066d493,1,11,0.9613264799118042,0.0386735200881958,0.0
570d26efb3d812140066d493,1,12,0.9614741802215576,0.03852581977844238,0.0
570d26efb3d812140066d493,1,13,0.965032160282135,0.03496783971786499,0.0
570d26efb3d812140066d493,1,14,0.9679858684539795,0.03201413154602051,0.0
570d26efb3d812140066d493,1,15,0.9710858464241028,0.028914153575897217,0.0
570d26efb3d812140066d493,1,16,0.9738088250160217,0.02619117498397827,0.0
570d26efb3d812140066d493,1,17,0.9745481014251709,0.0254518985748291,0.0
570d26efb3d812140066d493,1,18,0.9742067456245422,0.025793254375457764,0.0
570d26efb3d812140066d493,1,19,0.9757155179977417,0.0242844820022583,0.0
570d26efb3d812140066d493,1,20,0.977748453617096,0.022251546382904053,0.0
570d26efb3d812140066d493,1,21,0.9767391085624695,0.023260891437530518,0.0
570d26efb3d812140066d493,1,22,0.9747523069381714,0.025247693061828613,0.0
570d26efb3d812140066d493,1,23,0.9735487103462219,0.026451289653778076,0.0
570d26efb3d812140066d493,1,24,0.9761580228805542,0.0238419771194458,0.0
570d26efb3d812140066d493,1,25,0.980776309967041,0.019223690032958984,0.0
570d26efb3d812140066d493,1,26,0.9808796644210815,0.019120335578918457,0.0
570d26efb3d812140066d493,1,27,0.9824612736701965,0.017538726329803467,0.0
570d26efb3d812140066d493,1,28,0.9811179637908936,0.018882036209106445,0.0
570d26efb3d812140066d493,1,29,0.9767775535583496,0.02322244644165039,0.0
570d26efb3d812140066d493,1,30,0.9801669120788574,0.019833087921142578,0.0
570d26efb3d812140066d493,1,31,0.9816272854804993,0.018372714519500732,0.0
570d26efb3d812140066d493,1,32,0.9846495985984802,0.015350401401519775,0.0
570d26efb3d812140066d493,1,33,0.9849132895469666,0.015086710453033447,0.0
570d26efb3d812140066d493,1,34,0.9841444492340088,0.01585555076599121,0.0
570d26efb3d812140066d493,1,35,0.9883051514625549,0.011694848537445068,0.0
570d26efb3d812140066d493,1,36,0.9656834602355957,0.0343165397644043,0.0
570d26efb3d812140066d493,2,0,0.6293706297874451,0.37062937021255493,0.0
570d26efb3d812140066d493,2,1,0.9294689297676086,0.07053107023239136,0.0
570d26efb3d812140066d493,2,2,0.9443331956863403,0.05566680431365967,0.0
570d26efb3d812140066d493,2,3,0.9410440325737,0.05895596742630005,0.0
570d26efb3d812140066d493,2,4,0.9185280203819275,0.08147197961807251,0.0
570d26efb3d812140066d493,2,5,0.9093104600906372,0.09068953990936279,0.0
570d26efb3d812140066d493,2,6,0.9147897362709045,0.08521026372909546,0.0
570d26efb3d812140066d493,2,7,0.8875516653060913,0.11244833469390869,0.0
570d26efb3d812140066d493,2,8,0.8877786993980408,0.11222130060195923,0.0
570d26efb3d812140066d493,2,9,0.876821756362915,0.12317824363708496,0.0
570d26efb3d812140066d493,2,10,0.8732664585113525,0.12673354148864746,0.0
570d26efb3d812140066d493,2,11,0.8886722326278687,0.11132776737213135,0.0
570d26efb3d812140066d493,2,12,0.8853799104690552,0.11462008953094482,0.0
570d26efb3d812140066d493,2,13,0.8955985307693481,0.10440146923065186,0.0
570d26efb3d812140066d493,2,14,0.8943798542022705,0.10562014579772949,0.0
570d26efb3d812140066d493,2,15,0.9071123600006104,0.09288763999938965,0.0
570d26efb3d812140066d493,2,16,0.9170833826065063,0.08291661739349365,0.0
570d26efb3d812140066d493,2,17,0.9170140624046326,0.08298593759536743,0.0
570d26efb3d812140066d493,2,18,0.9129297137260437,0.0870702862739563,0.0
570d26efb3d812140066d493,2,19,0.9189781546592712,0.08102184534072876,0.0
570d26efb3d812140066d493,2,20,0.9258863925933838,0.07411360740661621,0.0
570d26efb3d812140066d493,2,21,0.9215320944786072,0.07846790552139282,0.0
570d26efb3d812140066d493,2,22,0.9232872128486633,0.07671278715133667,0.0
570d26efb3d812140066d493,2,23,0.9164626598358154,0.08353734016418457,0.0
570d26efb3d812140066d493,2,24,0.9237902760505676,0.07620972394943237,0.0
570d26efb3d812140066d493,2,25,0.9440444707870483,0.05595552921295166,0.0
570d26efb3d812140066d493,2,26,0.945275068283081,0.054724931716918945,0.0
570d26efb3d812140066d493,2,27,0.9520614743232727,0.047938525676727295,0.0
570d26efb3d812140066d493,2,28,0.9511072635650635,0.04889273643493652,0.0
570d26efb3d812140066d493,2,29,0.9515491724014282,0.04845082759857178,0.0
570d26efb3d812140066d493,2,30,0.9557555317878723,0.044244468212127686,0.0
570d26efb3d812140066d493,2,31,0.9608733057975769,0.039126694202423096,0.0
570d26efb3d812140066d493,2,32,0.9670227766036987,0.03297722339630127,0.0
570d26efb3d812140066d493,2,33,0.9671204686164856,0.032879531383514404,0.0
570d26efb3d812140066d493,2,34,0.9604237675666809,0.03957623243331909,0.0
570d26efb3d812140066d493,2,35,0.96465665102005,0.03534334897994995,0.0
570d26efb3d812140066d493,2,36,0.8804976344108582,0.11950236558914185,0.0
570d26efb3d812140066d493,3,0,0.49999091029167175,0.5000090599060059,0.0
570d26efb3d812140066d493,3,1,0.8879284858703613,0.11207151412963867,0.0
570d26efb3d812140066d493,3,2,0.9118067026138306,0.08819329738616943,0.0
570d26efb3d812140066d493,3,3,0.8985748291015625,0.1014251708984375,0.0
570d26efb3d812140066d493,3,4,0.8702008128166199,0.12979918718338013,0.0
570d26efb3d812140066d493,3,5,0.8604801297187805,0.13951987028121948,0.0
570d26efb3d812140066d493,3,6,0.8709890842437744,0.12901091575622559,0.0
570d26efb3d812140066d493,3,7,0.8352363705635071,0.16476362943649292,0.0
570d26efb3d812140066d493,3,8,0.8303498029708862,0.16965019702911377,0.0
570d26efb3d812140066d493,3,9,0.820897102355957,0.17910289764404297,0.0
570d26efb3d812140066d493,3,10,0.8066152930259705,0.19338470697402954,0.0
570d26efb3d812140066d493,3,11,0.8206213116645813,0.1793786883354187,0.0
570d26efb3d812140066d493,3,12,0.8192883133888245,0.18071168661117554,0.0
570d26efb3d812140066d493,3,13,0.8405485153198242,0.15945148468017578,0.0
570d26efb3d812140066d493,3,14,0.8325581550598145,0.16744184494018555,0.0
570d26efb3d812140066d493,3,15,0.854724645614624,0.14527535438537598,0.0
570d26efb3d812140066d493,3,16,0.8651099801063538,0.13489001989364624,0.0
570d26efb3d812140066d493,3,17,0.8685329556465149,0.1314670443534851,0.0
570d26efb3d812140066d493,3,18,0.8679244518280029,0.13207554817199707,0.0
570d26efb3d812140066d493,3,19,0.8733303546905518,0.12666964530944824,0.0
570d26efb3d812140066d493,3,20,0.88020259141922,0.11979740858078003,0.0
570d26efb3d812140066d493,3,21,0.8756574392318726,0.12434256076812744,0.0
570d26efb3d812140066d493,3,22,0.8789794445037842,0.12102055549621582,0.0
570d26efb3d812140066d493,3,23,0.8649024367332458,0.13509756326675415,0.0
570d26efb3d812140066d493,3,24,0.8782700300216675,0.12172996997833252,0.0
570d26efb3d812140066d493,3,25,0.9110713005065918,0.0889286994934082,0.0
570d26efb3d812140066d493,3,26,0.9136035442352295,0.08639645576477051,0.0
570d26efb3d812140066d493,3,27,0.9253283739089966,0.07467162609100342,0.0
570d26efb3d812140066d493,3,28,0.9203349947929382,0.07966500520706177,0.0
570d26efb3d812140066d493,3,29,0.9251171946525574,0.07488280534744263,0.0
570d26efb3d812140066d493,3,30,0.9326343536376953,0.06736564636230469,0.0
570d26efb3d812140066d493,3,31,0.9363405704498291,0.0636594295501709,0.0
570d26efb3d812140066d493,3,32,0.9466636180877686,0.053336381912231445,0.0
570d26efb3d812140066d493,3,33,0.9447584748268127,0.055241525173187256,0.0
570d26efb3d812140066d493,3,34,0.9348527789115906,0.06514722108840942,0.0
570d26efb3d812140066d493,3,35,0.9425314664840698,0.057468533515930176,0.0
570d26efb3d812140066d493,3,36,0.7652283906936646,0.23477160930633545,0.0
571127a5a58dae1900cd6cc5,1,0,0.906853437423706,0.09314656257629395,0.0
571127a5a58dae1900cd6cc5,1,1,0.9884119033813477,0.011588096618652344,0.0
571127a5a58dae1900cd6cc5,1,2,0.9943218231201172,0.0056781768798828125,0.0
571127a5a58dae1900cd6cc5,1,3,0.9941939115524292,0.005806088447570801,0.0
571127a5a58dae1900cd6cc5,1,4,0.9892798066139221,0.01072019338607788,0.0
571127a5a58dae1900cd6cc5,1,5,0.9860851168632507,0.013914883136749268,0.0
571127a5a58dae1900cd6cc5,1,6,0.9851283431053162,0.014871656894683838,0.0
571127a5a58dae1900cd6cc5,1,7,0.9717599153518677,0.028240084648132324,0.0
571127a5a58dae1900cd6cc5,1,8,0.9700568318367004,0.02994316816329956,0.0
571127a5a58dae1900cd6cc5,1,9,0.9727932214736938,0.027206778526306152,0.0
571127a5a58dae1900cd6cc5,1,10,0.9762431979179382,0.023756802082061768,0.0
571127a5a58dae1900cd6cc5,1,11,0.979404866695404,0.020595133304595947,0.0
571127a5a58dae1900cd6cc5,1,12,0.9781668782234192,0.02183312177658081,0.0
571127a5a58dae1900cd6cc5,1,13,0.9798464179039001,0.020153582096099854,0.0
571127a5a58dae1900cd6cc5,1,14,0.9798179268836975,0.02018207311630249,0.0
571127a5a58dae1900cd6cc5,1,15,0.9805184006690979,0.0194815993309021,0.0
571127a5a58dae1900cd6cc5,1,16,0.9813186526298523,0.018681347370147705,0.0
571127a5a58dae1900cd6cc5,1,17,0.9832440614700317,0.01675593852996826,0.0
571127a5a58dae1900cd6cc5,1,18,0.9833370447158813,0.016662955284118652,0.0
571127a5a58dae1900cd6cc5,1,19,0.9832260012626648,0.016773998737335205,0.0
571127a5a58dae1900cd6cc5,1,20,0.9836276173591614,0.016372382640838623,0.0
571127a5a58dae1900cd6cc5,1,21,0.9843655228614807,0.015634477138519287,0.0
571127a5a58dae1900cd6cc5,1,22,0.9825680255889893,0.017431974411010742,0.0
571127a5a58dae1900cd6cc5,1,23,0.9814074635505676,0.018592536449432373,0.0
571127a5a58dae1900cd6cc5,1,24,0.9844239950180054,0.015576004981994629,0.0
571127a5a58dae1900cd6cc5,1,25,0.9883966445922852,0.011603355407714844,0.0
571127a5a58dae1900cd6cc5,1,26,0.9881868362426758,0.011813163757324219,0.0
571127a5a58dae1900cd6cc5,1,27,0.9891645908355713,0.010835409164428711,0.0
571127a5a58dae1900cd6cc5,1,28,0.9886006116867065,0.011399388313293457,0.0
571127a5a58dae1900cd6cc5,1,29,0.9892464876174927,0.010753512382507324,0.0
571127a5a58dae1900cd6cc5,1,30,0.9905015826225281,0.009498417377471924,0.0
571127a5a58dae1900cd6cc5,1,31,0.9910992980003357,0.008900701999664307,0.0
571127a5a58dae1900cd6cc5,1,32,0.9916819334030151,0.008318066596984863,0.0
571127a5a58dae1900cd6cc5,1,33,0.9919033050537109,0.008096694946289062,0.0
571127a5a58dae1900cd6cc5,1,34,0.9927970767021179,0.00720292329788208,0.0
571127a5a58dae1900cd6cc5,1,35,0.9952330589294434,0.004766941070556641,0.0
571127a5a58dae1900cd6cc5,1,36,0.9790985584259033,0.02090144157409668,0.0
571127a5a58dae1900cd6cc5,2,0,0.8160362243652344,0.18396377563476562,0.0
571127a5a58dae1900cd6cc5,2,1,0.9718756675720215,0.028124332427978516,0.0
571127a5a58dae1900cd6cc5,2,2,0.9841592907905579,0.01584070920944214,0.0
571127a5a58dae1900cd6cc5,2,3,0.9816022515296936,0.018397748470306396,0.0
571127a5a58dae1900cd6cc5,2,4,0.9729271531105042,0.02707284688949585,0.0
571127a5a58dae1900cd6cc5,2,5,0.9657343029975891,0.03426569700241089,0.0
571127a5a58dae1900cd6cc5,2,6,0.9603368639945984,0.03966313600540161,0.0
571127a5a58dae1900cd6cc5,2,7,0.9281847476959229,0.07181525230407715,0.0
571127a5a58dae1900cd6cc5,2,8,0.9229950904846191,0.07700490951538086,0.0
571127a5a58dae1900cd6cc5,2,9,0.9189877510070801,0.08101224899291992,0.0
571127a5a58dae1900cd6cc5,2,10,0.925801157951355,0.07419884204864502,0.0
571127a5a58dae1900cd6cc5,2,11,0.934320867061615,0.06567913293838501,0.0
571127a5a58dae1900cd6cc5,2,12,0.9291419982910156,0.07085800170898438,0.0
571127a5a58dae1900cd6cc5,2,13,0.937911331653595,0.06208866834640503,0.0
571127a5a58dae1900cd6cc5,2,14,0.9351258873939514,0.06487411260604858,0.0
571127a5a58dae1900cd6cc5,2,15,0.9418740272521973,0.058125972747802734,0.0
571127a5a58dae1900cd6cc5,2,16,0.942970871925354,0.057029128074645996,0.0
571127a5a58dae1900cd6cc5,2,17,0.9476304054260254,0.05236959457397461,0.0
571127a5a58dae1900cd6cc5,2,18,0.9482658505439758,0.05173414945602417,0.0
571127a5a58dae1900cd6cc5,2,19,0.950661838054657,0.04933816194534302,0.0
571127a5a58dae1900cd6cc5,2,20,0.9500339031219482,0.04996609687805176,0.0
571127a5a58dae1900cd6cc5,2,21,0.9520212411880493,0.047978758811950684,0.0
571127a5a58dae1900cd6cc5,2,22,0.9522576928138733,0.04774230718612671,0.0
571127a5a58dae1900cd6cc5,2,23,0.9432885646820068,0.056711435317993164,0.0
571127a5a58dae1900cd6cc5,2,24,0.9526524543762207,0.0473475456237793,0.0
571127a5a58dae1900cd6cc5,2,25,0.9644076824188232,0.03559231758117676,0.0
571127a5a58dae1900cd6cc5,2,26,0.9650107622146606,0.034989237785339355,0.0
571127a5a58dae1900cd6cc5,2,27,0.9698173403739929,0.03018265962600708,0.0
571127a5a58dae1900cd6cc5,2,28,0.9659217000007629,0.03407829999923706,0.0
571127a5a58dae1900cd6cc5,2,29,0.9679613709449768,0.03203862905502319,0.0
571127a5a58dae1900cd6cc5,2,30,0.9720693230628967,0.02793067693710327,0.0
571127a5a58dae1900cd6cc5,2,31,0.97057044506073,0.02942955493927002,0.0
571127a5a58dae1900cd6cc5,2,32,0.9736691117286682,0.026330888271331787,0.0
571127a5a58dae1900cd6cc5,2,33,0.9733444452285767,0.02665555477142334,0.0
571127a5a58dae1900cd6cc5,2,34,0.9742544293403625,0.02574557065963745,0.0
571127a5a58dae1900cd6cc5,2,35,0.9818068742752075,0.01819312572479248,0.0
571127a5a58dae1900cd6cc5,2,36,0.9059344530105591,0.09406554698944092,0.0
571127a5a58dae1900cd6cc5,3,0,0.6938108801841736,0.3061891198158264,0.0
571127a5a58dae1900cd6cc5,3,1,0.9391644597053528,0.06083554029464722,0.0
571127a5a58dae1900cd6cc5,3,2,0.9597393274307251,0.0402606725692749,0.0
571127a5a58dae1900cd6cc5,3,3,0.9516360759735107,0.04836392402648926,0.0
571127a5a58dae1900cd6cc5,3,4,0.9313317537307739,0.06866824626922607,0.0
571127a5a58dae1900cd6cc5,3,5,0.9187791347503662,0.08122086524963379,0.0
571127a5a58dae1900cd6cc5,3,6,0.9046796560287476,0.09532034397125244,0.0
571127a5a58dae1900cd6cc5,3,7,0.8587241768836975,0.1412758231163025,0.0
571127a5a58dae1900cd6cc5,3,8,0.8513565063476562,0.14864349365234375,0.0
571127a5a58dae1900cd6cc5,3,9,0.8448328971862793,0.1551671028137207,0.0
571127a5a58dae1900cd6cc5,3,10,0.8475239276885986,0.15247607231140137,0.0
571127a5a58dae1900cd6cc5,3,11,0.8605427145957947,0.13945728540420532,0.0
571127a5a58dae1900cd6cc5,3,12,0.8549222946166992,0.14507770538330078,0.0
571127a5a58dae1900cd6cc5,3,13,0.8684996366500854,0.13150036334991455,0.0
571127a5a58dae1900cd6cc5,3,14,0.8588434457778931,0.14115655422210693,0.0
571127a5a58dae1900cd6cc5,3,15,0.8771117925643921,0.12288820743560791,0.0
571127a5a58dae1900cd6cc5,3,16,0.878886878490448,0.121113121509552,0.0
571127a5a58dae1900cd6cc5,3,17,0.8823655843734741,0.11763441562652588,0.0
571127a5a58dae1900cd6cc5,3,18,0.8851184248924255,0.11488157510757446,0.0
571127a5a58dae1900cd6cc5,3,19,0.8906500339508057,0.10934996604919434,0.0
571127a5a58dae1900cd6cc5,3,20,0.8917329907417297,0.10826700925827026,0.0
571127a5a58dae1900cd6cc5,3,21,0.8923543691635132,0.10764563083648682,0.0
571127a5a58dae1900cd6cc5,3,22,0.890708327293396,0.109291672706604,0.0
571127a5a58dae1900cd6cc5,3,23,0.8755050301551819,0.12449496984481812,0.0
571127a5a58dae1900cd6cc5,3,24,0.8949868083000183,0.10501319169998169,0.0
571127a5a58dae1900cd6cc5,3,25,0.9244384169578552,0.07556158304214478,0.0
571127a5a58dae1900cd6cc5,3,26,0.9263527393341064,0.07364726066589355,0.0
571127a5a58dae1900cd6cc5,3,27,0.9383272528648376,0.061672747135162354,0.0
571127a5a58dae1900cd6cc5,3,28,0.9308116436004639,0.06918835639953613,0.0
571127a5a58dae1900cd6cc5,3,29,0.9361147880554199,0.06388521194458008,0.0
571127a5a58dae1900cd6cc5,3,30,0.9443553686141968,0.05564463138580322,0.0
571127a5a58dae1900cd6cc5,3,31,0.9435499310493469,0.056450068950653076,0.0
571127a5a58dae1900cd6cc5,3,32,0.9508317112922668,0.049168288707733154,0.0
571127a5a58dae1900cd6cc5,3,33,0.952483594417572,0.04751640558242798,0.0
571127a5a58dae1900cd6cc5,3,34,0.9528469443321228,0.0471530556678772,0.0
571127a5a58dae1900cd6cc5,3,35,0.9648470282554626,0.035152971744537354,0.0
571127a5a58dae1900cd6cc5,3,36,0.8208898901939392,0.1791101098060608,0.0
571bb2269499d21900609caa,1,0,0.8879196643829346,0.11208033561706543,0.0
571bb2269499d21900609caa,1,1,0.9806634187698364,0.019336581230163574,0.0
571bb2269499d21900609caa,1,2,0.9772983193397522,0.022701680660247803,0.0
571bb2269499d21900609caa,1,3,0.9731221795082092,0.02687782049179077,0.0
571bb2269499d21900609caa,1,4,0.9577767848968506,0.042223215103149414,0.0
571bb2269499d21900609caa,1,5,0.9520784616470337,0.04792153835296631,0.0
571bb2269499d21900609caa,1,6,0.959603488445282,0.04039651155471802,0.0
571bb2269499d21900609caa,1,7,0.9509714245796204,0.04902857542037964,0.0
571bb2269499d21900609caa,1,8,0.9464727640151978,0.053527235984802246,0.0
571bb2269499d21900609caa,1,9,0.9489444494247437,0.05105555057525635,0.0
571bb2269499d21900609caa,1,10,0.9535965323448181,0.046403467655181885,0.0
571bb2269499d21900609caa,1,11,0.9577205777168274,0.04227942228317261,0.0
571bb2269499d21900609caa,1,12,0.9563210606575012,0.04367893934249878,0.0
571bb2269499d21900609caa,1,13,0.9606766700744629,0.03932332992553711,0.0
571bb2269499d21900609caa,1,14,0.9626458287239075,0.03735417127609253,0.0
571bb2269499d21900609caa,1,15,0.9655923843383789,0.034407615661621094,0.0
571bb2269499d21900609caa,1,16,0.971308171749115,0.02869182825088501,0.0
571bb2269499d21900609caa,1,17,0.972378134727478,0.027621865272521973,0.0
571bb2269499d21900609caa,1,18,0.9719647169113159,0.028035283088684082,0.0
571bb2269499d21900609caa,1,19,0.9720555543899536,0.027944445610046387,0.0
571bb2269499d21900609caa,1,20,0.9742885231971741,0.025711476802825928,0.0
571bb2269499d21900609caa,1,21,0.9739440679550171,0.02605593204498291,0.0
571bb2269499d21900609caa,1,22,0.9754096269607544,0.024590373039245605,0.0
571bb2269499d21900609caa,1,23,0.9737677574157715,0.026232242584228516,0.0
571bb2269499d21900609caa,1,24,0.9787769913673401,0.021223008632659912,0.0
571bb2269499d21900609caa,1,25,0.9848012924194336,0.015198707580566406,0.0
571bb2269499d21900609caa,1,26,0.9846349954605103,0.015365004539489746,0.0
571bb2269499d21900609caa,1,27,0.986359715461731,0.013640284538269043,0.0
571bb2269499d21900609caa,1,28,0.9854210615158081,0.014578938484191895,0.0
571bb2269499d21900609caa,1,29,0.9862160086631775,0.01378399133682251,0.0
571bb2269499d21900609caa,1,30,0.9872756600379944,0.012724339962005615,0.0
571bb2269499d21900609caa,1,31,0.988534152507782,0.011465847492218018,0.0
571bb2269499d21900609caa,1,32,0.9890552759170532,0.010944724082946777,0.0
571bb2269499d21900609caa,1,33,0.9894062876701355,0.010593712329864502,0.0
571bb2269499d21900609caa,1,34,0.9889453649520874,0.011054635047912598,0.0
571bb2269499d21900609caa,1,35,0.9919995069503784,0.008000493049621582,0.0
571bb2269499d21900609caa,1,36,0.9733543992042542,0.02664560079574585,0.0
571bb2269499d21900609caa,2,0,0.7828192114830017,0.2171807885169983,0.0
571bb2269499d21900609caa,2,1,0.9414574503898621,0.05854254961013794,0.0
571bb2269499d21900609caa,2,2,0.9416632056236267,0.05833679437637329,0.0
571bb2269499d21900609caa,2,3,0.935989499092102,0.06401050090789795,0.0
571bb2269499d21900609caa,2,4,0.9156247973442078,0.08437520265579224,0.0
571bb2269499d21900609caa,2,5,0.9037529826164246,0.09624701738357544,0.0
571bb2269499d21900609caa,2,6,0.9174695611000061,0.0825304388999939,0.0
571bb2269499d21900609caa,2,7,0.9001848101615906,0.09981518983840942,0.0
571bb2269499d21900609caa,2,8,0.8810911774635315,0.1189088225364685,0.0
571bb2269499d21900609caa,2,9,0.8782857060432434,0.12171429395675659,0.0
571bb2269499d21900609caa,2,10,0.885138988494873,0.11486101150512695,0.0
571bb2269499d21900609caa,2,11,0.8968713879585266,0.10312861204147339,0.0
571bb2269499d21900609caa,2,12,0.8938319087028503,0.10616809129714966,0.0
571bb2269499d21900609caa,2,13,0.9127548336982727,0.0872451663017273,0.0
571bb2269499d21900609caa,2,14,0.9103304743766785,0.08966952562332153,0.0
571bb2269499d21900609caa,2,15,0.9203168749809265,0.07968312501907349,0.0
571bb2269499d21900609caa,2,16,0.9311850666999817,0.06881493330001831,0.0
571bb2269499d21900609caa,2,17,0.9337331652641296,0.06626683473587036,0.0
571bb2269499d21900609caa,2,18,0.9328473210334778,0.06715267896652222,0.0
571bb2269499d21900609caa,2,19,0.9365310668945312,0.06346893310546875,0.0
571bb2269499d21900609caa,2,20,0.9417913556098938,0.0582086443901062,0.0
571bb2269499d21900609caa,2,21,0.9374349117279053,0.06256508827209473,0.0
571bb2269499d21900609caa,2,22,0.9399631023406982,0.06003689765930176,0.0
571bb2269499d21900609caa,2,23,0.9302419424057007,0.06975805759429932,0.0
571bb2269499d21900609caa,2,24,0.944054126739502,0.05594587326049805,0.0
571bb2269499d21900609caa,2,25,0.958951473236084,0.041048526763916016,0.0
571bb2269499d21900609caa,2,26,0.9570011496543884,0.04299885034561157,0.0
571bb2269499d21900609caa,2,27,0.9620609879493713,0.03793901205062866,0.0
571bb2269499d21900609caa,2,28,0.9584810137748718,0.041518986225128174,0.0
571bb2269499d21900609caa,2,29,0.9607764482498169,0.039223551750183105,0.0
571bb2269499d21900609caa,2,30,0.9644721150398254,0.03552788496017456,0.0
571bb2269499d21900609caa,2,31,0.9648104310035706,0.03518956899642944,0.0
571bb2269499d21900609caa,2,32,0.9681256413459778,0.03187435865402222,0.0
571bb2269499d21900609caa,2,33,0.964812695980072,0.03518730401992798,0.0
571bb2269499d21900609caa,2,34,0.9624409675598145,0.03755903244018555,0.0
571bb2269499d21900609caa,2,35,0.9702053666114807,0.029794633388519287,0.0
571bb2269499d21900609caa,2,36,0.8918514847755432,0.10814851522445679,0.0
571bb2269499d21900609caa,3,0,0.6966693997383118,0.30333060026168823,0.0
571bb2269499d21900609caa,3,1,0.9135993719100952,0.08640062808990479,0.0
571bb2269499d21900609caa,3,2,0.9036678075790405,0.09633219242095947,0.0
571bb2269499d21900609caa,3,3,0.8983845114707947,0.10161548852920532,0.0
571bb2269499d21900609caa,3,4,0.8734451532363892,0.12655484676361084,0.0
571bb2269499d21900609caa,3,5,0.8632316589355469,0.13676834106445312,0.0
571bb2269499d21900609caa,3,6,0.8774363398551941,0.12256366014480591,0.0
571bb2269499d21900609caa,3,7,0.8508979082107544,0.1491020917892456,0.0
571bb2269499d21900609caa,3,8,0.8231464624404907,0.17685353755950928,0.0
571bb2269499d21900609caa,3,9,0.7981840968132019,0.2018159031867981,0.0
571bb2269499d21900609caa,3,10,0.7994027137756348,0.20059728622436523,0.0
571bb2269499d21900609caa,3,11,0.8221288323402405,0.17787116765975952,0.0
571bb2269499d21900609caa,3,12,0.8187406063079834,0.1812593936920166,0.0
571bb2269499d21900609caa,3,13,0.8530705571174622,0.14692944288253784,0.0
571bb2269499d21900609caa,3,14,0.8483003377914429,0.15169966220855713,0.0
571bb2269499d21900609caa,3,15,0.867058277130127,0.13294172286987305,0.0
571bb2269499d21900609caa,3,16,0.8816434741020203,0.11835652589797974,0.0
571bb2269499d21900609caa,3,17,0.8841257095336914,0.1158742904663086,0.0
571bb2269499d21900609caa,3,18,0.8859060406684875,0.11409395933151245,0.0
571bb2269499d21900609caa,3,19,0.8903996348381042,0.10960036516189575,0.0
571bb2269499d21900609caa,3,20,0.8999382257461548,0.10006177425384521,0.0
571bb2269499d21900609caa,3,21,0.8964856863021851,0.10351431369781494,0.0
571bb2269499d21900609caa,3,22,0.9002074599266052,0.09979254007339478,0.0
571bb2269499d21900609caa,3,23,0.8865112662315369,0.11348873376846313,0.0
571bb2269499d21900609caa,3,24,0.9089323878288269,0.0910676121711731,0.0
571bb2269499d21900609caa,3,25,0.9322763085365295,0.06772369146347046,0.0
571bb2269499d21900609caa,3,26,0.931847870349884,0.06815212965011597,0.0
571bb2269499d21900609caa,3,27,0.9399741291999817,0.06002587080001831,0.0
571bb2269499d21900609caa,3,28,0.9338878393173218,0.06611216068267822,0.0
571bb2269499d21900609caa,3,29,0.938809335231781,0.061190664768218994,0.0
571bb2269499d21900609caa,3,30,0.9465225338935852,0.053477466106414795,0.0
571bb2269499d21900609caa,3,31,0.9485555291175842,0.05144447088241577,0.0
571bb2269499d21900609caa,3,32,0.9517379403114319,0.048262059688568115,0.0
571bb2269499d21900609caa,3,33,0.9489994049072266,0.05100059509277344,0.0
571bb2269499d21900609caa,3,34,0.944684624671936,0.055315375328063965,0.0
571bb2269499d21900609caa,3,35,0.9538339376449585,0.046166062355041504,0.0
571bb2269499d21900609caa,3,36,0.8523098230361938,0.14769017696380615,0.0
571cde695efbb31900334e18,1,0,0.8704346418380737,0.12956535816192627,0.0
571cde695efbb31900334e18,1,1,0.9856806993484497,0.014319300651550293,0.0
571cde695efbb31900334e18,1,2,0.9808662533760071,0.01913374662399292,0.0
571cde695efbb31900334e18,1,3,0.979001522064209,0.020998477935791016,0.0
571cde695efbb31900334e18,1,4,0.9719061255455017,0.02809387445449829,0.0
571cde695efbb31900334e18,1,5,0.9686837196350098,0.031316280364990234,0.0
571cde695efbb31900334e18,1,6,0.967694878578186,0.032305121421813965,0.0
571cde695efbb31900334e18,1,7,0.9633873701095581,0.036612629890441895,0.0
571cde695efbb31900334e18,1,8,0.9613640308380127,0.038635969161987305,0.0
571cde695efbb31900334e18,1,9,0.9629905223846436,0.037009477615356445,0.0
571cde695efbb31900334e18,1,10,0.9633429050445557,0.036657094955444336,0.0
571cde695efbb31900334e18,1,11,0.9690294861793518,0.030970513820648193,0.0
571cde695efbb31900334e18,1,12,0.9677372574806213,0.03226274251937866,0.0
571cde695efbb31900334e18,1,13,0.9732522368431091,0.02674776315689087,0.0
571cde695efbb31900334e18,1,14,0.9739753603935242,0.02602463960647583,0.0
571cde695efbb31900334e18,1,15,0.9748712182044983,0.02512878179550171,0.0
571cde695efbb31900334e18,1,16,0.9747267961502075,0.02527320384979248,0.0
571cde695efbb31900334e18,1,17,0.9766548275947571,0.02334517240524292,0.0
571cde695efbb31900334e18,1,18,0.9758296012878418,0.024170398712158203,0.0
571cde695efbb31900334e18,1,19,0.9765201807022095,0.023479819297790527,0.0
571cde695efbb31900334e18,1,20,0.9794657826423645,0.020534217357635498,0.0
571cde695efbb31900334e18,1,21,0.9789428114891052,0.021057188510894775,0.0
571cde695efbb31900334e18,1,22,0.9781579375267029,0.02184206247329712,0.0
571cde695efbb31900334e18,1,23,0.9782505035400391,0.021749496459960938,0.0
571cde695efbb31900334e18,1,24,0.9815079569816589,0.018492043018341064,0.0
571cde695efbb31900334e18,1,25,0.9856778979301453,0.014322102069854736,0.0
571cde695efbb31900334e18,1,26,0.9858219623565674,0.014178037643432617,0.0
571cde695efbb31900334e18,1,27,0.9873165488243103,0.012683451175689697,0.0
571cde695efbb31900334e18,1,28,0.9875307083129883,0.012469291687011719,0.0
571cde695efbb31900334e18,1,29,0.9889128804206848,0.011087119579315186,0.0
571cde695efbb31900334e18,1,30,0.9891132712364197,0.010886728763580322,0.0
571cde695efbb31900334e18,1,31,0.9911417961120605,0.008858203887939453,0.0
571cde695efbb31900334e18,1,32,0.9922052621841431,0.007794737815856934,0.0
571cde695efbb31900334e18,1,33,0.9917986392974854,0.008201360702514648,0.0
571cde695efbb31900334e18,1,34,0.9919940233230591,0.008005976676940918,0.0
571cde695efbb31900334e18,1,35,0.9937440752983093,0.006255924701690674,0.0
571cde695efbb31900334e18,1,36,0.9780006408691406,0.021999359130859375,0.0
571cde695efbb31900334e18,2,0,0.7319151163101196,0.26808488368988037,0.0
571cde695efbb31900334e18,2,1,0.9622710347175598,0.037728965282440186,0.0
571cde695efbb31900334e18,2,2,0.950248658657074,0.049751341342926025,0.0
571cde695efbb31900334e18,2,3,0.9438126683235168,0.056187331676483154,0.0
571cde695efbb31900334e18,2,4,0.9168892502784729,0.0831107497215271,0.0
571cde695efbb31900334e18,2,5,0.9195985198020935,0.0804014801979065,0.0
571cde695efbb31900334e18,2,6,0.9186190366744995,0.08138096332550049,0.0
571cde695efbb31900334e18,2,7,0.8998305797576904,0.10016942024230957,0.0
571cde695efbb31900334e18,2,8,0.8900291919708252,0.1099708080291748,0.0
571cde695efbb31900334e18,2,9,0.871309757232666,0.12869024276733398,0.0
571cde695efbb31900334e18,2,10,0.8686034083366394,0.1313965916633606,0.0
571cde695efbb31900334e18,2,11,0.8958625793457031,0.10413742065429688,0.0
571cde695efbb31900334e18,2,12,0.8961317539215088,0.10386824607849121,0.0
571cde695efbb31900334e18,2,13,0.9173524975776672,0.08264750242233276,0.0
571cde695efbb31900334e18,2,14,0.9188311696052551,0.08116883039474487,0.0
571cde695efbb31900334e18,2,15,0.9267792105674744,0.07322078943252563,0.0
571cde695efbb31900334e18,2,16,0.9301701784133911,0.06982982158660889,0.0
571cde695efbb31900334e18,2,17,0.9327269196510315,0.0672730803489685,0.0
571cde695efbb31900334e18,2,18,0.9318323135375977,0.06816768646240234,0.0
571cde695efbb31900334e18,2,19,0.932795524597168,0.06720447540283203,0.0
571cde695efbb31900334e18,2,20,0.9374037384986877,0.06259626150131226,0.0
571cde695efbb31900334e18,2,21,0.9344369769096375,0.06556302309036255,0.0
571cde695efbb31900334e18,2,22,0.930055558681488,0.06994444131851196,0.0
571cde695efbb31900334e18,2,23,0.9254205822944641,0.07457941770553589,0.0
571cde695efbb31900334e18,2,24,0.9377428889274597,0.06225711107254028,0.0
571cde695efbb31900334e18,2,25,0.9531627297401428,0.04683727025985718,0.0
571cde695efbb31900334e18,2,26,0.9537101984024048,0.046289801597595215,0.0
571cde695efbb31900334e18,2,27,0.9600358605384827,0.039964139461517334,0.0
571cde695efbb31900334e18,2,28,0.9574725031852722,0.04252749681472778,0.0
571cde695efbb31900334e18,2,29,0.9618917107582092,0.03810828924179077,0.0
571cde695efbb31900334e18,2,30,0.96413254737854,0.03586745262145996,0.0
571cde695efbb31900334e18,2,31,0.9666516780853271,0.03334832191467285,0.0
571cde695efbb31900334e18,2,32,0.9705310463905334,0.029468953609466553,0.0
571cde695efbb31900334e18,2,33,0.9659660458564758,0.03403395414352417,0.0
571cde695efbb31900334e18,2,34,0.9655745625495911,0.034425437450408936,0.0
571cde695efbb31900334e18,2,35,0.9729149341583252,0.027085065841674805,0.0
571cde695efbb31900334e18,2,36,0.9238773584365845,0.07612264156341553,0.0
571cde695efbb31900334e18,3,0,0.6347466111183167,0.36525338888168335,0.0
571cde695efbb31900334e18,3,1,0.939387857913971,0.06061214208602905,0.0
571cde695efbb31900334e18,3,2,0.9148548245429993,0.08514517545700073,0.0
571cde695efbb31900334e18,3,3,0.9051839709281921,0.09481602907180786,0.0
571cde695efbb31900334e18,3,4,0.8725148439407349,0.12748515605926514,0.0
571cde695efbb31900334e18,3,5,0.8768624663352966,0.12313753366470337,0.0
571cde695efbb31900334e18,3,6,0.8784956932067871,0.12150430679321289,0.0
571cde695efbb31900334e18,3,7,0.8494704961776733,0.15052950382232666,0.0
571cde695efbb31900334e18,3,8,0.827305018901825,0.17269498109817505,0.0
571cde695efbb31900334e18,3,9,0.7956570386886597,0.20434296131134033,0.0
571cde695efbb31900334e18,3,10,0.7805325388908386,0.21946746110916138,0.0
571cde695efbb31900334e18,3,11,0.8237960338592529,0.17620396614074707,0.0
571cde695efbb31900334e18,3,12,0.818763792514801,0.18123620748519897,0.0
571cde695efbb31900334e18,3,13,0.8564700484275818,0.1435299515724182,0.0
571cde695efbb31900334e18,3,14,0.8562455177307129,0.1437544822692871,0.0
571cde695efbb31900334e18,3,15,0.8709924817085266,0.1290075182914734,0.0
571cde695efbb31900334e18,3,16,0.8746456503868103,0.1253543496131897,0.0
571cde695efbb31900334e18,3,17,0.8789893984794617,0.12101060152053833,0.0
571cde695efbb31900334e18,3,18,0.880448043346405,0.11955195665359497,0.0
571cde695efbb31900334e18,3,19,0.883942186832428,0.11605781316757202,0.0
571cde695efbb31900334e18,3,20,0.8885442018508911,0.11145579814910889,0.0
571cde695efbb31900334e18,3,21,0.8834895491600037,0.11651045083999634,0.0
571cde695efbb31900334e18,3,22,0.8789979815483093,0.12100201845169067,0.0
571cde695efbb31900334e18,3,23,0.8671764731407166,0.13282352685928345,0.0
571cde695efbb31900334e18,3,24,0.8919445276260376,0.1080554723739624,0.0
571cde695efbb31900334e18,3,25,0.9181715846061707,0.08182841539382935,0.0
571cde695efbb31900334e18,3,26,0.9204279184341431,0.07957208156585693,0.0
571cde695efbb31900334e18,3,27,0.9315882325172424,0.06841176748275757,0.0
571cde695efbb31900334e18,3,28,0.9274242520332336,0.07257574796676636,0.0
571cde695efbb31900334e18,3,29,0.9345263838768005,0.06547361612319946,0.0
571cde695efbb31900334e18,3,30,0.9389638304710388,0.06103616952896118,0.0
571cde695efbb31900334e18,3,31,0.941440999507904,0.05855900049209595,0.0
571cde695efbb31900334e18,3,32,0.948639988899231,0.05136001110076904,0.0
571cde695efbb31900334e18,3,33,0.9428778886795044,0.057122111320495605,0.0
571cde695efbb31900334e18,3,34,0.9423304200172424,0.05766957998275757,0.0
571cde695efbb31900334e18,3,35,0.9566695094108582,0.043330490589141846,0.0
571cde695efbb31900334e18,3,36,0.8620190620422363,0.13798093795776367,0.0
5725be0fec44d21400f3d4a5,1,0,0.8280459642410278,0.17195403575897217,0.0
5725be0fec44d21400f3d4a5,1,1,0.9590831398963928,0.04091686010360718,0.0
5725be0fec44d21400f3d4a5,1,2,0.9428183436393738,0.05718165636062622,0.0
5725be0fec44d21400f3d4a5,1,3,0.9515073299407959,0.0484926700592041,0.0
5725be0fec44d21400f3d4a5,1,4,0.9467527270317078,0.053247272968292236,0.0
5725be0fec44d21400f3d4a5,1,5,0.9479365348815918,0.0520634651184082,0.0
5725be0fec44d21400f3d4a5,1,6,0.9502643346786499,0.0497356653213501,0.0
5725be0fec44d21400f3d4a5,1,7,0.9415834546089172,0.058416545391082764,0.0
5725be0fec44d21400f3d4a5,1,8,0.9420782327651978,0.057921767234802246,0.0
5725be0fec44d21400f3d4a5,1,9,0.9502414464950562,0.04975855350494385,0.0
5725be0fec44d21400f3d4a5,1,10,0.9551327228546143,0.04486727714538574,0.0
5725be0fec44d21400f3d4a5,1,11,0.9609903693199158,0.03900963068008423,0.0
5725be0fec44d21400f3d4a5,1,12,0.962760865688324,0.037239134311676025,0.0
5725be0fec44d21400f3d4a5,1,13,0.9659878015518188,0.03401219844818115,0.0
5725be0fec44d21400f3d4a5,1,14,0.968285322189331,0.031714677810668945,0.0
5725be0fec44d21400f3d4a5,1,15,0.9729306697845459,0.0270693302154541,0.0
5725be0fec44d21400f3d4a5,1,16,0.976056694984436,0.023943305015563965,0.0
5725be0fec44d21400f3d4a5,1,17,0.9762629866600037,0.023737013339996338,0.0
5725be0fec44d21400f3d4a5,1,18,0.977043867111206,0.022956132888793945,0.0
5725be0fec44d21400f3d4a5,1,19,0.9770264029502869,0.022973597049713135,0.0
5725be0fec44d21400f3d4a5,1,20,0.9787495136260986,0.021250486373901367,0.0
5725be0fec44d21400f3d4a5,1,21,0.9797390699386597,0.020260930061340332,0.0
5725be0fec44d21400f3d4a5,1,22,0.9790434837341309,0.02095651626586914,0.0
5725be0fec44d21400f3d4a5,1,23,0.9776869416236877,0.022313058376312256,0.0
5725be0fec44d21400f3d4a5,1,24,0.9812015295028687,0.018798470497131348,0.0
5725be0fec44d21400f3d4a5,1,25,0.9843918681144714,0.015608131885528564,0.0
5725be0fec44d21400f3d4a5,1,26,0.982837975025177,0.017162024974822998,0.0
5725be0fec44d21400f3d4a5,1,27,0.9834942817687988,0.016505718231201172,0.0
5725be0fec44d21400f3d4a5,1,28,0.9845444560050964,0.015455543994903564,0.0
5725be0fec44d21400f3d4a5,1,29,0.9857739806175232,0.014226019382476807,0.0
5725be0fec44d21400f3d4a5,1,30,0.9873446822166443,0.012655317783355713,0.0
5725be0fec44d21400f3d4a5,1,31,0.9893035888671875,0.0106964111328125,0.0
5725be0fec44d21400f3d4a5,1,32,0.989790678024292,0.010209321975708008,0.0
5725be0fec44d21400f3d4a5,1,33,0.9883831143379211,0.011616885662078857,0.0
5725be0fec44d21400f3d4a5,1,34,0.9877628087997437,0.012237191200256348,0.0
5725be0fec44d21400f3d4a5,1,35,0.9905418157577515,0.009458184242248535,0.0
5725be0fec44d21400f3d4a5,1,36,0.9779601097106934,0.02203989028930664,0.0
5725be0fec44d21400f3d4a5,2,0,0.6418328881263733,0.3581671118736267,0.0
5725be0fec44d21400f3d4a5,2,1,0.8934240937232971,0.10657590627670288,0.0
5725be0fec44d21400f3d4a5,2,2,0.8843573927879333,0.11564260721206665,0.0
5725be0fec44d21400f3d4a5,2,3,0.8903408050537109,0.10965919494628906,0.0
5725be0fec44d21400f3d4a5,2,4,0.8674296140670776,0.13257038593292236,0.0
5725be0fec44d21400f3d4a5,2,5,0.870148241519928,0.12985175848007202,0.0
5725be0fec44d21400f3d4a5,2,6,0.8741613030433655,0.12583869695663452,0.0
5725be0fec44d21400f3d4a5,2,7,0.8550757169723511,0.14492428302764893,0.0
5725be0fec44d21400f3d4a5,2,8,0.8524898290634155,0.14751017093658447,0.0
5725be0fec44d21400f3d4a5,2,9,0.8495929837226868,0.15040701627731323,0.0
5725be0fec44d21400f3d4a5,2,10,0.8489205241203308,0.1510794758796692,0.0
5725be0fec44d21400f3d4a5,2,11,0.871539831161499,0.12846016883850098,0.0
5725be0fec44d21400f3d4a5,2,12,0.872789740562439,0.12721025943756104,0.0
5725be0fec44d21400f3d4a5,2,13,0.891381025314331,0.10861897468566895,0.0
5725be0fec44d21400f3d4a5,2,14,0.8827711343765259,0.11722886562347412,0.0
5725be0fec44d21400f3d4a5,2,15,0.9000483751296997,0.09995162487030029,0.0
5725be0fec44d21400f3d4a5,2,16,0.9081730842590332,0.0918269157409668,0.0
5725be0fec44d21400f3d4a5,2,17,0.9087403416633606,0.0912596583366394,0.0
5725be0fec44d21400f3d4a5,2,18,0.909668505191803,0.09033149480819702,0.0
5725be0fec44d21400f3d4a5,2,19,0.9078974723815918,0.0921025276184082,0.0
5725be0fec44d21400f3d4a5,2,20,0.9128628373146057,0.08713716268539429,0.0
5725be0fec44d21400f3d4a5,2,21,0.9126313924789429,0.08736860752105713,0.0
5725be0fec44d21400f3d4a5,2,22,0.9099748730659485,0.09002512693405151,0.0
5725be0fec44d21400f3d4a5,2,23,0.9006634950637817,0.09933650493621826,0.0
5725be0fec44d21400f3d4a5,2,24,0.9139618873596191,0.08603811264038086,0.0
5725be0fec44d21400f3d4a5,2,25,0.9339635372161865,0.06603646278381348,0.0
5725be0fec44d21400f3d4a5,2,26,0.9330253005027771,0.0669746994972229,0.0
5725be0fec44d21400f3d4a5,2,27,0.9384472370147705,0.06155276298522949,0.0
5725be0fec44d21400f3d4a5,2,28,0.9323042631149292,0.0676957368850708,0.0
5725be0fec44d21400f3d4a5,2,29,0.9362457990646362,0.06375420093536377,0.0
5725be0fec44d21400f3d4a5,2,30,0.9424121975898743,0.05758780241012573,0.0
5725be0fec44d21400f3d4a5,2,31,0.9482837319374084,0.05171626806259155,0.0
5725be0fec44d21400f3d4a5,2,32,0.9543023109436035,0.045697689056396484,0.0
5725be0fec44d21400f3d4a5,2,33,0.9498633146286011,0.050136685371398926,0.0
5725be0fec44d21400f3d4a5,2,34,0.9474107027053833,0.0525892972946167,0.0
5725be0fec44d21400f3d4a5,2,35,0.9561494588851929,0.04385054111480713,0.0
5725be0fec44d21400f3d4a5,2,36,0.8147968649864197,0.18520313501358032,0.0
5725be0fec44d21400f3d4a5,3,0,0.5072435140609741,0.4927564859390259,0.0
5725be0fec44d21400f3d4a5,3,1,0.86064612865448,0.13935387134552002,0.0
5725be0fec44d21400f3d4a5,3,2,0.8469871282577515,0.15301287174224854,0.0
5725be0fec44d21400f3d4a5,3,3,0.8540288209915161,0.1459711790084839,0.0
5725be0fec44d21400f3d4a5,3,4,0.8197750449180603,0.1802249550819397,0.0
5725be0fec44d21400f3d4a5,3,5,0.8269243836402893,0.1730756163597107,0.0
5725be0fec44d21400f3d4a5,3,6,0.8316987752914429,0.16830122470855713,0.0
5725be0fec44d21400f3d4a5,3,7,0.8065565824508667,0.1934434175491333,0.0
5725be0fec44d21400f3d4a5,3,8,0.7949122786521912,0.20508772134780884,0.0
5725be0fec44d21400f3d4a5,3,9,0.7843537926673889,0.21564620733261108,0.0
5725be0fec44d21400f3d4a5,3,10,0.7843750715255737,0.21562492847442627,0.0
5725be0fec44d21400f3d4a5,3,11,0.8121505379676819,0.18784946203231812,0.0
5725be0fec44d21400f3d4a5,3,12,0.8151293396949768,0.1848706603050232,0.0
5725be0fec44d21400f3d4a5,3,13,0.8448181748390198,0.15518182516098022,0.0
5725be0fec44d21400f3d4a5,3,14,0.8220922946929932,0.17790770530700684,0.0
5725be0fec44d21400f3d4a5,3,15,0.8480920195579529,0.15190798044204712,0.0
5725be0fec44d21400f3d4a5,3,16,0.8506444692611694,0.14935553073883057,0.0
5725be0fec44d21400f3d4a5,3,17,0.8524512052536011,0.14754879474639893,0.0
5725be0fec44d21400f3d4a5,3,18,0.8513243198394775,0.14867568016052246,0.0
5725be0fec44d21400f3d4a5,3,19,0.8496842980384827,0.15031570196151733,0.0
5725be0fec44d21400f3d4a5,3,20,0.851479709148407,0.14852029085159302,0.0
5725be0fec44d21400f3d4a5,3,21,0.8538928627967834,0.14610713720321655,0.0
5725be0fec44d21400f3d4a5,3,22,0.847940981388092,0.15205901861190796,0.0
5725be0fec44d21400f3d4a5,3,23,0.8425479531288147,0.1574520468711853,0.0
5725be0fec44d21400f3d4a5,3,24,0.8662847876548767,0.1337152123451233,0.0
5725be0fec44d21400f3d4a5,3,25,0.9008861184120178,0.09911388158798218,0.0
5725be0fec44d21400f3d4a5,3,26,0.9019641280174255,0.09803587198257446,0.0
5725be0fec44d21400f3d4a5,3,27,0.9134221076965332,0.0865778923034668,0.0
5725be0fec44d21400f3d4a5,3,28,0.9102203249931335,0.08977967500686646,0.0
5725be0fec44d21400f3d4a5,3,29,0.9167543649673462,0.08324563503265381,0.0
5725be0fec44d21400f3d4a5,3,30,0.924965500831604,0.075034499168396,0.0
5725be0fec44d21400f3d4a5,3,31,0.9354109764099121,0.06458902359008789,0.0
5725be0fec44d21400f3d4a5,3,32,0.9439366459846497,0.05606335401535034,0.0
5725be0fec44d21400f3d4a5,3,33,0.9427509903907776,0.05724900960922241,0.0
5725be0fec44d21400f3d4a5,3,34,0.9420953989028931,0.057904601097106934,0.0
5725be0fec44d21400f3d4a5,3,35,0.9540361166000366,0.04596388339996338,0.0
5725be0fec44d21400f3d4a5,3,36,0.7811042666435242,0.21889573335647583,0.0
5725d662ec44d21400f3d687,1,0,0.8382033705711365,0.16179662942886353,0.0
5725d662ec44d21400f3d687,1,1,0.9731030464172363,0.026896953582763672,0.0
5725d662ec44d21400f3d687,1,2,0.9730954766273499,0.026904523372650146,0.0
5725d662ec44d21400f3d687,1,3,0.9679227471351624,0.032077252864837646,0.0
5725d662ec44d21400f3d687,1,4,0.9520336389541626,0.0479663610458374,0.0
5725d662ec44d21400f3d687,1,5,0.9499235153198242,0.05007648468017578,0.0
5725d662ec44d21400f3d687,1,6,0.9648571610450745,0.03514283895492554,0.0
5725d662ec44d21400f3d687,1,7,0.9634404182434082,0.0365595817565918,0.0
5725d662ec44d21400f3d687,1,8,0.9607768058776855,0.03922319412231445,0.0
5725d662ec44d21400f3d687,1,9,0.9591406583786011,0.040859341621398926,0.0
5725d662ec44d21400f3d687,1,10,0.9576816558837891,0.04231834411621094,0.0
5725d662ec44d21400f3d687,1,11,0.9664552807807922,0.033544719219207764,0.0
5725d662ec44d21400f3d687,1,12,0.9646095633506775,0.03539043664932251,0.0
5725d662ec44d21400f3d687,1,13,0.9682251811027527,0.031774818897247314,0.0
5725d662ec44d21400f3d687,1,14,0.9700581431388855,0.029941856861114502,0.0
5725d662ec44d21400f3d687,1,15,0.972490131855011,0.027509868144989014,0.0
5725d662ec44d21400f3d687,1,16,0.9747651815414429,0.02523481845855713,0.0
5725d662ec44d21400f3d687,1,17,0.9759393930435181,0.024060606956481934,0.0
5725d662ec44d21400f3d687,1,18,0.976272702217102,0.02372729778289795,0.0
5725d662ec44d21400f3d687,1,19,0.976621150970459,0.023378849029541016,0.0
5725d662ec44d21400f3d687,1,20,0.9780834913253784,0.021916508674621582,0.0
5725d662ec44d21400f3d687,1,21,0.9775415658950806,0.022458434104919434,0.0
5725d662ec44d21400f3d687,1,22,0.9804824590682983,0.01951754093170166,0.0
5725d662ec44d21400f3d687,1,23,0.9805194139480591,0.019480586051940918,0.0
5725d662ec44d21400f3d687,1,24,0.9841374754905701,0.01586252450942993,0.0
5725d662ec44d21400f3d687,1,25,0.9892621636390686,0.010737836360931396,0.0
5725d662ec44d21400f3d687,1,26,0.9892289638519287,0.010771036148071289,0.0
5725d662ec44d21400f3d687,1,27,0.99040687084198,0.00959312915802002,0.0
5725d662ec44d21400f3d687,1,28,0.9895015954971313,0.010498404502868652,0.0
5725d662ec44d21400f3d687,1,29,0.9904251098632812,0.00957489013671875,0.0
5725d662ec44d21400f3d687,1,30,0.9914844036102295,0.008515596389770508,0.0
5725d662ec44d21400f3d687,1,31,0.9930058121681213,0.006994187831878662,0.0
5725d662ec44d21400f3d687,1,32,0.9939528703689575,0.0060471296310424805,0.0
5725d662ec44d21400f3d687,1,33,0.9941519498825073,0.005848050117492676,0.0
5725d662ec44d21400f3d687,1,34,0.994754433631897,0.005245566368103027,0.0
5725d662ec44d21400f3d687,1,35,0.9961073398590088,0.003892660140991211,0.0
5725d662ec44d21400f3d687,1,36,0.9812423586845398,0.018757641315460205,0.0
5725d662ec44d21400f3d687,2,0,0.7329278588294983,0.2670721411705017,0.0
5725d662ec44d21400f3d687,2,1,0.9494227170944214,0.05057728290557861,0.0
5725d662ec44d21400f3d687,2,2,0.9402337670326233,0.05976623296737671,0.0
5725d662ec44d21400f3d687,2,3,0.9289247393608093,0.07107526063919067,0.0
5725d662ec44d21400f3d687,2,4,0.9037951827049255,0.09620481729507446,0.0
5725d662ec44d21400f3d687,2,5,0.9089557528495789,0.09104424715042114,0.0
5725d662ec44d21400f3d687,2,6,0.9244152903556824,0.07558470964431763,0.0
5725d662ec44d21400f3d687,2,7,0.9156097769737244,0.08439022302627563,0.0
5725d662ec44d21400f3d687,2,8,0.8997620940208435,0.1002379059791565,0.0
5725d662ec44d21400f3d687,2,9,0.8929322361946106,0.1070677638053894,0.0
5725d662ec44d21400f3d687,2,10,0.8939396142959595,0.10606038570404053,0.0
5725d662ec44d21400f3d687,2,11,0.9153399467468262,0.08466005325317383,0.0
5725d662ec44d21400f3d687,2,12,0.9120792150497437,0.08792078495025635,0.0
5725d662ec44d21400f3d687,2,13,0.9228717088699341,0.07712829113006592,0.0
5725d662ec44d21400f3d687,2,14,0.9257603883743286,0.07423961162567139,0.0
5725d662ec44d21400f3d687,2,15,0.9351624846458435,0.0648375153541565,0.0
5725d662ec44d21400f3d687,2,16,0.9383645057678223,0.061635494232177734,0.0
5725d662ec44d21400f3d687,2,17,0.9398771524429321,0.06012284755706787,0.0
5725d662ec44d21400f3d687,2,18,0.9412034153938293,0.058796584606170654,0.0
5725d662ec44d21400f3d687,2,19,0.9401689171791077,0.059831082820892334,0.0
5725d662ec44d21400f3d687,2,20,0.9419077634811401,0.05809223651885986,0.0
5725d662ec44d21400f3d687,2,21,0.9392454028129578,0.060754597187042236,0.0
5725d662ec44d21400f3d687,2,22,0.9438940286636353,0.056105971336364746,0.0
5725d662ec44d21400f3d687,2,23,0.9404458999633789,0.059554100036621094,0.0
5725d662ec44d21400f3d687,2,24,0.9497973322868347,0.05020266771316528,0.0
5725d662ec44d21400f3d687,2,25,0.9653812646865845,0.03461873531341553,0.0
5725d662ec44d21400f3d687,2,26,0.9643014073371887,0.03569859266281128,0.0
5725d662ec44d21400f3d687,2,27,0.968707263469696,0.031292736530303955,0.0
5725d662ec44d21400f3d687,2,28,0.96791011095047,0.03208988904953003,0.0
5725d662ec44d21400f3d687,2,29,0.9699923396110535,0.030007660388946533,0.0
5725d662ec44d21400f3d687,2,30,0.9744440913200378,0.025555908679962158,0.0
5725d662ec44d21400f3d687,2,31,0.9790011048316956,0.020998895168304443,0.0
5725d662ec44d21400f3d687,2,32,0.981482207775116,0.018517792224884033,0.0
5725d662ec44d21400f3d687,2,33,0.9830065965652466,0.016993403434753418,0.0
5725d662ec44d21400f3d687,2,34,0.9855443835258484,0.014455616474151611,0.0
5725d662ec44d21400f3d687,2,35,0.990321159362793,0.009678840637207031,0.0
5725d662ec44d21400f3d687,2,36,0.9513972401618958,0.04860275983810425,0.0
5725d662ec44d21400f3d687,3,0,0.5675742626190186,0.43242573738098145,0.0
5725d662ec44d21400f3d687,3,1,0.882805585861206,0.11719441413879395,0.0
5725d662ec44d21400f3d687,3,2,0.8823959827423096,0.11760401725769043,0.0
5725d662ec44d21400f3d687,3,3,0.8682534098625183,0.1317465901374817,0.0
5725d662ec44d21400f3d687,3,4,0.8375492095947266,0.16245079040527344,0.0
5725d662ec44d21400f3d687,3,5,0.8562324643135071,0.14376753568649292,0.0
5725d662ec44d21400f3d687,3,6,0.874866783618927,0.125133216381073,0.0
5725d662ec44d21400f3d687,3,7,0.8624683618545532,0.13753163814544678,0.0
5725d662ec44d21400f3d687,3,8,0.8520498871803284,0.14795011281967163,0.0
5725d662ec44d21400f3d687,3,9,0.8362721800804138,0.16372781991958618,0.0
5725d662ec44d21400f3d687,3,10,0.8365704417228699,0.16342955827713013,0.0
5725d662ec44d21400f3d687,3,11,0.8603519797325134,0.13964802026748657,0.0
5725d662ec44d21400f3d687,3,12,0.8541918992996216,0.14580810070037842,0.0
5725d662ec44d21400f3d687,3,13,0.8706091046333313,0.1293908953666687,0.0
5725d662ec44d21400f3d687,3,14,0.8697685599327087,0.13023144006729126,0.0
5725d662ec44d21400f3d687,3,15,0.888631284236908,0.11136871576309204,0.0
5725d662ec44d21400f3d687,3,16,0.8952984809875488,0.10470151901245117,0.0
5725d662ec44d21400f3d687,3,17,0.8929194808006287,0.10708051919937134,0.0
5725d662ec44d21400f3d687,3,18,0.8955221772193909,0.10447782278060913,0.0
5725d662ec44d21400f3d687,3,19,0.896653950214386,0.10334604978561401,0.0
5725d662ec44d21400f3d687,3,20,0.8971713185310364,0.10282868146896362,0.0
5725d662ec44d21400f3d687,3,21,0.8936886191368103,0.1063113808631897,0.0
5725d662ec44d21400f3d687,3,22,0.90291428565979,0.09708571434020996,0.0
5725d662ec44d21400f3d687,3,23,0.894665539264679,0.10533446073532104,0.0
5725d662ec44d21400f3d687,3,24,0.9103549718856812,0.08964502811431885,0.0
5725d662ec44d21400f3d687,3,25,0.9343361258506775,0.06566387414932251,0.0
5725d662ec44d21400f3d687,3,26,0.933902382850647,0.06609761714935303,0.0
5725d662ec44d21400f3d687,3,27,0.9427096247673035,0.05729037523269653,0.0
5725d662ec44d21400f3d687,3,28,0.9414721727371216,0.05852782726287842,0.0
5725d662ec44d21400f3d687,3,29,0.9451993107795715,0.05480068922042847,0.0
5725d662ec44d21400f3d687,3,30,0.9546626806259155,0.04533731937408447,0.0
5725d662ec44d21400f3d687,3,31,0.962573230266571,0.037426769733428955,0.0
5725d662ec44d21400f3d687,3,32,0.9681124091148376,0.031887590885162354,0.0
5725d662ec44d21400f3d687,3,33,0.9696312546730042,0.03036874532699585,0.0
5725d662ec44d21400f3d687,3,34,0.9710089564323425,0.02899104356765747,0.0
5725d662ec44d21400f3d687,3,35,0.9777097105979919,0.022290289402008057,0.0
5725d662ec44d21400f3d687,3,36,0.9102827310562134,0.08971726894378662,0.0
5725e748ec44d21400f3d733,1,0,0.884494423866272,0.11550557613372803,-0.1077441077441078
5725e748ec44d21400f3d733,1,1,0.9467021822929382,0.05329781770706177,-0.1077441077441078
5725e748ec44d21400f3d733,1,2,0.9316098093986511,0.06839019060134888,-0.1077441077441078
5725e748ec44d21400f3d733,1,3,0.922987699508667,0.07701230049133301,-0.1077441077441078
5725e748ec44d21400f3d733,1,4,0.9139384031295776,0.08606159687042236,-0.1077441077441078
5725e748ec44d21400f3d733,1,5,0.9167815446853638,0.08321845531463623,-0.1077441077441078
5725e748ec44d21400f3d733,1,6,0.9306476712226868,0.06935232877731323,-0.1077441077441078
5725e748ec44d21400f3d733,1,7,0.918044924736023,0.08195507526397705,-0.1077441077441078
5725e748ec44d21400f3d733,1,8,0.9015622735023499,0.09843772649765015,-0.1077441077441078
5725e748ec44d21400f3d733,1,9,0.907249391078949,0.09275060892105103,-0.1077441077441078
5725e748ec44d21400f3d733,1,10,0.9156767725944519,0.0843232274055481,-0.1077441077441078
5725e748ec44d21400f3d733,1,11,0.9222941994667053,0.07770580053329468,-0.1077441077441078
5725e748ec44d21400f3d733,1,12,0.9171608686447144,0.08283913135528564,-0.1077441077441078
5725e748ec44d21400f3d733,1,13,0.9277797937393188,0.07222020626068115,-0.1077441077441078
5725e748ec44d21400f3d733,1,14,0.9314709901809692,0.06852900981903076,-0.1077441077441078
5725e748ec44d21400f3d733,1,15,0.9372864961624146,0.06271350383758545,-0.1077441077441078
5725e748ec44d21400f3d733,1,16,0.9339532852172852,0.06604671478271484,-0.1077441077441078
5725e748ec44d21400f3d733,1,17,0.9404444098472595,0.05955559015274048,-0.1077441077441078
5725e748ec44d21400f3d733,1,18,0.9454854130744934,0.05451458692550659,-0.1077441077441078
5725e748ec44d21400f3d733,1,19,0.9477843642234802,0.052215635776519775,-0.1077441077441078
5725e748ec44d21400f3d733,1,20,0.950657308101654,0.04934269189834595,-0.1077441077441078
5725e748ec44d21400f3d733,1,21,0.9503915309906006,0.049608469009399414,-0.1077441077441078
5725e748ec44d21400f3d733,1,22,0.9486751556396484,0.05132484436035156,-0.1077441077441078
5725e748ec44d21400f3d733,1,23,0.9439942240715027,0.056005775928497314,-0.1077441077441078
5725e748ec44d21400f3d733,1,24,0.9502840042114258,0.04971599578857422,-0.1077441077441078
5725e748ec44d21400f3d733,1,25,0.9627588987350464,0.03724110126495361,-0.1077441077441078
5725e748ec44d21400f3d733,1,26,0.9624831676483154,0.03751683235168457,-0.1077441077441078
5725e748ec44d21400f3d733,1,27,0.9679445624351501,0.032055437564849854,-0.1077441077441078
5725e748ec44d21400f3d733,1,28,0.9646821022033691,0.03531789779663086,-0.1077441077441078
5725e748ec44d21400f3d733,1,29,0.966774046421051,0.033225953578948975,-0.1077441077441078
5725e748ec44d21400f3d733,1,30,0.9702010750770569,0.029798924922943115,-0.1077441077441078
5725e748ec44d21400f3d733,1,31,0.9736283421516418,0.026371657848358154,-0.1077441077441078
5725e748ec44d21400f3d733,1,32,0.9770993590354919,0.022900640964508057,-0.1077441077441078
5725e748ec44d21400f3d733,1,33,0.9770915508270264,0.022908449172973633,-0.1077441077441078
5725e748ec44d21400f3d733,1,34,0.979181170463562,0.02081882953643799,-0.1077441077441078
5725e748ec44d21400f3d733,1,35,0.9857580661773682,0.014241933822631836,-0.1077441077441078
5725e748ec44d21400f3d733,1,36,0.9287570714950562,0.07124292850494385,-0.1077441077441078
5725e748ec44d21400f3d733,2,0,0.7414735555648804,0.25852644443511963,-0.1077441077441078
5725e748ec44d21400f3d733,2,1,0.9140207767486572,0.08597922325134277,-0.1077441077441078
5725e748ec44d21400f3d733,2,2,0.8994569778442383,0.10054302215576172,-0.1077441077441078
5725e748ec44d21400f3d733,2,3,0.8822660446166992,0.11773395538330078,-0.1077441077441078
5725e748ec44d21400f3d733,2,4,0.8518350720405579,0.14816492795944214,-0.1077441077441078
5725e748ec44d21400f3d733,2,5,0.8639488220214844,0.13605117797851562,-0.1077441077441078
5725e748ec44d21400f3d733,2,6,0.8826713562011719,0.11732864379882812,-0.1077441077441078
5725e748ec44d21400f3d733,2,7,0.8630514740943909,0.13694852590560913,-0.1077441077441078
5725e748ec44d21400f3d733,2,8,0.8464241027832031,0.15357589721679688,-0.1077441077441078
5725e748ec44d21400f3d733,2,9,0.8528668880462646,0.14713311195373535,-0.1077441077441078
5725e748ec44d21400f3d733,2,10,0.8586282730102539,0.1413717269897461,-0.1077441077441078
5725e748ec44d21400f3d733,2,11,0.8669303059577942,0.1330696940422058,-0.1077441077441078
5725e748ec44d21400f3d733,2,12,0.8588565587997437,0.14114344120025635,-0.1077441077441078
5725e748ec44d21400f3d733,2,13,0.8804441094398499,0.11955589056015015,-0.1077441077441078
5725e748ec44d21400f3d733,2,14,0.8769159913063049,0.12308400869369507,-0.1077441077441078
5725e748ec44d21400f3d733,2,15,0.8860551118850708,0.1139448881149292,-0.1077441077441078
5725e748ec44d21400f3d733,2,16,0.8790887594223022,0.12091124057769775,-0.1077441077441078
5725e748ec44d21400f3d733,2,17,0.8862699270248413,0.11373007297515869,-0.1077441077441078
5725e748ec44d21400f3d733,2,18,0.8926441669464111,0.10735583305358887,-0.1077441077441078
5725e748ec44d21400f3d733,2,19,0.8988457322120667,0.10115426778793335,-0.1077441077441078
5725e748ec44d21400f3d733,2,20,0.9040480256080627,0.09595197439193726,-0.1077441077441078
5725e748ec44d21400f3d733,2,21,0.9021407961845398,0.0978592038154602,-0.1077441077441078
5725e748ec44d21400f3d733,2,22,0.8995881676673889,0.10041183233261108,-0.1077441077441078
5725e748ec44d21400f3d733,2,23,0.8875729441642761,0.11242705583572388,-0.1077441077441078
5725e748ec44d21400f3d733,2,24,0.9011687636375427,0.09883123636245728,-0.1077441077441078
5725e748ec44d21400f3d733,2,25,0.9284679293632507,0.07153207063674927,-0.1077441077441078
5725e748ec44d21400f3d733,2,26,0.9290122985839844,0.07098770141601562,-0.1077441077441078
5725e748ec44d21400f3d733,2,27,0.939008355140686,0.060991644859313965,-0.1077441077441078
5725e748ec44d21400f3d733,2,28,0.9339612126350403,0.06603878736495972,-0.1077441077441078
5725e748ec44d21400f3d733,2,29,0.9389109015464783,0.06108909845352173,-0.1077441077441078
5725e748ec44d21400f3d733,2,30,0.9454983472824097,0.05450165271759033,-0.1077441077441078
5725e748ec44d21400f3d733,2,31,0.9475070834159851,0.05249291658401489,-0.1077441077441078
5725e748ec44d21400f3d733,2,32,0.9539647698402405,0.04603523015975952,-0.1077441077441078
5725e748ec44d21400f3d733,2,33,0.9549318552017212,0.04506814479827881,-0.1077441077441078
5725e748ec44d21400f3d733,2,34,0.9570180773735046,0.04298192262649536,-0.1077441077441078
5725e748ec44d21400f3d733,2,35,0.9699863791465759,0.030013620853424072,-0.1077441077441078
5725e748ec44d21400f3d733,2,36,0.8339729309082031,0.16602706909179688,-0.1077441077441078
5725e748ec44d21400f3d733,3,0,0.620754599571228,0.379245400428772,0.074074074074074
5725e748ec44d21400f3d733,3,1,0.8581418395042419,0.14185816049575806,0.074074074074074
5725e748ec44d21400f3d733,3,2,0.8550625443458557,0.1449374556541443,0.074074074074074
5725e748ec44d21400f3d733,3,3,0.8346035480499268,0.16539645195007324,0.074074074074074
5725e748ec44d21400f3d733,3,4,0.7915695309638977,0.2084304690361023,0.074074074074074
5725e748ec44d21400f3d733,3,5,0.812957763671875,0.187042236328125,0.074074074074074
5725e748ec44d21400f3d733,3,6,0.840383768081665,0.15961623191833496,0.074074074074074
5725e748ec44d21400f3d733,3,7,0.8160077333450317,0.18399226665496826,0.074074074074074
5725e748ec44d21400f3d733,3,8,0.7950567603111267,0.2049432396888733,0.074074074074074
5725e748ec44d21400f3d733,3,9,0.7999680042266846,0.20003199577331543,0.074074074074074
5725e748ec44d21400f3d733,3,10,0.8020513653755188,0.1979486346244812,0.074074074074074
5725e748ec44d21400f3d733,3,11,0.8151612877845764,0.18483871221542358,0.074074074074074
5725e748ec44d21400f3d733,3,12,0.8007959127426147,0.19920408725738525,0.074074074074074
5725e748ec44d21400f3d733,3,13,0.8361377120018005,0.16386228799819946,0.074074074074074
5725e748ec44d21400f3d733,3,14,0.8276870846748352,0.1723129153251648,0.074074074074074
5725e748ec44d21400f3d733,3,15,0.8402893543243408,0.15971064567565918,0.074074074074074
5725e748ec44d21400f3d733,3,16,0.833071768283844,0.166928231716156,0.074074074074074
5725e748ec44d21400f3d733,3,17,0.837177574634552,0.162822425365448,0.074074074074074
5725e748ec44d21400f3d733,3,18,0.8463051319122314,0.15369486808776855,0.074074074074074
5725e748ec44d21400f3d733,3,19,0.8540564179420471,0.14594358205795288,0.074074074074074
5725e748ec44d21400f3d733,3,20,0.8557882905006409,0.14421170949935913,0.074074074074074
5725e748ec44d21400f3d733,3,21,0.8558506965637207,0.1441493034362793,0.074074074074074
5725e748ec44d21400f3d733,3,22,0.8453558683395386,0.15464413166046143,0.074074074074074
5725e748ec44d21400f3d733,3,23,0.8322920203208923,0.16770797967910767,0.074074074074074
5725e748ec44d21400f3d733,3,24,0.8510533571243286,0.1489466428756714,0.074074074074074
5725e748ec44d21400f3d733,3,25,0.8940050601959229,0.10599493980407715,0.074074074074074
5725e748ec44d21400f3d733,3,26,0.8970518112182617,0.10294818878173828,0.074074074074074
5725e748ec44d21400f3d733,3,27,0.9123194217681885,0.08768057823181152,0.074074074074074
5725e748ec44d21400f3d733,3,28,0.9084610939025879,0.09153890609741211,0.074074074074074
5725e748ec44d21400f3d733,3,29,0.9161706566810608,0.08382934331893921,0.074074074074074
5725e748ec44d21400f3d733,3,30,0.9258777499198914,0.07412225008010864,0.074074074074074
5725e748ec44d21400f3d733,3,31,0.9309300780296326,0.06906992197036743,0.074074074074074
5725e748ec44d21400f3d733,3,32,0.9406328797340393,0.05936712026596069,0.074074074074074
5725e748ec44d21400f3d733,3,33,0.9436857104301453,0.056314289569854736,0.074074074074074
5725e748ec44d21400f3d733,3,34,0.9483664035797119,0.051633596420288086,0.074074074074074
5725e748ec44d21400f3d733,3,35,0.964566707611084,0.035433292388916016,0.074074074074074
5725e748ec44d21400f3d733,3,36,0.8091140985488892,0.19088590145111084,0.074074074074074
5726400589a1e219009ac5f2,1,0,0.8946943283081055,0.10530567169189453,0.0
5726400589a1e219009ac5f2,1,1,0.9583138227462769,0.041686177253723145,0.0
5726400589a1e219009ac5f2,1,2,0.9545785784721375,0.04542142152786255,0.0
5726400589a1e219009ac5f2,1,3,0.9487981796264648,0.051201820373535156,0.0
5726400589a1e219009ac5f2,1,4,0.9398909211158752,0.060109078884124756,0.0
5726400589a1e219009ac5f2,1,5,0.9404574632644653,0.05954253673553467,0.0
5726400589a1e219009ac5f2,1,6,0.9355765581130981,0.06442344188690186,0.0
5726400589a1e219009ac5f2,1,7,0.9257555603981018,0.0742444396018982,0.0
5726400589a1e219009ac5f2,1,8,0.9015287160873413,0.09847128391265869,0.0
5726400589a1e219009ac5f2,1,9,0.9122189283370972,0.08778107166290283,0.0
5726400589a1e219009ac5f2,1,10,0.9212920665740967,0.07870793342590332,0.0
5726400589a1e219009ac5f2,1,11,0.9445661902427673,0.055433809757232666,0.0
5726400589a1e219009ac5f2,1,12,0.9486720561981201,0.05132794380187988,0.0
5726400589a1e219009ac5f2,1,13,0.9567654132843018,0.04323458671569824,0.0
5726400589a1e219009ac5f2,1,14,0.9551063179969788,0.04489368200302124,0.0
5726400589a1e219009ac5f2,1,15,0.9590752720832825,0.04092472791671753,0.0
5726400589a1e219009ac5f2,1,16,0.9614100456237793,0.0385899543762207,0.0
5726400589a1e219009ac5f2,1,17,0.9628185629844666,0.03718143701553345,0.0
5726400589a1e219009ac5f2,1,18,0.9637358784675598,0.036264121532440186,0.0
5726400589a1e219009ac5f2,1,19,0.9671677947044373,0.032832205295562744,0.0
5726400589a1e219009ac5f2,1,20,0.9694095253944397,0.030590474605560303,0.0
5726400589a1e219009ac5f2,1,21,0.9701092839241028,0.029890716075897217,0.0
5726400589a1e219009ac5f2,1,22,0.968349814414978,0.03165018558502197,0.0
5726400589a1e219009ac5f2,1,23,0.9608146548271179,0.03918534517288208,0.0
5726400589a1e219009ac5f2,1,24,0.963665783405304,0.036334216594696045,0.0
5726400589a1e219009ac5f2,1,25,0.9742017984390259,0.02579820156097412,0.0
5726400589a1e219009ac5f2,1,26,0.973970353603363,0.026029646396636963,0.0
5726400589a1e219009ac5f2,1,27,0.9783869385719299,0.02161306142807007,0.0
5726400589a1e219009ac5f2,1,28,0.9765023589134216,0.02349764108657837,0.0
5726400589a1e219009ac5f2,1,29,0.977526843547821,0.022473156452178955,0.0
5726400589a1e219009ac5f2,1,30,0.980997622013092,0.01900237798690796,0.0
5726400589a1e219009ac5f2,1,31,0.9790571928024292,0.0209428071975708,0.0
5726400589a1e219009ac5f2,1,32,0.981453537940979,0.018546462059020996,0.0
5726400589a1e219009ac5f2,1,33,0.9820888042449951,0.017911195755004883,0.0
5726400589a1e219009ac5f2,1,34,0.9841436147689819,0.015856385231018066,0.0
5726400589a1e219009ac5f2,1,35,0.9869673848152161,0.013032615184783936,0.0
5726400589a1e219009ac5f2,1,36,0.8892813920974731,0.11071860790252686,0.0
5726400589a1e219009ac5f2,2,0,0.5705018639564514,0.4294981360435486,0.0
5726400589a1e219009ac5f2,2,1,0.9184930920600891,0.08150690793991089,0.0
5726400589a1e219009ac5f2,2,2,0.9081166982650757,0.09188330173492432,0.0
5726400589a1e219009ac5f2,2,3,0.8852914571762085,0.1147085428237915,0.0
5726400589a1e219009ac5f2,2,4,0.8593953251838684,0.1406046748161316,0.0
5726400589a1e219009ac5f2,2,5,0.855579674243927,0.144420325756073,0.0
5726400589a1e219009ac5f2,2,6,0.8516460657119751,0.1483539342880249,0.0
5726400589a1e219009ac5f2,2,7,0.8484058380126953,0.1515941619873047,0.0
5726400589a1e219009ac5f2,2,8,0.831576406955719,0.168423593044281,0.0
5726400589a1e219009ac5f2,2,9,0.8427071571350098,0.15729284286499023,0.0
5726400589a1e219009ac5f2,2,10,0.8509332537651062,0.1490667462348938,0.0
5726400589a1e219009ac5f2,2,11,0.8851812481880188,0.1148187518119812,0.0
5726400589a1e219009ac5f2,2,12,0.891369640827179,0.10863035917282104,0.0
5726400589a1e219009ac5f2,2,13,0.9073501229286194,0.09264987707138062,0.0
5726400589a1e219009ac5f2,2,14,0.9031712412834167,0.09682875871658325,0.0
5726400589a1e219009ac5f2,2,15,0.917678713798523,0.08232128620147705,0.0
5726400589a1e219009ac5f2,2,16,0.922575056552887,0.07742494344711304,0.0
5726400589a1e219009ac5f2,2,17,0.9269870519638062,0.07301294803619385,0.0
5726400589a1e219009ac5f2,2,18,0.930570125579834,0.06942987442016602,0.0
5726400589a1e219009ac5f2,2,19,0.9360417723655701,0.06395822763442993,0.0
5726400589a1e219009ac5f2,2,20,0.9391950964927673,0.060804903507232666,0.0
5726400589a1e219009ac5f2,2,21,0.9401578903198242,0.05984210968017578,0.0
5726400589a1e219009ac5f2,2,22,0.9354308843612671,0.06456911563873291,0.0
5726400589a1e219009ac5f2,2,23,0.9221563339233398,0.07784366607666016,0.0
5726400589a1e219009ac5f2,2,24,0.9297427535057068,0.07025724649429321,0.0
5726400589a1e219009ac5f2,2,25,0.9486826062202454,0.05131739377975464,0.0
5726400589a1e219009ac5f2,2,26,0.9492167234420776,0.05078327655792236,0.0
5726400589a1e219009ac5f2,2,27,0.9579700231552124,0.0420299768447876,0.0
5726400589a1e219009ac5f2,2,28,0.954346239566803,0.04565376043319702,0.0
5726400589a1e219009ac5f2,2,29,0.9567679762840271,0.0432320237159729,0.0
5726400589a1e219009ac5f2,2,30,0.9625091552734375,0.0374908447265625,0.0
5726400589a1e219009ac5f2,2,31,0.9610205888748169,0.038979411125183105,0.0
5726400589a1e219009ac5f2,2,32,0.9655269980430603,0.0344730019569397,0.0
5726400589a1e219009ac5f2,2,33,0.965527355670929,0.034472644329071045,0.0
5726400589a1e219009ac5f2,2,34,0.9647801518440247,0.03521984815597534,0.0
5726400589a1e219009ac5f2,2,35,0.9697688817977905,0.030231118202209473,0.0
5726400589a1e219009ac5f2,2,36,0.8334450125694275,0.1665549874305725,0.0
5726400589a1e219009ac5f2,3,0,0.5252633690834045,0.47473663091659546,0.0
5726400589a1e219009ac5f2,3,1,0.8941491842269897,0.10585081577301025,0.0
5726400589a1e219009ac5f2,3,2,0.8713787198066711,0.12862128019332886,0.0
5726400589a1e219009ac5f2,3,3,0.8415505290031433,0.1584494709968567,0.0
5726400589a1e219009ac5f2,3,4,0.8116194009780884,0.18838059902191162,0.0
5726400589a1e219009ac5f2,3,5,0.8111094832420349,0.1888905167579651,0.0
5726400589a1e219009ac5f2,3,6,0.8096293210983276,0.19037067890167236,0.0
5726400589a1e219009ac5f2,3,7,0.7999851107597351,0.2000148892402649,0.0
5726400589a1e219009ac5f2,3,8,0.7745642066001892,0.2254357933998108,0.0
5726400589a1e219009ac5f2,3,9,0.778071403503418,0.22192859649658203,0.0
5726400589a1e219009ac5f2,3,10,0.7800846695899963,0.21991533041000366,0.0
5726400589a1e219009ac5f2,3,11,0.8148403167724609,0.18515968322753906,0.0
5726400589a1e219009ac5f2,3,12,0.826437771320343,0.17356222867965698,0.0
5726400589a1e219009ac5f2,3,13,0.8527733683586121,0.14722663164138794,0.0
5726400589a1e219009ac5f2,3,14,0.8400728106498718,0.15992718935012817,0.0
5726400589a1e219009ac5f2,3,15,0.8637391328811646,0.13626086711883545,0.0
5726400589a1e219009ac5f2,3,16,0.8724682331085205,0.1275317668914795,0.0
5726400589a1e219009ac5f2,3,17,0.8774721622467041,0.1225278377532959,0.0
5726400589a1e219009ac5f2,3,18,0.8842188715934753,0.11578112840652466,0.0
5726400589a1e219009ac5f2,3,19,0.8933309316635132,0.10666906833648682,0.0
5726400589a1e219009ac5f2,3,20,0.8945639729499817,0.10543602705001831,0.0
5726400589a1e219009ac5f2,3,21,0.8934370875358582,0.10656291246414185,0.0
5726400589a1e219009ac5f2,3,22,0.8873815536499023,0.11261844635009766,0.0
5726400589a1e219009ac5f2,3,23,0.8703600764274597,0.12963992357254028,0.0
5726400589a1e219009ac5f2,3,24,0.884778618812561,0.11522138118743896,0.0
5726400589a1e219009ac5f2,3,25,0.9157730937004089,0.08422690629959106,0.0
5726400589a1e219009ac5f2,3,26,0.9170869588851929,0.08291304111480713,0.0
5726400589a1e219009ac5f2,3,27,0.9319518804550171,0.06804811954498291,0.0
5726400589a1e219009ac5f2,3,28,0.9272149205207825,0.07278507947921753,0.0
5726400589a1e219009ac5f2,3,29,0.9325891137123108,0.06741088628768921,0.0
5726400589a1e219009ac5f2,3,30,0.9427183270454407,0.057281672954559326,0.0
5726400589a1e219009ac5f2,3,31,0.9360765218734741,0.06392347812652588,0.0
5726400589a1e219009ac5f2,3,32,0.9443274736404419,0.055672526359558105,0.0
5726400589a1e219009ac5f2,3,33,0.9446628093719482,0.05533719062805176,0.0
5726400589a1e219009ac5f2,3,34,0.9418329000473022,0.058167099952697754,0.0
5726400589a1e219009ac5f2,3,35,0.9503804445266724,0.04961955547332764,0.0
5726400589a1e219009ac5f2,3,36,0.7362841963768005,0.26371580362319946,0.0
5726d9935951b619008f7ff1,1,0,0.7619588971138,0.23804110288619995,0.0
5726d9935951b619008f7ff1,1,1,0.9465415477752686,0.053458452224731445,0.0
5726d9935951b619008f7ff1,1,2,0.9529943466186523,0.047005653381347656,0.0
5726d9935951b619008f7ff1,1,3,0.9545001983642578,0.04549980163574219,0.0
5726d9935951b619008f7ff1,1,4,0.9285648465156555,0.07143515348434448,0.0
5726d9935951b619008f7ff1,1,5,0.9410213232040405,0.05897867679595947,0.0
5726d9935951b619008f7ff1,1,6,0.9511014819145203,0.048898518085479736,0.0
5726d9935951b619008f7ff1,1,7,0.9536744356155396,0.04632556438446045,0.0
5726d9935951b619008f7ff1,1,8,0.9541356563568115,0.04586434364318848,0.0
5726d9935951b619008f7ff1,1,9,0.9571356177330017,0.04286438226699829,0.0
5726d9935951b619008f7ff1,1,10,0.952983021736145,0.04701697826385498,0.0
5726d9935951b619008f7ff1,1,11,0.960894763469696,0.039105236530303955,0.0
5726d9935951b619008f7ff1,1,12,0.9597241282463074,0.04027587175369263,0.0
5726d9935951b619008f7ff1,1,13,0.966230034828186,0.033769965171813965,0.0
5726d9935951b619008f7ff1,1,14,0.9666923880577087,0.03330761194229126,0.0
5726d9935951b619008f7ff1,1,15,0.9710119962692261,0.028988003730773926,0.0
5726d9935951b619008f7ff1,1,16,0.9701653122901917,0.02983468770980835,0.0
5726d9935951b619008f7ff1,1,17,0.973504364490509,0.026495635509490967,0.0
5726d9935951b619008f7ff1,1,18,0.9731260538101196,0.02687394618988037,0.0
5726d9935951b619008f7ff1,1,19,0.9738441705703735,0.026155829429626465,0.0
5726d9935951b619008f7ff1,1,20,0.9759631156921387,0.024036884307861328,0.0
5726d9935951b619008f7ff1,1,21,0.9766334295272827,0.023366570472717285,0.0
5726d9935951b619008f7ff1,1,22,0.9758536219596863,0.02414637804031372,0.0
5726d9935951b619008f7ff1,1,23,0.9778295755386353,0.022170424461364746,0.0
5726d9935951b619008f7ff1,1,24,0.9829616546630859,0.017038345336914062,0.0
5726d9935951b619008f7ff1,1,25,0.9861932992935181,0.013806700706481934,0.0
5726d9935951b619008f7ff1,1,26,0.9870214462280273,0.012978553771972656,0.0
5726d9935951b619008f7ff1,1,27,0.9880420565605164,0.011957943439483643,0.0
5726d9935951b619008f7ff1,1,28,0.9862256050109863,0.013774394989013672,0.0
5726d9935951b619008f7ff1,1,29,0.9877415299415588,0.012258470058441162,0.0
5726d9935951b619008f7ff1,1,30,0.9890895485877991,0.010910451412200928,0.0
5726d9935951b619008f7ff1,1,31,0.990162193775177,0.009837806224822998,0.0
5726d9935951b619008f7ff1,1,32,0.9908907413482666,0.009109258651733398,0.0
5726d9935951b619008f7ff1,1,33,0.9902594089508057,0.009740591049194336,0.0
5726d9935951b619008f7ff1,1,34,0.989667534828186,0.010332465171813965,0.0
5726d9935951b619008f7ff1,1,35,0.9912896156311035,0.008710384368896484,0.0
5726d9935951b619008f7ff1,1,36,0.9754507541656494,0.024549245834350586,0.0
5726d9935951b619008f7ff1,2,0,0.6589742302894592,0.34102576971054077,1.0
5726d9935951b619008f7ff1,2,1,0.8833704590797424,0.11662954092025757,1.0
5726d9935951b619008f7ff1,2,2,0.884134829044342,0.11586517095565796,1.0
5726d9935951b619008f7ff1,2,3,0.8734295964241028,0.12657040357589722,1.0
5726d9935951b619008f7ff1,2,4,0.8349807858467102,0.1650192141532898,1.0
5726d9935951b619008f7ff1,2,5,0.8551467657089233,0.14485323429107666,1.0
5726d9935951b619008f7ff1,2,6,0.8820900917053223,0.11790990829467773,1.0
5726d9935951b619008f7ff1,2,7,0.8731063008308411,0.12689369916915894,1.0
5726d9935951b619008f7ff1,2,8,0.8515859246253967,0.14841407537460327,1.0
5726d9935951b619008f7ff1,2,9,0.8677783012390137,0.13222169876098633,1.0
5726d9935951b619008f7ff1,2,10,0.8684879541397095,0.13151204586029053,1.0
5726d9935951b619008f7ff1,2,11,0.8877865076065063,0.11221349239349365,1.0
5726d9935951b619008f7ff1,2,12,0.8947136402130127,0.1052863597869873,1.0
5726d9935951b619008f7ff1,2,13,0.9136653542518616,0.08633464574813843,1.0
5726d9935951b619008f7ff1,2,14,0.9154953956604004,0.08450460433959961,1.0
5726d9935951b619008f7ff1,2,15,0.930924117565155,0.06907588243484497,1.0
5726d9935951b619008f7ff1,2,16,0.9296420812606812,0.07035791873931885,1.0
5726d9935951b619008f7ff1,2,17,0.9379701018333435,0.062029898166656494,1.0
5726d9935951b619008f7ff1,2,18,0.9380673170089722,0.06193268299102783,1.0
5726d9935951b619008f7ff1,2,19,0.9410656094551086,0.05893439054489136,1.0
5726d9935951b619008f7ff1,2,20,0.9433934688568115,0.05660653114318848,1.0
5726d9935951b619008f7ff1,2,21,0.9398502707481384,0.06014972925186157,1.0
5726d9935951b619008f7ff1,2,22,0.9357688426971436,0.06423115730285645,1.0
5726d9935951b619008f7ff1,2,23,0.9258373379707336,0.07416266202926636,1.0
5726d9935951b619008f7ff1,2,24,0.9348556399345398,0.0651443600654602,1.0
5726d9935951b619008f7ff1,2,25,0.9485648274421692,0.05143517255783081,1.0
5726d9935951b619008f7ff1,2,26,0.94994056224823,0.05005943775177002,1.0
5726d9935951b619008f7ff1,2,27,0.9561848044395447,0.04381519556045532,1.0
5726d9935951b619008f7ff1,2,28,0.9498447775840759,0.05015522241592407,1.0
5726d9935951b619008f7ff1,2,29,0.9544894695281982,0.04551053047180176,1.0
5726d9935951b619008f7ff1,2,30,0.9590951204299927,0.040904879570007324,1.0
5726d9935951b619008f7ff1,2,31,0.9590013027191162,0.04099869728088379,1.0
5726d9935951b619008f7ff1,2,32,0.9638038873672485,0.036196112632751465,1.0
5726d9935951b619008f7ff1,2,33,0.9615032076835632,0.03849679231643677,1.0
5726d9935951b619008f7ff1,2,34,0.9584274888038635,0.041572511196136475,1.0
5726d9935951b619008f7ff1,2,35,0.9655798673629761,0.034420132637023926,1.0
5726d9935951b619008f7ff1,2,36,0.8468933701515198,0.15310662984848022,1.0
5726d9935951b619008f7ff1,3,0,0.5506659150123596,0.4493340849876404,1.0
5726d9935951b619008f7ff1,3,1,0.8563045859336853,0.1436954140663147,1.0
5726d9935951b619008f7ff1,3,2,0.8529753684997559,0.14702463150024414,1.0
5726d9935951b619008f7ff1,3,3,0.8304824233055115,0.16951757669448853,1.0
5726d9935951b619008f7ff1,3,4,0.7791740894317627,0.2208259105682373,1.0
5726d9935951b619008f7ff1,3,5,0.7917308807373047,0.2082691192626953,1.0
5726d9935951b619008f7ff1,3,6,0.8244093656539917,0.1755906343460083,1.0
5726d9935951b619008f7ff1,3,7,0.8180971741676331,0.18190282583236694,1.0
5726d9935951b619008f7ff1,3,8,0.795015811920166,0.20498418807983398,1.0
5726d9935951b619008f7ff1,3,9,0.8127502799034119,0.18724972009658813,1.0
5726d9935951b619008f7ff1,3,10,0.8094249367713928,0.19057506322860718,1.0
5726d9935951b619008f7ff1,3,11,0.8327879905700684,0.16721200942993164,1.0
5726d9935951b619008f7ff1,3,12,0.8400391936302185,0.1599608063697815,1.0
5726d9935951b619008f7ff1,3,13,0.8685765266418457,0.1314234733581543,1.0
5726d9935951b619008f7ff1,3,14,0.8649688959121704,0.1350311040878296,1.0
5726d9935951b619008f7ff1,3,15,0.8878178596496582,0.1121821403503418,1.0
5726d9935951b619008f7ff1,3,16,0.8877550959587097,0.11224490404129028,1.0
5726d9935951b619008f7ff1,3,17,0.8994295597076416,0.1005704402923584,1.0
5726d9935951b619008f7ff1,3,18,0.8980807662010193,0.10191923379898071,1.0
5726d9935951b619008f7ff1,3,19,0.9030448794364929,0.09695512056350708,1.0
5726d9935951b619008f7ff1,3,20,0.909458577632904,0.09054142236709595,1.0
5726d9935951b619008f7ff1,3,21,0.9045476913452148,0.09545230865478516,1.0
5726d9935951b619008f7ff1,3,22,0.8998016715049744,0.10019832849502563,1.0
5726d9935951b619008f7ff1,3,23,0.8818037509918213,0.11819624900817871,1.0
5726d9935951b619008f7ff1,3,24,0.8980116248130798,0.10198837518692017,1.0
5726d9935951b619008f7ff1,3,25,0.9243487119674683,0.07565128803253174,1.0
5726d9935951b619008f7ff1,3,26,0.9262837171554565,0.07371628284454346,1.0
5726d9935951b619008f7ff1,3,27,0.9342010617256165,0.06579893827438354,1.0
5726d9935951b619008f7ff1,3,28,0.9266194701194763,0.07338052988052368,1.0
5726d9935951b619008f7ff1,3,29,0.9328160881996155,0.06718391180038452,1.0
5726d9935951b619008f7ff1,3,30,0.9398974776268005,0.06010252237319946,1.0
5726d9935951b619008f7ff1,3,31,0.9406248331069946,0.05937516689300537,1.0
5726d9935951b619008f7ff1,3,32,0.9470523595809937,0.05294764041900635,1.0
5726d9935951b619008f7ff1,3,33,0.9469304084777832,0.0530695915222168,1.0
5726d9935951b619008f7ff1,3,34,0.9438399076461792,0.0561600923538208,1.0
5726d9935951b619008f7ff1,3,35,0.9550838470458984,0.04491615295410156,1.0
5726d9935951b619008f7ff1,3,36,0.7705137133598328,0.22948628664016724,1.0
5727e9523acd2414000def99,1,0,0.8943176865577698,0.10568231344223022,0.0
5727e9523acd2414000def99,1,1,0.980190098285675,0.01980990171432495,0.0
5727e9523acd2414000def99,1,2,0.9756717681884766,0.024328231811523438,0.0
5727e9523acd2414000def99,1,3,0.97823566198349,0.02176433801651001,0.0
5727e9523acd2414000def99,1,4,0.9752510190010071,0.02474898099899292,0.0
5727e9523acd2414000def99,1,5,0.9754205346107483,0.02457946538925171,0.0
5727e9523acd2414000def99,1,6,0.9793535470962524,0.02064645290374756,0.0
5727e9523acd2414000def99,1,7,0.9804984331130981,0.019501566886901855,0.0
5727e9523acd2414000def99,1,8,0.977172315120697,0.02282768487930298,0.0
5727e9523acd2414000def99,1,9,0.9769387245178223,0.023061275482177734,0.0
5727e9523acd2414000def99,1,10,0.9754578471183777,0.024542152881622314,0.0
5727e9523acd2414000def99,1,11,0.9829229712486267,0.01707702875137329,0.0
5727e9523acd2414000def99,1,12,0.982938826084137,0.017061173915863037,0.0
5727e9523acd2414000def99,1,13,0.9862657189369202,0.013734281063079834,0.0
5727e9523acd2414000def99,1,14,0.9848930239677429,0.01510697603225708,0.0
5727e9523acd2414000def99,1,15,0.9865756034851074,0.013424396514892578,0.0
5727e9523acd2414000def99,1,16,0.9869817495346069,0.013018250465393066,0.0
5727e9523acd2414000def99,1,17,0.9888120889663696,0.011187911033630371,0.0
5727e9523acd2414000def99,1,18,0.9887741804122925,0.01122581958770752,0.0
5727e9523acd2414000def99,1,19,0.9888011813163757,0.011198818683624268,0.0
5727e9523acd2414000def99,1,20,0.9898582100868225,0.01014178991317749,0.0
5727e9523acd2414000def99,1,21,0.9895814657211304,0.010418534278869629,0.0
5727e9523acd2414000def99,1,22,0.9888211488723755,0.011178851127624512,0.0
5727e9523acd2414000def99,1,23,0.9876476526260376,0.012352347373962402,0.0
5727e9523acd2414000def99,1,24,0.9882917404174805,0.011708259582519531,0.0
5727e9523acd2414000def99,1,25,0.9894325137138367,0.01056748628616333,0.0
5727e9523acd2414000def99,1,26,0.9891471266746521,0.0108528733253479,0.0
5727e9523acd2414000def99,1,27,0.9878384470939636,0.012161552906036377,0.0
5727e9523acd2414000def99,1,28,0.9886586666107178,0.011341333389282227,0.0
5727e9523acd2414000def99,1,29,0.9896748065948486,0.010325193405151367,0.0
5727e9523acd2414000def99,1,30,0.9907130002975464,0.009286999702453613,0.0
5727e9523acd2414000def99,1,31,0.9920843839645386,0.007915616035461426,0.0
5727e9523acd2414000def99,1,32,0.9926151633262634,0.007384836673736572,0.0
5727e9523acd2414000def99,1,33,0.9916343688964844,0.008365631103515625,0.0
5727e9523acd2414000def99,1,34,0.9916070103645325,0.00839298963546753,0.0
5727e9523acd2414000def99,1,35,0.9940609335899353,0.005939066410064697,0.0
5727e9523acd2414000def99,1,36,0.9833804368972778,0.016619563102722168,0.0
5727e9523acd2414000def99,2,0,0.7780465483665466,0.22195345163345337,0.0
5727e9523acd2414000def99,2,1,0.9525567293167114,0.047443270683288574,0.0
5727e9523acd2414000def99,2,2,0.9442046880722046,0.05579531192779541,0.0
5727e9523acd2414000def99,2,3,0.9419272541999817,0.05807274580001831,0.0
5727e9523acd2414000def99,2,4,0.9277521371841431,0.07224786281585693,0.0
5727e9523acd2414000def99,2,5,0.9250743985176086,0.07492560148239136,0.0
5727e9523acd2414000def99,2,6,0.9359164834022522,0.0640835165977478,0.0
5727e9523acd2414000def99,2,7,0.9360032677650452,0.06399673223495483,0.0
5727e9523acd2414000def99,2,8,0.9277061820030212,0.07229381799697876,0.0
5727e9523acd2414000def99,2,9,0.9198046922683716,0.08019530773162842,0.0
5727e9523acd2414000def99,2,10,0.9110409617424011,0.08895903825759888,0.0
5727e9523acd2414000def99,2,11,0.929578423500061,0.07042157649993896,0.0
5727e9523acd2414000def99,2,12,0.9270254969596863,0.07297450304031372,0.0
5727e9523acd2414000def99,2,13,0.943217933177948,0.056782066822052,0.0
5727e9523acd2414000def99,2,14,0.9398857355117798,0.060114264488220215,0.0
5727e9523acd2414000def99,2,15,0.9455087780952454,0.05449122190475464,0.0
5727e9523acd2414000def99,2,16,0.9451894760131836,0.054810523986816406,0.0
5727e9523acd2414000def99,2,17,0.9504181742668152,0.049581825733184814,0.0
5727e9523acd2414000def99,2,18,0.9476697444915771,0.05233025550842285,0.0
5727e9523acd2414000def99,2,19,0.9483453035354614,0.051654696464538574,0.0
5727e9523acd2414000def99,2,20,0.9523063898086548,0.047693610191345215,0.0
5727e9523acd2414000def99,2,21,0.9538962841033936,0.046103715896606445,0.0
5727e9523acd2414000def99,2,22,0.9527846574783325,0.04721534252166748,0.0
5727e9523acd2414000def99,2,23,0.9487152695655823,0.051284730434417725,0.0
5727e9523acd2414000def99,2,24,0.9548426270484924,0.04515737295150757,0.0
5727e9523acd2414000def99,2,25,0.9630817174911499,0.0369182825088501,0.0
5727e9523acd2414000def99,2,26,0.9621866941452026,0.03781330585479736,0.0
5727e9523acd2414000def99,2,27,0.9648727178573608,0.03512728214263916,0.0
5727e9523acd2414000def99,2,28,0.965075671672821,0.034924328327178955,0.0
5727e9523acd2414000def99,2,29,0.9675893783569336,0.032410621643066406,0.0
5727e9523acd2414000def99,2,30,0.9695635437965393,0.030436456203460693,0.0
5727e9523acd2414000def99,2,31,0.9743009209632874,0.025699079036712646,0.0
5727e9523acd2414000def99,2,32,0.9771723747253418,0.022827625274658203,0.0
5727e9523acd2414000def99,2,33,0.9739636778831482,0.026036322116851807,0.0
5727e9523acd2414000def99,2,34,0.9740740656852722,0.025925934314727783,0.0
5727e9523acd2414000def99,2,35,0.9813634753227234,0.01863652467727661,0.0
5727e9523acd2414000def99,2,36,0.9247356653213501,0.0752643346786499,0.0
5727e9523acd2414000def99,3,0,0.6851881742477417,0.3148118257522583,0.0
5727e9523acd2414000def99,3,1,0.9323533177375793,0.06764668226242065,0.0
5727e9523acd2414000def99,3,2,0.9212097525596619,0.07879024744033813,0.0
5727e9523acd2414000def99,3,3,0.9161451458930969,0.08385485410690308,0.0
5727e9523acd2414000def99,3,4,0.8943321704864502,0.1056678295135498,0.0
5727e9523acd2414000def99,3,5,0.8844185471534729,0.1155814528465271,0.0
5727e9523acd2414000def99,3,6,0.9009695649147034,0.09903043508529663,0.0
5727e9523acd2414000def99,3,7,0.9044239521026611,0.09557604789733887,0.0
5727e9523acd2414000def99,3,8,0.8920946717262268,0.1079053282737732,0.0
5727e9523acd2414000def99,3,9,0.8793958425521851,0.12060415744781494,0.0
5727e9523acd2414000def99,3,10,0.8636026978492737,0.13639730215072632,0.0
5727e9523acd2414000def99,3,11,0.8910441398620605,0.10895586013793945,0.0
5727e9523acd2414000def99,3,12,0.8894143104553223,0.11058568954467773,0.0
5727e9523acd2414000def99,3,13,0.9128385782241821,0.08716142177581787,0.0
5727e9523acd2414000def99,3,14,0.9068407416343689,0.0931592583656311,0.0
5727e9523acd2414000def99,3,15,0.9150409698486328,0.08495903015136719,0.0
5727e9523acd2414000def99,3,16,0.9152064919471741,0.08479350805282593,0.0
5727e9523acd2414000def99,3,17,0.9236229062080383,0.07637709379196167,0.0
5727e9523acd2414000def99,3,18,0.9215677380561829,0.07843226194381714,0.0
5727e9523acd2414000def99,3,19,0.9209727048873901,0.07902729511260986,0.0
5727e9523acd2414000def99,3,20,0.9262386560440063,0.07376134395599365,0.0
5727e9523acd2414000def99,3,21,0.9283725023269653,0.07162749767303467,0.0
5727e9523acd2414000def99,3,22,0.9264271259307861,0.07357287406921387,0.0
5727e9523acd2414000def99,3,23,0.9211313724517822,0.07886862754821777,0.0
5727e9523acd2414000def99,3,24,0.9303226470947266,0.06967735290527344,0.0
5727e9523acd2414000def99,3,25,0.9451002478599548,0.054899752140045166,0.0
5727e9523acd2414000def99,3,26,0.9455757141113281,0.054424285888671875,0.0
5727e9523acd2414000def99,3,27,0.9508742690086365,0.049125730991363525,0.0
5727e9523acd2414000def99,3,28,0.9502078294754028,0.04979217052459717,0.0
5727e9523acd2414000def99,3,29,0.9541391134262085,0.045860886573791504,0.0
5727e9523acd2414000def99,3,30,0.9573078155517578,0.04269218444824219,0.0
5727e9523acd2414000def99,3,31,0.9635374546051025,0.03646254539489746,0.0
5727e9523acd2414000def99,3,32,0.96845942735672,0.03154057264328003,0.0
5727e9523acd2414000def99,3,33,0.9647868275642395,0.0352131724357605,0.0
5727e9523acd2414000def99,3,34,0.9634924530982971,0.03650754690170288,0.0
5727e9523acd2414000def99,3,35,0.9732136130332947,0.026786386966705322,0.0
5727e9523acd2414000def99,3,36,0.8847141265869141,0.11528587341308594,0.0
5727f44c2ca10214002d9a33,1,0,0.8860711455345154,0.11392885446548462,0.0
5727f44c2ca10214002d9a33,1,1,0.9785847663879395,0.021415233612060547,0.0
5727f44c2ca10214002d9a33,1,2,0.9903902411460876,0.009609758853912354,0.0
5727f44c2ca10214002d9a33,1,3,0.9886245131492615,0.011375486850738525,0.0
5727f44c2ca10214002d9a33,1,4,0.9837543368339539,0.016245663166046143,0.0
5727f44c2ca10214002d9a33,1,5,0.979232907295227,0.02076709270477295,0.0
5727f44c2ca10214002d9a33,1,6,0.9766904711723328,0.023309528827667236,0.0
5727f44c2ca10214002d9a33,1,7,0.9583532810211182,0.041646718978881836,0.0
5727f44c2ca10214002d9a33,1,8,0.9560191631317139,0.04398083686828613,0.0
5727f44c2ca10214002d9a33,1,9,0.9539109468460083,0.0460890531539917,0.0
5727f44c2ca10214002d9a33,1,10,0.9522250294685364,0.04777497053146362,0.0
5727f44c2ca10214002d9a33,1,11,0.9637575149536133,0.03624248504638672,0.0
5727f44c2ca10214002d9a33,1,12,0.9658346772193909,0.03416532278060913,0.0
5727f44c2ca10214002d9a33,1,13,0.9722087979316711,0.027791202068328857,0.0
5727f44c2ca10214002d9a33,1,14,0.9729871153831482,0.027012884616851807,0.0
5727f44c2ca10214002d9a33,1,15,0.9764738082885742,0.02352619171142578,0.0
5727f44c2ca10214002d9a33,1,16,0.9786742925643921,0.02132570743560791,0.0
5727f44c2ca10214002d9a33,1,17,0.9792131781578064,0.020786821842193604,0.0
5727f44c2ca10214002d9a33,1,18,0.9796737432479858,0.02032625675201416,0.0
5727f44c2ca10214002d9a33,1,19,0.9804611206054688,0.01953887939453125,0.0
5727f44c2ca10214002d9a33,1,20,0.9817479848861694,0.018252015113830566,0.0
5727f44c2ca10214002d9a33,1,21,0.9818816184997559,0.01811838150024414,0.0
5727f44c2ca10214002d9a33,1,22,0.981765627861023,0.01823437213897705,0.0
5727f44c2ca10214002d9a33,1,23,0.9797667264938354,0.02023327350616455,0.0
5727f44c2ca10214002d9a33,1,24,0.9842615723609924,0.01573842763900757,0.0
5727f44c2ca10214002d9a33,1,25,0.9892644882202148,0.010735511779785156,0.0
5727f44c2ca10214002d9a33,1,26,0.9895249009132385,0.010475099086761475,0.0
5727f44c2ca10214002d9a33,1,27,0.9907646179199219,0.009235382080078125,0.0
5727f44c2ca10214002d9a33,1,28,0.9891507625579834,0.010849237442016602,0.0
5727f44c2ca10214002d9a33,1,29,0.9888817667961121,0.01111823320388794,0.0
5727f44c2ca10214002d9a33,1,30,0.9903420209884644,0.009657979011535645,0.0
5727f44c2ca10214002d9a33,1,31,0.9903185963630676,0.009681403636932373,0.0
5727f44c2ca10214002d9a33,1,32,0.9910983443260193,0.008901655673980713,0.0
5727f44c2ca10214002d9a33,1,33,0.9893984198570251,0.010601580142974854,0.0
5727f44c2ca10214002d9a33,1,34,0.9888865947723389,0.011113405227661133,0.0
5727f44c2ca10214002d9a33,1,35,0.9914198517799377,0.008580148220062256,0.0
5727f44c2ca10214002d9a33,1,36,0.9528474807739258,0.04715251922607422,0.0
5727f44c2ca10214002d9a33,2,0,0.7186017036437988,0.28139829635620117,0.0
5727f44c2ca10214002d9a33,2,1,0.9434162378311157,0.05658376216888428,0.0
5727f44c2ca10214002d9a33,2,2,0.9701717495918274,0.029828250408172607,0.0
5727f44c2ca10214002d9a33,2,3,0.9649489521980286,0.035051047801971436,0.0
5727f44c2ca10214002d9a33,2,4,0.949146032333374,0.05085396766662598,0.0
5727f44c2ca10214002d9a33,2,5,0.9382904171943665,0.061709582805633545,0.0
5727f44c2ca10214002d9a33,2,6,0.9331822395324707,0.0668177604675293,0.0
5727f44c2ca10214002d9a33,2,7,0.8861364126205444,0.11386358737945557,0.0
5727f44c2ca10214002d9a33,2,8,0.8782693147659302,0.12173068523406982,0.0
5727f44c2ca10214002d9a33,2,9,0.8766784071922302,0.12332159280776978,0.0
5727f44c2ca10214002d9a33,2,10,0.8815823793411255,0.11841762065887451,0.0
5727f44c2ca10214002d9a33,2,11,0.8928704857826233,0.10712951421737671,0.0
5727f44c2ca10214002d9a33,2,12,0.8897625207901001,0.1102374792098999,0.0
5727f44c2ca10214002d9a33,2,13,0.906467854976654,0.09353214502334595,0.0
5727f44c2ca10214002d9a33,2,14,0.8999636769294739,0.10003632307052612,0.0
5727f44c2ca10214002d9a33,2,15,0.9079235792160034,0.09207642078399658,0.0
5727f44c2ca10214002d9a33,2,16,0.9125389456748962,0.08746105432510376,0.0
5727f44c2ca10214002d9a33,2,17,0.9102466106414795,0.08975338935852051,0.0
5727f44c2ca10214002d9a33,2,18,0.9116525053977966,0.08834749460220337,0.0
5727f44c2ca10214002d9a33,2,19,0.9136600494384766,0.08633995056152344,0.0
5727f44c2ca10214002d9a33,2,20,0.9165520668029785,0.08344793319702148,0.0
5727f44c2ca10214002d9a33,2,21,0.9158565998077393,0.08414340019226074,0.0
5727f44c2ca10214002d9a33,2,22,0.9104431867599487,0.08955681324005127,0.0
5727f44c2ca10214002d9a33,2,23,0.8901301026344299,0.10986989736557007,0.0
5727f44c2ca10214002d9a33,2,24,0.9008901715278625,0.09910982847213745,0.0
5727f44c2ca10214002d9a33,2,25,0.92667555809021,0.07332444190979004,0.0
5727f44c2ca10214002d9a33,2,26,0.9260089993476868,0.07399100065231323,0.0
5727f44c2ca10214002d9a33,2,27,0.9313148260116577,0.06868517398834229,0.0
5727f44c2ca10214002d9a33,2,28,0.9269793033599854,0.07302069664001465,0.0
5727f44c2ca10214002d9a33,2,29,0.9261817932128906,0.07381820678710938,0.0
5727f44c2ca10214002d9a33,2,30,0.9347895383834839,0.06521046161651611,0.0
5727f44c2ca10214002d9a33,2,31,0.938442587852478,0.06155741214752197,0.0
5727f44c2ca10214002d9a33,2,32,0.945298969745636,0.054701030254364014,0.0
5727f44c2ca10214002d9a33,2,33,0.9463913440704346,0.05360865592956543,0.0
5727f44c2ca10214002d9a33,2,34,0.9507957696914673,0.049204230308532715,0.0
5727f44c2ca10214002d9a33,2,35,0.9630662798881531,0.036933720111846924,0.0
5727f44c2ca10214002d9a33,2,36,0.7806041836738586,0.21939581632614136,0.0
5727f44c2ca10214002d9a33,3,0,0.5812405347824097,0.41875946521759033,0.0
5727f44c2ca10214002d9a33,3,1,0.908250093460083,0.09174990653991699,0.0
5727f44c2ca10214002d9a33,3,2,0.9539794325828552,0.046020567417144775,0.0
5727f44c2ca10214002d9a33,3,3,0.9454031586647034,0.05459684133529663,0.0
5727f44c2ca10214002d9a33,3,4,0.9164385199546814,0.0835614800453186,0.0
5727f44c2ca10214002d9a33,3,5,0.9015441536903381,0.09845584630966187,0.0
5727f44c2ca10214002d9a33,3,6,0.892067015171051,0.10793298482894897,0.0
5727f44c2ca10214002d9a33,3,7,0.8258081078529358,0.1741918921470642,0.0
5727f44c2ca10214002d9a33,3,8,0.8164175152778625,0.18358248472213745,0.0
5727f44c2ca10214002d9a33,3,9,0.8072139620780945,0.19278603792190552,0.0
5727f44c2ca10214002d9a33,3,10,0.8073033094406128,0.1926966905593872,0.0
5727f44c2ca10214002d9a33,3,11,0.8239131569862366,0.17608684301376343,0.0
5727f44c2ca10214002d9a33,3,12,0.812350869178772,0.18764913082122803,0.0
5727f44c2ca10214002d9a33,3,13,0.8426992893218994,0.15730071067810059,0.0
5727f44c2ca10214002d9a33,3,14,0.8250828981399536,0.1749171018600464,0.0
5727f44c2ca10214002d9a33,3,15,0.8468590378761292,0.15314096212387085,0.0
5727f44c2ca10214002d9a33,3,16,0.8471889495849609,0.15281105041503906,0.0
5727f44c2ca10214002d9a33,3,17,0.8449554443359375,0.1550445556640625,0.0
5727f44c2ca10214002d9a33,3,18,0.8522508144378662,0.1477491855621338,0.0
5727f44c2ca10214002d9a33,3,19,0.8595115542411804,0.14048844575881958,0.0
5727f44c2ca10214002d9a33,3,20,0.8660845756530762,0.13391542434692383,0.0
5727f44c2ca10214002d9a33,3,21,0.8657428622245789,0.13425713777542114,0.0
5727f44c2ca10214002d9a33,3,22,0.8592601418495178,0.14073985815048218,0.0
5727f44c2ca10214002d9a33,3,23,0.831691324710846,0.16830867528915405,0.0
5727f44c2ca10214002d9a33,3,24,0.8552021980285645,0.14479780197143555,0.0
5727f44c2ca10214002d9a33,3,25,0.8931537866592407,0.10684621334075928,0.0
5727f44c2ca10214002d9a33,3,26,0.8943292498588562,0.1056707501411438,0.0
5727f44c2ca10214002d9a33,3,27,0.9026033282279968,0.09739667177200317,0.0
5727f44c2ca10214002d9a33,3,28,0.8983604907989502,0.1016395092010498,0.0
5727f44c2ca10214002d9a33,3,29,0.9010013341903687,0.09899866580963135,0.0
5727f44c2ca10214002d9a33,3,30,0.912199079990387,0.08780092000961304,0.0
5727f44c2ca10214002d9a33,3,31,0.916924774646759,0.08307522535324097,0.0
5727f44c2ca10214002d9a33,3,32,0.926842451095581,0.07315754890441895,0.0
5727f44c2ca10214002d9a33,3,33,0.9289481043815613,0.07105189561843872,0.0
5727f44c2ca10214002d9a33,3,34,0.9336615204811096,0.06633847951889038,0.0
5727f44c2ca10214002d9a33,3,35,0.948769748210907,0.05123025178909302,0.0
5727f44c2ca10214002d9a33,3,36,0.6881853938102722,0.3118146061897278,0.0
5727f746ff5b5019007d9960,1,0,0.9380708336830139,0.061929166316986084,0.0
5727f746ff5b5019007d9960,1,1,0.9844464063644409,0.015553593635559082,0.0
5727f746ff5b5019007d9960,1,2,0.9876049757003784,0.012395024299621582,0.0
5727f746ff5b5019007d9960,1,3,0.9870381951332092,0.012961804866790771,0.0
5727f746ff5b5019007d9960,1,4,0.985332190990448,0.014667809009552002,0.0
5727f746ff5b5019007d9960,1,5,0.9814301133155823,0.018569886684417725,0.0
5727f746ff5b5019007d9960,1,6,0.9799086451530457,0.020091354846954346,0.0
5727f746ff5b5019007d9960,1,7,0.9684786796569824,0.03152132034301758,0.0
5727f746ff5b5019007d9960,1,8,0.9618622064590454,0.03813779354095459,0.0
5727f746ff5b5019007d9960,1,9,0.952946126461029,0.04705387353897095,0.0
5727f746ff5b5019007d9960,1,10,0.9526553750038147,0.0473446249961853,0.0
5727f746ff5b5019007d9960,1,11,0.9562751054763794,0.043724894523620605,0.0
5727f746ff5b5019007d9960,1,12,0.9586041569709778,0.04139584302902222,0.0
5727f746ff5b5019007d9960,1,13,0.9652379155158997,0.03476208448410034,0.0
5727f746ff5b5019007d9960,1,14,0.9663711786270142,0.03362882137298584,0.0
5727f746ff5b5019007d9960,1,15,0.9666834473609924,0.03331655263900757,0.0
5727f746ff5b5019007d9960,1,16,0.9682422876358032,0.03175771236419678,0.0
5727f746ff5b5019007d9960,1,17,0.9674022197723389,0.03259778022766113,0.0
5727f746ff5b5019007d9960,1,18,0.9662503004074097,0.03374969959259033,0.0
5727f746ff5b5019007d9960,1,19,0.9688933491706848,0.031106650829315186,0.0
5727f746ff5b5019007d9960,1,20,0.9707943797111511,0.029205620288848877,0.0
5727f746ff5b5019007d9960,1,21,0.9695819020271301,0.030418097972869873,0.0
5727f746ff5b5019007d9960,1,22,0.9689232110977173,0.031076788902282715,0.0
5727f746ff5b5019007d9960,1,23,0.9667673707008362,0.03323262929916382,0.0
5727f746ff5b5019007d9960,1,24,0.969150185585022,0.030849814414978027,0.0
5727f746ff5b5019007d9960,1,25,0.9771131277084351,0.02288687229156494,0.0
5727f746ff5b5019007d9960,1,26,0.977833092212677,0.022166907787322998,0.0
5727f746ff5b5019007d9960,1,27,0.9805232882499695,0.019476711750030518,0.0
5727f746ff5b5019007d9960,1,28,0.9807693958282471,0.01923060417175293,0.0
5727f746ff5b5019007d9960,1,29,0.9817208051681519,0.018279194831848145,0.0
5727f746ff5b5019007d9960,1,30,0.9853599667549133,0.01464003324508667,0.0
5727f746ff5b5019007d9960,1,31,0.9864373207092285,0.013562679290771484,0.0
5727f746ff5b5019007d9960,1,32,0.9888465404510498,0.011153459548950195,0.0
5727f746ff5b5019007d9960,1,33,0.9889909625053406,0.011009037494659424,0.0
5727f746ff5b5019007d9960,1,34,0.989683210849762,0.010316789150238037,0.0
5727f746ff5b5019007d9960,1,35,0.9931313395500183,0.0068686604499816895,0.0
5727f746ff5b5019007d9960,1,36,0.9780626893043518,0.021937310695648193,0.0
5727f746ff5b5019007d9960,2,0,0.8600804209709167,0.13991957902908325,0.0
5727f746ff5b5019007d9960,2,1,0.9686385989189148,0.031361401081085205,0.0
5727f746ff5b5019007d9960,2,2,0.9741485118865967,0.02585148811340332,0.0
5727f746ff5b5019007d9960,2,3,0.9716067314147949,0.028393268585205078,0.0
5727f746ff5b5019007d9960,2,4,0.96512770652771,0.03487229347229004,0.0
5727f746ff5b5019007d9960,2,5,0.9569916725158691,0.04300832748413086,0.0
5727f746ff5b5019007d9960,2,6,0.9532153606414795,0.04678463935852051,0.0
5727f746ff5b5019007d9960,2,7,0.926885187625885,0.07311481237411499,0.0
5727f746ff5b5019007d9960,2,8,0.9135742783546448,0.08642572164535522,0.0
5727f746ff5b5019007d9960,2,9,0.9006016850471497,0.09939831495285034,0.0
5727f746ff5b5019007d9960,2,10,0.8924047350883484,0.10759526491165161,0.0
5727f746ff5b5019007d9960,2,11,0.8968725204467773,0.10312747955322266,0.0
5727f746ff5b5019007d9960,2,12,0.8972499966621399,0.10275000333786011,0.0
5727f746ff5b5019007d9960,2,13,0.9148022532463074,0.08519774675369263,0.0
5727f746ff5b5019007d9960,2,14,0.9125776886940002,0.08742231130599976,0.0
5727f746ff5b5019007d9960,2,15,0.9168199300765991,0.08318006992340088,0.0
5727f746ff5b5019007d9960,2,16,0.9191100001335144,0.0808899998664856,0.0
5727f746ff5b5019007d9960,2,17,0.92079758644104,0.07920241355895996,0.0
5727f746ff5b5019007d9960,2,18,0.9184788465499878,0.08152115345001221,0.0
5727f746ff5b5019007d9960,2,19,0.9254438877105713,0.07455611228942871,0.0
5727f746ff5b5019007d9960,2,20,0.9296614527702332,0.07033854722976685,0.0
5727f746ff5b5019007d9960,2,21,0.9266228675842285,0.07337713241577148,0.0
5727f746ff5b5019007d9960,2,22,0.9252450466156006,0.07475495338439941,0.0
5727f746ff5b5019007d9960,2,23,0.9180320501327515,0.08196794986724854,0.0
5727f746ff5b5019007d9960,2,24,0.9303511381149292,0.0696488618850708,0.0
5727f746ff5b5019007d9960,2,25,0.9478240609169006,0.052175939083099365,0.0
5727f746ff5b5019007d9960,2,26,0.9482306838035583,0.05176931619644165,0.0
5727f746ff5b5019007d9960,2,27,0.9546729326248169,0.045327067375183105,0.0
5727f746ff5b5019007d9960,2,28,0.954908549785614,0.045091450214385986,0.0
5727f746ff5b5019007d9960,2,29,0.9551054835319519,0.044894516468048096,0.0
5727f746ff5b5019007d9960,2,30,0.964460551738739,0.035539448261260986,0.0
5727f746ff5b5019007d9960,2,31,0.9665703177452087,0.03342968225479126,0.0
5727f746ff5b5019007d9960,2,32,0.9720023274421692,0.02799767255783081,0.0
5727f746ff5b5019007d9960,2,33,0.9719712734222412,0.02802872657775879,0.0
5727f746ff5b5019007d9960,2,34,0.973730206489563,0.02626979351043701,0.0
5727f746ff5b5019007d9960,2,35,0.9816439747810364,0.018356025218963623,0.0
5727f746ff5b5019007d9960,2,36,0.9255805611610413,0.07441943883895874,0.0
5727f746ff5b5019007d9960,3,0,0.7918484807014465,0.20815151929855347,0.0
5727f746ff5b5019007d9960,3,1,0.9559164643287659,0.04408353567123413,0.0
5727f746ff5b5019007d9960,3,2,0.9645929336547852,0.035407066345214844,0.0
5727f746ff5b5019007d9960,3,3,0.9607269167900085,0.039273083209991455,0.0
5727f746ff5b5019007d9960,3,4,0.9507890939712524,0.04921090602874756,0.0
5727f746ff5b5019007d9960,3,5,0.9407804608345032,0.059219539165496826,0.0
5727f746ff5b5019007d9960,3,6,0.9351167678833008,0.06488323211669922,0.0
5727f746ff5b5019007d9960,3,7,0.9032679796218872,0.09673202037811279,0.0
5727f746ff5b5019007d9960,3,8,0.8871303796768188,0.11286962032318115,0.0
5727f746ff5b5019007d9960,3,9,0.8746992349624634,0.12530076503753662,0.0
5727f746ff5b5019007d9960,3,10,0.863251268863678,0.13674873113632202,0.0
5727f746ff5b5019007d9960,3,11,0.868662416934967,0.13133758306503296,0.0
5727f746ff5b5019007d9960,3,12,0.8688880801200867,0.13111191987991333,0.0
5727f746ff5b5019007d9960,3,13,0.8917736411094666,0.10822635889053345,0.0
5727f746ff5b5019007d9960,3,14,0.8873473405838013,0.11265265941619873,0.0
5727f746ff5b5019007d9960,3,15,0.8951898813247681,0.10481011867523193,0.0
5727f746ff5b5019007d9960,3,16,0.8977096676826477,0.1022903323173523,0.0
5727f746ff5b5019007d9960,3,17,0.8999455571174622,0.10005444288253784,0.0
5727f746ff5b5019007d9960,3,18,0.8967656493186951,0.10323435068130493,0.0
5727f746ff5b5019007d9960,3,19,0.9044950008392334,0.0955049991607666,0.0
5727f746ff5b5019007d9960,3,20,0.9109967947006226,0.08900320529937744,0.0
5727f746ff5b5019007d9960,3,21,0.9088078737258911,0.09119212627410889,0.0
5727f746ff5b5019007d9960,3,22,0.9069714546203613,0.09302854537963867,0.0
5727f746ff5b5019007d9960,3,23,0.8980453014373779,0.10195469856262207,0.0
5727f746ff5b5019007d9960,3,24,0.915229856967926,0.08477014303207397,0.0
5727f746ff5b5019007d9960,3,25,0.9362812638282776,0.06371873617172241,0.0
5727f746ff5b5019007d9960,3,26,0.9372044801712036,0.06279551982879639,0.0
5727f746ff5b5019007d9960,3,27,0.9447271227836609,0.05527287721633911,0.0
5727f746ff5b5019007d9960,3,28,0.9446404576301575,0.05535954236984253,0.0
5727f746ff5b5019007d9960,3,29,0.945844829082489,0.054155170917510986,0.0
5727f746ff5b5019007d9960,3,30,0.9570742845535278,0.04292571544647217,0.0
5727f746ff5b5019007d9960,3,31,0.9607937932014465,0.03920620679855347,0.0
5727f746ff5b5019007d9960,3,32,0.9668311476707458,0.03316885232925415,0.0
5727f746ff5b5019007d9960,3,33,0.9669830203056335,0.033016979694366455,0.0
5727f746ff5b5019007d9960,3,34,0.9685890078544617,0.03141099214553833,0.0
5727f746ff5b5019007d9960,3,35,0.9780839681625366,0.02191603183746338,0.0
5727f746ff5b5019007d9960,3,36,0.9138468503952026,0.08615314960479736,0.0
5728455bff5b5019007da078,1,0,0.940889835357666,0.059110164642333984,0.0
5728455bff5b5019007da078,1,1,0.9931115508079529,0.006888449192047119,0.0
5728455bff5b5019007da078,1,2,0.9924019575119019,0.0075980424880981445,0.0
5728455bff5b5019007da078,1,3,0.991346001625061,0.008653998374938965,0.0
5728455bff5b5019007da078,1,4,0.9875455498695374,0.012454450130462646,0.0
5728455bff5b5019007da078,1,5,0.9862664341926575,0.01373356580734253,0.0
5728455bff5b5019007da078,1,6,0.9877218008041382,0.012278199195861816,0.0
5728455bff5b5019007da078,1,7,0.9869152307510376,0.013084769248962402,0.0
5728455bff5b5019007da078,1,8,0.9859465956687927,0.014053404331207275,0.0
5728455bff5b5019007da078,1,9,0.9860523343086243,0.013947665691375732,0.0
5728455bff5b5019007da078,1,10,0.9865700602531433,0.01342993974685669,0.0
5728455bff5b5019007da078,1,11,0.9897629618644714,0.010237038135528564,0.0
5728455bff5b5019007da078,1,12,0.9888055920600891,0.011194407939910889,0.0
5728455bff5b5019007da078,1,13,0.9915077686309814,0.008492231369018555,0.0
5728455bff5b5019007da078,1,14,0.9910339713096619,0.008966028690338135,0.0
5728455bff5b5019007da078,1,15,0.9923844933509827,0.007615506649017334,0.0
5728455bff5b5019007da078,1,16,0.9923035502433777,0.0076964497566223145,0.0
5728455bff5b5019007da078,1,17,0.9929741621017456,0.0070258378982543945,0.0
5728455bff5b5019007da078,1,18,0.9925314784049988,0.007468521595001221,0.0
5728455bff5b5019007da078,1,19,0.9930710196495056,0.006928980350494385,0.0
5728455bff5b5019007da078,1,20,0.9936317205429077,0.006368279457092285,0.0
5728455bff5b5019007da078,1,21,0.9932417273521423,0.006758272647857666,0.0
5728455bff5b5019007da078,1,22,0.9931986331939697,0.0068013668060302734,0.0
5728455bff5b5019007da078,1,23,0.9922095537185669,0.0077904462814331055,0.0
5728455bff5b5019007da078,1,24,0.9927922487258911,0.007207751274108887,0.0
5728455bff5b5019007da078,1,25,0.9947931170463562,0.005206882953643799,0.0
5728455bff5b5019007da078,1,26,0.9948261380195618,0.005173861980438232,0.0
5728455bff5b5019007da078,1,27,0.9951571226119995,0.004842877388000488,0.0
5728455bff5b5019007da078,1,28,0.9947075843811035,0.005292415618896484,0.0
5728455bff5b5019007da078,1,29,0.9944064617156982,0.005593538284301758,0.0
5728455bff5b5019007da078,1,30,0.9952874183654785,0.004712581634521484,0.0
5728455bff5b5019007da078,1,31,0.9949411749839783,0.0050588250160217285,0.0
5728455bff5b5019007da078,1,32,0.9954724907875061,0.0045275092124938965,0.0
5728455bff5b5019007da078,1,33,0.9950217008590698,0.004978299140930176,0.0
5728455bff5b5019007da078,1,34,0.9948602318763733,0.005139768123626709,0.0
5728455bff5b5019007da078,1,35,0.9961878061294556,0.0038121938705444336,0.0
5728455bff5b5019007da078,1,36,0.9841737747192383,0.01582622528076172,0.0
5728455bff5b5019007da078,2,0,0.8924165368080139,0.10758346319198608,0.5
5728455bff5b5019007da078,2,1,0.9834649562835693,0.016535043716430664,0.5
5728455bff5b5019007da078,2,2,0.9789630174636841,0.021036982536315918,0.5
5728455bff5b5019007da078,2,3,0.9727133512496948,0.027286648750305176,0.5
5728455bff5b5019007da078,2,4,0.9656277894973755,0.03437221050262451,0.5
5728455bff5b5019007da078,2,5,0.9661667943000793,0.033833205699920654,0.5
5728455bff5b5019007da078,2,6,0.9672023057937622,0.03279769420623779,0.5
5728455bff5b5019007da078,2,7,0.962373673915863,0.03762632608413696,0.5
5728455bff5b5019007da078,2,8,0.9549968242645264,0.04500317573547363,0.5
5728455bff5b5019007da078,2,9,0.9472469091415405,0.05275309085845947,0.5
5728455bff5b5019007da078,2,10,0.9402777552604675,0.05972224473953247,0.5
5728455bff5b5019007da078,2,11,0.945454478263855,0.05454552173614502,0.5
5728455bff5b5019007da078,2,12,0.9404879212379456,0.05951207876205444,0.5
5728455bff5b5019007da078,2,13,0.9508189558982849,0.04918104410171509,0.5
5728455bff5b5019007da078,2,14,0.9414373636245728,0.058562636375427246,0.5
5728455bff5b5019007da078,2,15,0.9458099007606506,0.054190099239349365,0.5
5728455bff5b5019007da078,2,16,0.9427877068519592,0.05721229314804077,0.5
5728455bff5b5019007da078,2,17,0.9419111609458923,0.058088839054107666,0.5
5728455bff5b5019007da078,2,18,0.9425593018531799,0.05744069814682007,0.5
5728455bff5b5019007da078,2,19,0.9461883902549744,0.053811609745025635,0.5
5728455bff5b5019007da078,2,20,0.9455628991127014,0.054437100887298584,0.5
5728455bff5b5019007da078,2,21,0.9442923665046692,0.05570763349533081,0.5
5728455bff5b5019007da078,2,22,0.9435627460479736,0.05643725395202637,0.5
5728455bff5b5019007da078,2,23,0.9326583743095398,0.0673416256904602,0.5
5728455bff5b5019007da078,2,24,0.9357191324234009,0.06428086757659912,0.5
5728455bff5b5019007da078,2,25,0.954689085483551,0.045310914516448975,0.5
5728455bff5b5019007da078,2,26,0.9552252888679504,0.04477471113204956,0.5
5728455bff5b5019007da078,2,27,0.9614159464836121,0.03858405351638794,0.5
5728455bff5b5019007da078,2,28,0.9591658711433411,0.040834128856658936,0.5
5728455bff5b5019007da078,2,29,0.9610058665275574,0.03899413347244263,0.5
5728455bff5b5019007da078,2,30,0.9666875600814819,0.033312439918518066,0.5
5728455bff5b5019007da078,2,31,0.968425989151001,0.03157401084899902,0.5
5728455bff5b5019007da078,2,32,0.9710520505905151,0.028947949409484863,0.5
5728455bff5b5019007da078,2,33,0.9694184064865112,0.03058159351348877,0.5
5728455bff5b5019007da078,2,34,0.9740503430366516,0.02594965696334839,0.5
5728455bff5b5019007da078,2,35,0.9813146591186523,0.018685340881347656,0.5
5728455bff5b5019007da078,2,36,0.9037505388259888,0.09624946117401123,0.5
5728455bff5b5019007da078,3,0,0.8019059896469116,0.19809401035308838,0.5
5728455bff5b5019007da078,3,1,0.9666619896888733,0.03333801031112671,0.5
5728455bff5b5019007da078,3,2,0.9563947319984436,0.043605268001556396,0.5
5728455bff5b5019007da078,3,3,0.9470060467720032,0.052993953227996826,0.5
5728455bff5b5019007da078,3,4,0.9317037463188171,0.06829625368118286,0.5
5728455bff5b5019007da078,3,5,0.928197979927063,0.07180202007293701,0.5
5728455bff5b5019007da078,3,6,0.9342515468597412,0.06574845314025879,0.5
5728455bff5b5019007da078,3,7,0.927353024482727,0.07264697551727295,0.5
5728455bff5b5019007da078,3,8,0.9189314842224121,0.08106851577758789,0.5
5728455bff5b5019007da078,3,9,0.9023360013961792,0.0976639986038208,0.5
5728455bff5b5019007da078,3,10,0.8968188762664795,0.10318112373352051,0.5
5728455bff5b5019007da078,3,11,0.9058462381362915,0.0941537618637085,0.5
5728455bff5b5019007da078,3,12,0.900775134563446,0.09922486543655396,0.5
5728455bff5b5019007da078,3,13,0.9196661114692688,0.0803338885307312,0.5
5728455bff5b5019007da078,3,14,0.9045363068580627,0.09546369314193726,0.5
5728455bff5b5019007da078,3,15,0.9138293266296387,0.08617067337036133,0.5
5728455bff5b5019007da078,3,16,0.908711850643158,0.09128814935684204,0.5
5728455bff5b5019007da078,3,17,0.9072461128234863,0.09275388717651367,0.5
5728455bff5b5019007da078,3,18,0.9076228141784668,0.0923771858215332,0.5
5728455bff5b5019007da078,3,19,0.913692057132721,0.08630794286727905,0.5
5728455bff5b5019007da078,3,20,0.9143816232681274,0.08561837673187256,0.5
5728455bff5b5019007da078,3,21,0.9149606823921204,0.08503931760787964,0.5
5728455bff5b5019007da078,3,22,0.9136307835578918,0.08636921644210815,0.5
5728455bff5b5019007da078,3,23,0.8981013894081116,0.10189861059188843,0.5
5728455bff5b5019007da078,3,24,0.9059407711029053,0.09405922889709473,0.5
5728455bff5b5019007da078,3,25,0.9332945942878723,0.06670540571212769,0.5
5728455bff5b5019007da078,3,26,0.9350221157073975,0.06497788429260254,0.5
5728455bff5b5019007da078,3,27,0.9451714158058167,0.05482858419418335,0.5
5728455bff5b5019007da078,3,28,0.9414002895355225,0.05859971046447754,0.5
5728455bff5b5019007da078,3,29,0.9456282258033752,0.054371774196624756,0.5
5728455bff5b5019007da078,3,30,0.9524340629577637,0.04756593704223633,0.5
5728455bff5b5019007da078,3,31,0.9537225961685181,0.046277403831481934,0.5
5728455bff5b5019007da078,3,32,0.9566131234169006,0.043386876583099365,0.5
5728455bff5b5019007da078,3,33,0.9545653462409973,0.045434653759002686,0.5
5728455bff5b5019007da078,3,34,0.9589512944221497,0.04104870557785034,0.5
5728455bff5b5019007da078,3,35,0.9673624634742737,0.03263753652572632,0.5
5728455bff5b5019007da078,3,36,0.8534142374992371,0.14658576250076294,0.5
5728d5793acd2414000dffb7,1,0,0.8900913000106812,0.10990869998931885,0.0
5728d5793acd2414000dffb7,1,1,0.9817349314689636,0.018265068531036377,0.0
5728d5793acd2414000dffb7,1,2,0.9812342524528503,0.018765747547149658,0.0
5728d5793acd2414000dffb7,1,3,0.9756689667701721,0.02433103322982788,0.0
5728d5793acd2414000dffb7,1,4,0.9731799960136414,0.026820003986358643,0.0
5728d5793acd2414000dffb7,1,5,0.9737186431884766,0.026281356811523438,0.0
5728d5793acd2414000dffb7,1,6,0.9734583497047424,0.02654165029525757,0.0
5728d5793acd2414000dffb7,1,7,0.9706602096557617,0.02933979034423828,0.0
5728d5793acd2414000dffb7,1,8,0.9702960252761841,0.029703974723815918,0.0
5728d5793acd2414000dffb7,1,9,0.9686362147331238,0.03136378526687622,0.0
5728d5793acd2414000dffb7,1,10,0.9682111144065857,0.03178888559341431,0.0
5728d5793acd2414000dffb7,1,11,0.973227858543396,0.026772141456604004,0.0
5728d5793acd2414000dffb7,1,12,0.9739693999290466,0.02603060007095337,0.0
5728d5793acd2414000dffb7,1,13,0.9789789319038391,0.02102106809616089,0.0
5728d5793acd2414000dffb7,1,14,0.978848397731781,0.021151602268218994,0.0
5728d5793acd2414000dffb7,1,15,0.9807138442993164,0.019286155700683594,0.0
5728d5793acd2414000dffb7,1,16,0.9822171926498413,0.01778280735015869,0.0
5728d5793acd2414000dffb7,1,17,0.9838513731956482,0.016148626804351807,0.0
5728d5793acd2414000dffb7,1,18,0.9834999442100525,0.01650005578994751,0.0
5728d5793acd2414000dffb7,1,19,0.9837507605552673,0.016249239444732666,0.0
5728d5793acd2414000dffb7,1,20,0.9856639504432678,0.014336049556732178,0.0
5728d5793acd2414000dffb7,1,21,0.98460853099823,0.01539146900177002,0.0
5728d5793acd2414000dffb7,1,22,0.9833464622497559,0.01665353775024414,0.0
5728d5793acd2414000dffb7,1,23,0.98197340965271,0.01802659034729004,0.0
5728d5793acd2414000dffb7,1,24,0.9829533100128174,0.017046689987182617,0.0
5728d5793acd2414000dffb7,1,25,0.9863411784172058,0.01365882158279419,0.0
5728d5793acd2414000dffb7,1,26,0.9866676330566406,0.013332366943359375,0.0
5728d5793acd2414000dffb7,1,27,0.986752986907959,0.013247013092041016,0.0
5728d5793acd2414000dffb7,1,28,0.9867638349533081,0.013236165046691895,0.0
5728d5793acd2414000dffb7,1,29,0.9879456758499146,0.01205432415008545,0.0
5728d5793acd2414000dffb7,1,30,0.9885703325271606,0.011429667472839355,0.0
5728d5793acd2414000dffb7,1,31,0.9907035231590271,0.0092964768409729,0.0
5728d5793acd2414000dffb7,1,32,0.9916220307350159,0.00837796926498413,0.0
5728d5793acd2414000dffb7,1,33,0.9910337328910828,0.008966267108917236,0.0
5728d5793acd2414000dffb7,1,34,0.9911603331565857,0.008839666843414307,0.0
5728d5793acd2414000dffb7,1,35,0.9934519529342651,0.006548047065734863,0.0
5728d5793acd2414000dffb7,1,36,0.9788130521774292,0.0211869478225708,0.0
5728d5793acd2414000dffb7,2,0,0.7679317593574524,0.2320682406425476,0.11538461538461542
5728d5793acd2414000dffb7,2,1,0.9627830982208252,0.037216901779174805,0.11538461538461542
5728d5793acd2414000dffb7,2,2,0.9605361223220825,0.03946387767791748,0.11538461538461542
5728d5793acd2414000dffb7,2,3,0.9510261416435242,0.04897385835647583,0.11538461538461542
5728d5793acd2414000dffb7,2,4,0.9366116523742676,0.06338834762573242,0.11538461538461542
5728d5793acd2414000dffb7,2,5,0.9389088153839111,0.06109118461608887,0.11538461538461542
5728d5793acd2414000dffb7,2,6,0.9385045766830444,0.061495423316955566,0.11538461538461542
5728d5793acd2414000dffb7,2,7,0.9359144568443298,0.06408554315567017,0.11538461538461542
5728d5793acd2414000dffb7,2,8,0.9342564940452576,0.06574350595474243,0.11538461538461542
5728d5793acd2414000dffb7,2,9,0.9330231547355652,0.06697684526443481,0.11538461538461542
5728d5793acd2414000dffb7,2,10,0.9315739870071411,0.06842601299285889,0.11538461538461542
5728d5793acd2414000dffb7,2,11,0.9393384456634521,0.06066155433654785,0.11538461538461542
5728d5793acd2414000dffb7,2,12,0.9377421140670776,0.06225788593292236,0.11538461538461542
5728d5793acd2414000dffb7,2,13,0.9495509266853333,0.05044907331466675,0.11538461538461542
5728d5793acd2414000dffb7,2,14,0.9479710459709167,0.05202895402908325,0.11538461538461542
5728d5793acd2414000dffb7,2,15,0.9516329169273376,0.048367083072662354,0.11538461538461542
5728d5793acd2414000dffb7,2,16,0.9543094038963318,0.04569059610366821,0.11538461538461542
5728d5793acd2414000dffb7,2,17,0.9569833278656006,0.043016672134399414,0.11538461538461542
5728d5793acd2414000dffb7,2,18,0.9559069275856018,0.04409307241439819,0.11538461538461542
5728d5793acd2414000dffb7,2,19,0.9564657807350159,0.04353421926498413,0.11538461538461542
5728d5793acd2414000dffb7,2,20,0.960088849067688,0.03991115093231201,0.11538461538461542
5728d5793acd2414000dffb7,2,21,0.9593289494514465,0.04067105054855347,0.11538461538461542
5728d5793acd2414000dffb7,2,22,0.9586510062217712,0.04134899377822876,0.11538461538461542
5728d5793acd2414000dffb7,2,23,0.9564319252967834,0.04356807470321655,0.11538461538461542
5728d5793acd2414000dffb7,2,24,0.9625256061553955,0.03747439384460449,0.11538461538461542
5728d5793acd2414000dffb7,2,25,0.9713769555091858,0.02862304449081421,0.11538461538461542
5728d5793acd2414000dffb7,2,26,0.9719412922859192,0.02805870771408081,0.11538461538461542
5728d5793acd2414000dffb7,2,27,0.973793089389801,0.026206910610198975,0.11538461538461542
5728d5793acd2414000dffb7,2,28,0.9723100662231445,0.02768993377685547,0.11538461538461542
5728d5793acd2414000dffb7,2,29,0.9750000834465027,0.024999916553497314,0.11538461538461542
5728d5793acd2414000dffb7,2,30,0.977108895778656,0.022891104221343994,0.11538461538461542
5728d5793acd2414000dffb7,2,31,0.9786850810050964,0.021314918994903564,0.11538461538461542
5728d5793acd2414000dffb7,2,32,0.9804165959358215,0.019583404064178467,0.11538461538461542
5728d5793acd2414000dffb7,2,33,0.9796063303947449,0.020393669605255127,0.11538461538461542
5728d5793acd2414000dffb7,2,34,0.97954922914505,0.02045077085494995,0.11538461538461542
5728d5793acd2414000dffb7,2,35,0.983620285987854,0.016379714012145996,0.11538461538461542
5728d5793acd2414000dffb7,2,36,0.930476725101471,0.06952327489852905,0.11538461538461542
5728d5793acd2414000dffb7,3,0,0.6367928981781006,0.3632071018218994,-0.11111111111111127
5728d5793acd2414000dffb7,3,1,0.9424426555633545,0.05755734443664551,-0.11111111111111127
5728d5793acd2414000dffb7,3,2,0.9180545210838318,0.08194547891616821,-0.11111111111111127
5728d5793acd2414000dffb7,3,3,0.8995614051818848,0.10043859481811523,-0.11111111111111127
5728d5793acd2414000dffb7,3,4,0.8550980091094971,0.14490199089050293,-0.11111111111111127
5728d5793acd2414000dffb7,3,5,0.8503561615943909,0.14964383840560913,-0.11111111111111127
5728d5793acd2414000dffb7,3,6,0.8621083498001099,0.13789165019989014,-0.11111111111111127
5728d5793acd2414000dffb7,3,7,0.8602831363677979,0.13971686363220215,-0.11111111111111127
5728d5793acd2414000dffb7,3,8,0.8522734642028809,0.14772653579711914,-0.11111111111111127
5728d5793acd2414000dffb7,3,9,0.8513937592506409,0.14860624074935913,-0.11111111111111127
5728d5793acd2414000dffb7,3,10,0.8480947613716125,0.15190523862838745,-0.11111111111111127
5728d5793acd2414000dffb7,3,11,0.8597097992897034,0.14029020071029663,-0.11111111111111127
5728d5793acd2414000dffb7,3,12,0.8560615181922913,0.14393848180770874,-0.11111111111111127
5728d5793acd2414000dffb7,3,13,0.8818495273590088,0.11815047264099121,-0.11111111111111127
5728d5793acd2414000dffb7,3,14,0.8768091201782227,0.12319087982177734,-0.11111111111111127
5728d5793acd2414000dffb7,3,15,0.8926458358764648,0.10735416412353516,-0.11111111111111127
5728d5793acd2414000dffb7,3,16,0.8976016640663147,0.1023983359336853,-0.11111111111111127
5728d5793acd2414000dffb7,3,17,0.9002562165260315,0.0997437834739685,-0.11111111111111127
5728d5793acd2414000dffb7,3,18,0.8981925845146179,0.10180741548538208,-0.11111111111111127
5728d5793acd2414000dffb7,3,19,0.9030550718307495,0.09694492816925049,-0.11111111111111127
5728d5793acd2414000dffb7,3,20,0.9101520776748657,0.08984792232513428,-0.11111111111111127
5728d5793acd2414000dffb7,3,21,0.9085013270378113,0.09149867296218872,-0.11111111111111127
5728d5793acd2414000dffb7,3,22,0.9061351418495178,0.09386485815048218,-0.11111111111111127
5728d5793acd2414000dffb7,3,23,0.8989620804786682,0.10103791952133179,-0.11111111111111127
5728d5793acd2414000dffb7,3,24,0.9124301075935364,0.08756989240646362,-0.11111111111111127
5728d5793acd2414000dffb7,3,25,0.9320095777511597,0.06799042224884033,-0.11111111111111127
5728d5793acd2414000dffb7,3,26,0.9341768622398376,0.06582313776016235,-0.11111111111111127
5728d5793acd2414000dffb7,3,27,0.9404503107070923,0.059549689292907715,-0.11111111111111127
5728d5793acd2414000dffb7,3,28,0.9397602081298828,0.06023979187011719,-0.11111111111111127
5728d5793acd2414000dffb7,3,29,0.9473442435264587,0.05265575647354126,-0.11111111111111127
5728d5793acd2414000dffb7,3,30,0.9520089030265808,0.04799109697341919,-0.11111111111111127
5728d5793acd2414000dffb7,3,31,0.9580851197242737,0.04191488027572632,-0.11111111111111127
5728d5793acd2414000dffb7,3,32,0.9628071188926697,0.03719288110733032,-0.11111111111111127
5728d5793acd2414000dffb7,3,33,0.9633634686470032,0.036636531352996826,-0.11111111111111127
5728d5793acd2414000dffb7,3,34,0.9650495648384094,0.034950435161590576,-0.11111111111111127
5728d5793acd2414000dffb7,3,35,0.9715511798858643,0.028448820114135742,-0.11111111111111127
5728d5793acd2414000dffb7,3,36,0.8871069550514221,0.11289304494857788,-0.11111111111111127
5728f2e26aef051400154898,1,0,0.8205373883247375,0.17946261167526245,0.0
5728f2e26aef051400154898,1,1,0.9639877080917358,0.03601229190826416,0.0
5728f2e26aef051400154898,1,2,0.9498736262321472,0.05012637376785278,0.0
5728f2e26aef051400154898,1,3,0.9389656186103821,0.06103438138961792,0.0
5728f2e26aef051400154898,1,4,0.9215629696846008,0.07843703031539917,0.0
5728f2e26aef051400154898,1,5,0.9355000853538513,0.06449991464614868,0.0
5728f2e26aef051400154898,1,6,0.944341242313385,0.05565875768661499,0.0
5728f2e26aef051400154898,1,7,0.9432242512702942,0.05677574872970581,0.0
5728f2e26aef051400154898,1,8,0.9384147524833679,0.06158524751663208,0.0
5728f2e26aef051400154898,1,9,0.932365357875824,0.06763464212417603,0.0
5728f2e26aef051400154898,1,10,0.9332448840141296,0.06675511598587036,0.0
5728f2e26aef051400154898,1,11,0.9472500681877136,0.05274993181228638,0.0
5728f2e26aef051400154898,1,12,0.9492135047912598,0.050786495208740234,0.0
5728f2e26aef051400154898,1,13,0.9593338966369629,0.04066610336303711,0.0
5728f2e26aef051400154898,1,14,0.9551256895065308,0.04487431049346924,0.0
5728f2e26aef051400154898,1,15,0.9594778418540955,0.04052215814590454,0.0
5728f2e26aef051400154898,1,16,0.9629344940185547,0.03706550598144531,0.0
5728f2e26aef051400154898,1,17,0.9665420651435852,0.033457934856414795,0.0
5728f2e26aef051400154898,1,18,0.9684208035469055,0.03157919645309448,0.0
5728f2e26aef051400154898,1,19,0.9688299298286438,0.0311700701713562,0.0
5728f2e26aef051400154898,1,20,0.9695603847503662,0.03043961524963379,0.0
5728f2e26aef051400154898,1,21,0.9685547947883606,0.031445205211639404,0.0
5728f2e26aef051400154898,1,22,0.9662458300590515,0.033754169940948486,0.0
5728f2e26aef051400154898,1,23,0.962235689163208,0.03776431083679199,0.0
5728f2e26aef051400154898,1,24,0.9654288291931152,0.034571170806884766,0.0
5728f2e26aef051400154898,1,25,0.9717667698860168,0.028233230113983154,0.0
5728f2e26aef051400154898,1,26,0.9717068076133728,0.028293192386627197,0.0
5728f2e26aef051400154898,1,27,0.97447669506073,0.02552330493927002,0.0
5728f2e26aef051400154898,1,28,0.9691856503486633,0.03081434965133667,0.0
5728f2e26aef051400154898,1,29,0.9711339473724365,0.028866052627563477,0.0
5728f2e26aef051400154898,1,30,0.9741087555885315,0.025891244411468506,0.0
5728f2e26aef051400154898,1,31,0.9741991758346558,0.02580082416534424,0.0
5728f2e26aef051400154898,1,32,0.9740368127822876,0.025963187217712402,0.0
5728f2e26aef051400154898,1,33,0.9685568809509277,0.031443119049072266,0.0
5728f2e26aef051400154898,1,34,0.9659612774848938,0.0340387225151062,0.0
5728f2e26aef051400154898,1,35,0.9744282960891724,0.025571703910827637,0.0
5728f2e26aef051400154898,1,36,0.9390762448310852,0.060923755168914795,0.0
5728f2e26aef051400154898,2,0,0.7104616165161133,0.2895383834838867,0.0
5728f2e26aef051400154898,2,1,0.9318718910217285,0.06812810897827148,0.0
5728f2e26aef051400154898,2,2,0.9183968901634216,0.08160310983657837,0.0
5728f2e26aef051400154898,2,3,0.9016367793083191,0.09836322069168091,0.0
5728f2e26aef051400154898,2,4,0.8750452399253845,0.12495476007461548,0.0
5728f2e26aef051400154898,2,5,0.874531090259552,0.125468909740448,0.0
5728f2e26aef051400154898,2,6,0.8846595883369446,0.11534041166305542,0.0
5728f2e26aef051400154898,2,7,0.8588888049125671,0.14111119508743286,0.0
5728f2e26aef051400154898,2,8,0.8428633213043213,0.1571366786956787,0.0
5728f2e26aef051400154898,2,9,0.8352698087692261,0.16473019123077393,0.0
5728f2e26aef051400154898,2,10,0.8392421007156372,0.1607578992843628,0.0
5728f2e26aef051400154898,2,11,0.8518567085266113,0.14814329147338867,0.0
5728f2e26aef051400154898,2,12,0.8541499972343445,0.14585000276565552,0.0
5728f2e26aef051400154898,2,13,0.8832980990409851,0.11670190095901489,0.0
5728f2e26aef051400154898,2,14,0.8698925375938416,0.13010746240615845,0.0
5728f2e26aef051400154898,2,15,0.8756700158119202,0.12432998418807983,0.0
5728f2e26aef051400154898,2,16,0.8813754916191101,0.11862450838088989,0.0
5728f2e26aef051400154898,2,17,0.887117862701416,0.11288213729858398,0.0
5728f2e26aef051400154898,2,18,0.8955453038215637,0.10445469617843628,0.0
5728f2e26aef051400154898,2,19,0.8981875777244568,0.10181242227554321,0.0
5728f2e26aef051400154898,2,20,0.9002513289451599,0.09974867105484009,0.0
5728f2e26aef051400154898,2,21,0.895715594291687,0.10428440570831299,0.0
5728f2e26aef051400154898,2,22,0.8948244452476501,0.10517555475234985,0.0
5728f2e26aef051400154898,2,23,0.8699910640716553,0.13000893592834473,0.0
5728f2e26aef051400154898,2,24,0.8905375599861145,0.1094624400138855,0.0
5728f2e26aef051400154898,2,25,0.9081850051879883,0.09181499481201172,0.0
5728f2e26aef051400154898,2,26,0.9101558923721313,0.08984410762786865,0.0
5728f2e26aef051400154898,2,27,0.9162992835044861,0.08370071649551392,0.0
5728f2e26aef051400154898,2,28,0.910431981086731,0.08956801891326904,0.0
5728f2e26aef051400154898,2,29,0.9160692691802979,0.08393073081970215,0.0
5728f2e26aef051400154898,2,30,0.9249622821807861,0.07503771781921387,0.0
5728f2e26aef051400154898,2,31,0.9132422804832458,0.08675771951675415,0.0
5728f2e26aef051400154898,2,32,0.9175724387168884,0.08242756128311157,0.0
5728f2e26aef051400154898,2,33,0.9099036455154419,0.0900963544845581,0.0
5728f2e26aef051400154898,2,34,0.8954026103019714,0.10459738969802856,0.0
5728f2e26aef051400154898,2,35,0.8967753052711487,0.10322469472885132,0.0
5728f2e26aef051400154898,2,36,0.7527720928192139,0.24722790718078613,0.0
5728f2e26aef051400154898,3,0,0.5893010497093201,0.41069895029067993,0.0
5728f2e26aef051400154898,3,1,0.9025577306747437,0.09744226932525635,0.0
5728f2e26aef051400154898,3,2,0.8849667310714722,0.11503326892852783,0.0
5728f2e26aef051400154898,3,3,0.8611525893211365,0.13884741067886353,0.0
5728f2e26aef051400154898,3,4,0.8266162872314453,0.1733837127685547,0.0
5728f2e26aef051400154898,3,5,0.826312243938446,0.17368775606155396,0.0
5728f2e26aef051400154898,3,6,0.8440415263175964,0.15595847368240356,0.0
5728f2e26aef051400154898,3,7,0.8204018473625183,0.1795981526374817,0.0
5728f2e26aef051400154898,3,8,0.7992609739303589,0.2007390260696411,0.0
5728f2e26aef051400154898,3,9,0.785785436630249,0.21421456336975098,0.0
5728f2e26aef051400154898,3,10,0.7855347394943237,0.21446526050567627,0.0
5728f2e26aef051400154898,3,11,0.8078161478042603,0.19218385219573975,0.0
5728f2e26aef051400154898,3,12,0.8099061846733093,0.19009381532669067,0.0
5728f2e26aef051400154898,3,13,0.8491936326026917,0.15080636739730835,0.0
5728f2e26aef051400154898,3,14,0.8301365971565247,0.16986340284347534,0.0
5728f2e26aef051400154898,3,15,0.8412314057350159,0.15876859426498413,0.0
5728f2e26aef051400154898,3,16,0.8460752964019775,0.15392470359802246,0.0
5728f2e26aef051400154898,3,17,0.8520700931549072,0.14792990684509277,0.0
5728f2e26aef051400154898,3,18,0.8597533106803894,0.1402466893196106,0.0
5728f2e26aef051400154898,3,19,0.8638315796852112,0.13616842031478882,0.0
5728f2e26aef051400154898,3,20,0.8681972026824951,0.13180279731750488,0.0
5728f2e26aef051400154898,3,21,0.8652714490890503,0.1347285509109497,0.0
5728f2e26aef051400154898,3,22,0.8653822541236877,0.13461774587631226,0.0
5728f2e26aef051400154898,3,23,0.8407120108604431,0.15928798913955688,0.0
5728f2e26aef051400154898,3,24,0.8678304553031921,0.13216954469680786,0.0
5728f2e26aef051400154898,3,25,0.8905925154685974,0.10940748453140259,0.0
5728f2e26aef051400154898,3,26,0.8936347365379333,0.10636526346206665,0.0
5728f2e26aef051400154898,3,27,0.9018282294273376,0.09817177057266235,0.0
5728f2e26aef051400154898,3,28,0.8952521681785583,0.10474783182144165,0.0
5728f2e26aef051400154898,3,29,0.9005937576293945,0.09940624237060547,0.0
5728f2e26aef051400154898,3,30,0.9083102345466614,0.09168976545333862,0.0
5728f2e26aef051400154898,3,31,0.8974760174751282,0.10252398252487183,0.0
5728f2e26aef051400154898,3,32,0.9030923247337341,0.09690767526626587,0.0
5728f2e26aef051400154898,3,33,0.8910130262374878,0.10898697376251221,0.0
5728f2e26aef051400154898,3,34,0.8698787689208984,0.13012123107910156,0.0
5728f2e26aef051400154898,3,35,0.8693783283233643,0.13062167167663574,0.0
5728f2e26aef051400154898,3,36,0.6862114667892456,0.3137885332107544,0.0
57291fb4af94a219006aa0b5,1,0,0.8240278363227844,0.17597216367721558,0.5789473684210527
57291fb4af94a219006aa0b5,1,1,0.9630550742149353,0.0369449257850647,0.5789473684210527
57291fb4af94a219006aa0b5,1,2,0.962732195854187,0.03726780414581299,0.5789473684210527
57291fb4af94a219006aa0b5,1,3,0.9607822299003601,0.03921777009963989,0.5789473684210527
57291fb4af94a219006aa0b5,1,4,0.9483450055122375,0.05165499448776245,0.5789473684210527
57291fb4af94a219006aa0b5,1,5,0.946510374546051,0.053489625453948975,0.5789473684210527
57291fb4af94a219006aa0b5,1,6,0.9552099108695984,0.04479008913040161,0.5789473684210527
57291fb4af94a219006aa0b5,1,7,0.9410441517829895,0.0589558482170105,0.5789473684210527
57291fb4af94a219006aa0b5,1,8,0.938159167766571,0.061840832233428955,0.5789473684210527
57291fb4af94a219006aa0b5,1,9,0.9318380355834961,0.0681619644165039,0.5789473684210527
57291fb4af94a219006aa0b5,1,10,0.9316149950027466,0.06838500499725342,0.5789473684210527
57291fb4af94a219006aa0b5,1,11,0.9412672519683838,0.05873274803161621,0.5789473684210527
57291fb4af94a219006aa0b5,1,12,0.9362157583236694,0.06378424167633057,0.5789473684210527
57291fb4af94a219006aa0b5,1,13,0.9431365728378296,0.05686342716217041,0.5789473684210527
57291fb4af94a219006aa0b5,1,14,0.9440638422966003,0.05593615770339966,0.5789473684210527
57291fb4af94a219006aa0b5,1,15,0.9447517991065979,0.0552482008934021,0.5789473684210527
57291fb4af94a219006aa0b5,1,16,0.9496684670448303,0.05033153295516968,0.5789473684210527
57291fb4af94a219006aa0b5,1,17,0.9498764872550964,0.050123512744903564,0.5789473684210527
57291fb4af94a219006aa0b5,1,18,0.9506983160972595,0.04930168390274048,0.5789473684210527
57291fb4af94a219006aa0b5,1,19,0.9555769562721252,0.044423043727874756,0.5789473684210527
57291fb4af94a219006aa0b5,1,20,0.9576345682144165,0.042365431785583496,0.5789473684210527
57291fb4af94a219006aa0b5,1,21,0.95484459400177,0.04515540599822998,0.5789473684210527
57291fb4af94a219006aa0b5,1,22,0.9521545171737671,0.04784548282623291,0.5789473684210527
57291fb4af94a219006aa0b5,1,23,0.9504581689834595,0.04954183101654053,0.5789473684210527
57291fb4af94a219006aa0b5,1,24,0.9527320265769958,0.04726797342300415,0.5789473684210527
57291fb4af94a219006aa0b5,1,25,0.9566391706466675,0.04336082935333252,0.5789473684210527
57291fb4af94a219006aa0b5,1,26,0.9585276246070862,0.04147237539291382,0.5789473684210527
57291fb4af94a219006aa0b5,1,27,0.9626023173332214,0.037397682666778564,0.5789473684210527
57291fb4af94a219006aa0b5,1,28,0.9635388851165771,0.03646111488342285,0.5789473684210527
57291fb4af94a219006aa0b5,1,29,0.9658958911895752,0.034104108810424805,0.5789473684210527
57291fb4af94a219006aa0b5,1,30,0.9701964259147644,0.029803574085235596,0.5789473684210527
57291fb4af94a219006aa0b5,1,31,0.9756381511688232,0.024361848831176758,0.5789473684210527
57291fb4af94a219006aa0b5,1,32,0.9805436730384827,0.019456326961517334,0.5789473684210527
57291fb4af94a219006aa0b5,1,33,0.9816146492958069,0.018385350704193115,0.5789473684210527
57291fb4af94a219006aa0b5,1,34,0.9846010804176331,0.015398919582366943,0.5789473684210527
57291fb4af94a219006aa0b5,1,35,0.9893876314163208,0.0106123685836792,0.5789473684210527
57291fb4af94a219006aa0b5,1,36,0.9493677616119385,0.05063223838806152,0.5789473684210527
57291fb4af94a219006aa0b5,2,0,0.6723283529281616,0.3276716470718384,1.0
57291fb4af94a219006aa0b5,2,1,0.9234687685966492,0.07653123140335083,1.0
57291fb4af94a219006aa0b5,2,2,0.9146930575370789,0.08530694246292114,1.0
57291fb4af94a219006aa0b5,2,3,0.911312997341156,0.088687002658844,1.0
57291fb4af94a219006aa0b5,2,4,0.8925895094871521,0.1074104905128479,1.0
57291fb4af94a219006aa0b5,2,5,0.8885835409164429,0.11141645908355713,1.0
57291fb4af94a219006aa0b5,2,6,0.902459979057312,0.09754002094268799,1.0
57291fb4af94a219006aa0b5,2,7,0.8742480874061584,0.12575191259384155,1.0
57291fb4af94a219006aa0b5,2,8,0.8574947118759155,0.14250528812408447,1.0
57291fb4af94a219006aa0b5,2,9,0.8261638879776001,0.1738361120223999,1.0
57291fb4af94a219006aa0b5,2,10,0.8166334629058838,0.1833665370941162,1.0
57291fb4af94a219006aa0b5,2,11,0.8475728034973145,0.15242719650268555,1.0
57291fb4af94a219006aa0b5,2,12,0.8398309350013733,0.1601690649986267,1.0
57291fb4af94a219006aa0b5,2,13,0.863135814666748,0.13686418533325195,1.0
57291fb4af94a219006aa0b5,2,14,0.853809118270874,0.14619088172912598,1.0
57291fb4af94a219006aa0b5,2,15,0.8642172813415527,0.13578271865844727,1.0
57291fb4af94a219006aa0b5,2,16,0.8713958263397217,0.12860417366027832,1.0
57291fb4af94a219006aa0b5,2,17,0.8714280128479004,0.1285719871520996,1.0
57291fb4af94a219006aa0b5,2,18,0.8769552111625671,0.12304478883743286,1.0
57291fb4af94a219006aa0b5,2,19,0.8875953555107117,0.11240464448928833,1.0
57291fb4af94a219006aa0b5,2,20,0.8914942145347595,0.10850578546524048,1.0
57291fb4af94a219006aa0b5,2,21,0.8917387127876282,0.10826128721237183,1.0
57291fb4af94a219006aa0b5,2,22,0.8844497203826904,0.11555027961730957,1.0
57291fb4af94a219006aa0b5,2,23,0.8740272521972656,0.12597274780273438,1.0
57291fb4af94a219006aa0b5,2,24,0.8822524547576904,0.11774754524230957,1.0
57291fb4af94a219006aa0b5,2,25,0.9091510772705078,0.09084892272949219,1.0
57291fb4af94a219006aa0b5,2,26,0.9138489961624146,0.08615100383758545,1.0
57291fb4af94a219006aa0b5,2,27,0.9207014441490173,0.07929855585098267,1.0
57291fb4af94a219006aa0b5,2,28,0.9183011054992676,0.08169889450073242,1.0
57291fb4af94a219006aa0b5,2,29,0.9248697757720947,0.07513022422790527,1.0
57291fb4af94a219006aa0b5,2,30,0.9338327050209045,0.06616729497909546,1.0
57291fb4af94a219006aa0b5,2,31,0.9411061406135559,0.05889385938644409,1.0
57291fb4af94a219006aa0b5,2,32,0.9489460587501526,0.05105394124984741,1.0
57291fb4af94a219006aa0b5,2,33,0.9502153992652893,0.04978460073471069,1.0
57291fb4af94a219006aa0b5,2,34,0.9552767276763916,0.0447232723236084,1.0
57291fb4af94a219006aa0b5,2,35,0.967560887336731,0.03243911266326904,1.0
57291fb4af94a219006aa0b5,2,36,0.8038956522941589,0.19610434770584106,1.0
57291fb4af94a219006aa0b5,3,0,0.5554984211921692,0.4445015788078308,1.0
57291fb4af94a219006aa0b5,3,1,0.8989813923835754,0.10101860761642456,1.0
57291fb4af94a219006aa0b5,3,2,0.8926075100898743,0.10739248991012573,1.0
57291fb4af94a219006aa0b5,3,3,0.8889278173446655,0.11107218265533447,1.0
57291fb4af94a219006aa0b5,3,4,0.8673921227455139,0.13260787725448608,1.0
57291fb4af94a219006aa0b5,3,5,0.8597921133041382,0.14020788669586182,1.0
57291fb4af94a219006aa0b5,3,6,0.8778153657913208,0.1221846342086792,1.0
57291fb4af94a219006aa0b5,3,7,0.8513494729995728,0.14865052700042725,1.0
57291fb4af94a219006aa0b5,3,8,0.8293619751930237,0.17063802480697632,1.0
57291fb4af94a219006aa0b5,3,9,0.7949931025505066,0.2050068974494934,1.0
57291fb4af94a219006aa0b5,3,10,0.7813660502433777,0.21863394975662231,1.0
57291fb4af94a219006aa0b5,3,11,0.8190990686416626,0.1809009313583374,1.0
57291fb4af94a219006aa0b5,3,12,0.8067781925201416,0.1932218074798584,1.0
57291fb4af94a219006aa0b5,3,13,0.8382804989814758,0.16171950101852417,1.0
57291fb4af94a219006aa0b5,3,14,0.8217676281929016,0.1782323718070984,1.0
57291fb4af94a219006aa0b5,3,15,0.8368406891822815,0.1631593108177185,1.0
57291fb4af94a219006aa0b5,3,16,0.8413912057876587,0.1586087942123413,1.0
57291fb4af94a219006aa0b5,3,17,0.8416453003883362,0.15835469961166382,1.0
57291fb4af94a219006aa0b5,3,18,0.8472064733505249,0.1527935266494751,1.0
57291fb4af94a219006aa0b5,3,19,0.8578007817268372,0.14219921827316284,1.0
57291fb4af94a219006aa0b5,3,20,0.8619790077209473,0.13802099227905273,1.0
57291fb4af94a219006aa0b5,3,21,0.8646276593208313,0.1353723406791687,1.0
57291fb4af94a219006aa0b5,3,22,0.8533889055252075,0.14661109447479248,1.0
57291fb4af94a219006aa0b5,3,23,0.8429004549980164,0.15709954500198364,1.0
57291fb4af94a219006aa0b5,3,24,0.8585404753684998,0.14145952463150024,1.0
57291fb4af94a219006aa0b5,3,25,0.8908829092979431,0.10911709070205688,1.0
57291fb4af94a219006aa0b5,3,26,0.896994411945343,0.10300558805465698,1.0
57291fb4af94a219006aa0b5,3,27,0.9065559506416321,0.09344404935836792,1.0
57291fb4af94a219006aa0b5,3,28,0.9049379229545593,0.09506207704544067,1.0
57291fb4af94a219006aa0b5,3,29,0.9124462008476257,0.08755379915237427,1.0
57291fb4af94a219006aa0b5,3,30,0.9230962991714478,0.07690370082855225,1.0
57291fb4af94a219006aa0b5,3,31,0.9306685328483582,0.06933146715164185,1.0
57291fb4af94a219006aa0b5,3,32,0.9397163391113281,0.060283660888671875,1.0
57291fb4af94a219006aa0b5,3,33,0.9394554495811462,0.06054455041885376,1.0
57291fb4af94a219006aa0b5,3,34,0.9428876042366028,0.05711239576339722,1.0
57291fb4af94a219006aa0b5,3,35,0.955777108669281,0.044222891330718994,1.0
57291fb4af94a219006aa0b5,3,36,0.7420324683189392,0.2579675316810608,1.0
572925491d046914007790c5,1,0,0.716274082660675,0.28372591733932495,0.0
572925491d046914007790c5,1,1,0.9071670174598694,0.09283298254013062,0.0
572925491d046914007790c5,1,2,0.8864219188690186,0.11357808113098145,0.0
572925491d046914007790c5,1,3,0.8786041736602783,0.12139582633972168,0.0
572925491d046914007790c5,1,4,0.8716681003570557,0.12833189964294434,0.0
572925491d046914007790c5,1,5,0.8644111156463623,0.1355888843536377,0.0
572925491d046914007790c5,1,6,0.8818859457969666,0.11811405420303345,0.0
572925491d046914007790c5,1,7,0.8593416213989258,0.14065837860107422,0.0
572925491d046914007790c5,1,8,0.8523845076560974,0.1476154923439026,0.0
572925491d046914007790c5,1,9,0.8674350380897522,0.1325649619102478,0.0
572925491d046914007790c5,1,10,0.8711153864860535,0.12888461351394653,0.0
572925491d046914007790c5,1,11,0.8988303542137146,0.1011696457862854,0.0
572925491d046914007790c5,1,12,0.8964340686798096,0.10356593132019043,0.0
572925491d046914007790c5,1,13,0.9149560332298279,0.08504396677017212,0.0
572925491d046914007790c5,1,14,0.9144161343574524,0.08558386564254761,0.0
572925491d046914007790c5,1,15,0.9294757843017578,0.07052421569824219,0.0
572925491d046914007790c5,1,16,0.9298384189605713,0.07016158103942871,0.0
572925491d046914007790c5,1,17,0.9360613226890564,0.0639386773109436,0.0
572925491d046914007790c5,1,18,0.9393357038497925,0.06066429615020752,0.0
572925491d046914007790c5,1,19,0.941723108291626,0.05827689170837402,0.0
572925491d046914007790c5,1,20,0.9453899264335632,0.05461007356643677,0.0
572925491d046914007790c5,1,21,0.944105327129364,0.055894672870635986,0.0
572925491d046914007790c5,1,22,0.9402740597724915,0.059725940227508545,0.0
572925491d046914007790c5,1,23,0.9280545115470886,0.07194548845291138,0.0
572925491d046914007790c5,1,24,0.9308526515960693,0.06914734840393066,0.0
572925491d046914007790c5,1,25,0.9428681135177612,0.05713188648223877,0.0
572925491d046914007790c5,1,26,0.942535936832428,0.05746406316757202,0.0
572925491d046914007790c5,1,27,0.9455323219299316,0.05446767807006836,0.0
572925491d046914007790c5,1,28,0.940870463848114,0.059129536151885986,0.0
572925491d046914007790c5,1,29,0.9470401406288147,0.0529598593711853,0.0
572925491d046914007790c5,1,30,0.9484332203865051,0.05156677961349487,0.0
572925491d046914007790c5,1,31,0.95309978723526,0.04690021276473999,0.0
572925491d046914007790c5,1,32,0.9552615880966187,0.04473841190338135,0.0
572925491d046914007790c5,1,33,0.9496942758560181,0.050305724143981934,0.0
572925491d046914007790c5,1,34,0.9506325721740723,0.049367427825927734,0.0
572925491d046914007790c5,1,35,0.9571022391319275,0.04289776086807251,0.0
572925491d046914007790c5,1,36,0.8403044939041138,0.15969550609588623,0.0
572925491d046914007790c5,2,0,0.5154802203178406,0.4845197796821594,0.0
572925491d046914007790c5,2,1,0.8536403179168701,0.14635968208312988,0.0
572925491d046914007790c5,2,2,0.8328117728233337,0.16718822717666626,0.0
572925491d046914007790c5,2,3,0.8208367228507996,0.17916327714920044,0.0
572925491d046914007790c5,2,4,0.7635217905044556,0.23647820949554443,0.0
572925491d046914007790c5,2,5,0.7650824785232544,0.2349175214767456,0.0
572925491d046914007790c5,2,6,0.7962365746498108,0.2037634253501892,0.0
572925491d046914007790c5,2,7,0.7739003300666809,0.2260996699333191,0.0
572925491d046914007790c5,2,8,0.7734612822532654,0.22653871774673462,0.0
572925491d046914007790c5,2,9,0.7864431142807007,0.21355688571929932,0.0
572925491d046914007790c5,2,10,0.7670414447784424,0.23295855522155762,0.0
572925491d046914007790c5,2,11,0.8020026087760925,0.19799739122390747,0.0
572925491d046914007790c5,2,12,0.7981073260307312,0.2018926739692688,0.0
572925491d046914007790c5,2,13,0.8342410922050476,0.1657589077949524,0.0
572925491d046914007790c5,2,14,0.822439432144165,0.17756056785583496,0.0
572925491d046914007790c5,2,15,0.8512579202651978,0.14874207973480225,0.0
572925491d046914007790c5,2,16,0.852817952632904,0.14718204736709595,0.0
572925491d046914007790c5,2,17,0.8618173599243164,0.1381826400756836,0.0
572925491d046914007790c5,2,18,0.8635154962539673,0.13648450374603271,0.0
572925491d046914007790c5,2,19,0.8678113222122192,0.13218867778778076,0.0
572925491d046914007790c5,2,20,0.8774722814559937,0.12252771854400635,0.0
572925491d046914007790c5,2,21,0.8733571767807007,0.12664282321929932,0.0
572925491d046914007790c5,2,22,0.868939995765686,0.13106000423431396,0.0
572925491d046914007790c5,2,23,0.8452411890029907,0.15475881099700928,0.0
572925491d046914007790c5,2,24,0.8636537194252014,0.13634628057479858,0.0
572925491d046914007790c5,2,25,0.8933656215667725,0.10663437843322754,0.0
572925491d046914007790c5,2,26,0.8990135192871094,0.10098648071289062,0.0
572925491d046914007790c5,2,27,0.9056712985038757,0.09432870149612427,0.0
572925491d046914007790c5,2,28,0.9008631110191345,0.09913688898086548,0.0
572925491d046914007790c5,2,29,0.9107578992843628,0.08924210071563721,0.0
572925491d046914007790c5,2,30,0.9160659313201904,0.08393406867980957,0.0
572925491d046914007790c5,2,31,0.9251059889793396,0.0748940110206604,0.0
572925491d046914007790c5,2,32,0.9330868721008301,0.06691312789916992,0.0
572925491d046914007790c5,2,33,0.9300497174263,0.06995028257369995,0.0
572925491d046914007790c5,2,34,0.9307484030723572,0.06925159692764282,0.0
572925491d046914007790c5,2,35,0.9453330636024475,0.05466693639755249,0.0
572925491d046914007790c5,2,36,0.7622884511947632,0.23771154880523682,0.0
572925491d046914007790c5,3,0,0.36961063742637634,0.6303893327713013,0.1428571428571429
572925491d046914007790c5,3,1,0.7846553921699524,0.2153446078300476,0.1428571428571429
572925491d046914007790c5,3,2,0.7763984203338623,0.2236015796661377,0.1428571428571429
572925491d046914007790c5,3,3,0.7661036849021912,0.23389631509780884,0.1428571428571429
572925491d046914007790c5,3,4,0.6933348178863525,0.30666518211364746,0.1428571428571429
572925491d046914007790c5,3,5,0.6955094933509827,0.30449050664901733,0.1428571428571429
572925491d046914007790c5,3,6,0.7274023294448853,0.27259767055511475,0.1428571428571429
572925491d046914007790c5,3,7,0.6994748711585999,0.30052512884140015,0.1428571428571429
572925491d046914007790c5,3,8,0.6955947279930115,0.3044052720069885,0.1428571428571429
572925491d046914007790c5,3,9,0.689933717250824,0.310066282749176,0.1428571428571429
572925491d046914007790c5,3,10,0.6586666107177734,0.34133338928222656,0.1428571428571429
572925491d046914007790c5,3,11,0.6968316435813904,0.3031683564186096,0.1428571428571429
572925491d046914007790c5,3,12,0.6982267498970032,0.3017732501029968,0.1428571428571429
572925491d046914007790c5,3,13,0.7509041428565979,0.2490958571434021,0.1428571428571429
572925491d046914007790c5,3,14,0.7336252927780151,0.26637470722198486,0.1428571428571429
572925491d046914007790c5,3,15,0.7770475745201111,0.22295242547988892,0.1428571428571429
572925491d046914007790c5,3,16,0.7787601947784424,0.22123980522155762,0.1428571428571429
572925491d046914007790c5,3,17,0.7885964512825012,0.21140354871749878,0.1428571428571429
572925491d046914007790c5,3,18,0.7920816540718079,0.20791834592819214,0.1428571428571429
572925491d046914007790c5,3,19,0.8033407330513,0.19665926694869995,0.1428571428571429
572925491d046914007790c5,3,20,0.8176107406616211,0.1823892593383789,0.1428571428571429
572925491d046914007790c5,3,21,0.8136995434761047,0.18630045652389526,0.1428571428571429
572925491d046914007790c5,3,22,0.8040962815284729,0.1959037184715271,0.1428571428571429
572925491d046914007790c5,3,23,0.771390974521637,0.22860902547836304,0.1428571428571429
572925491d046914007790c5,3,24,0.798801839351654,0.20119816064834595,0.1428571428571429
572925491d046914007790c5,3,25,0.8369984030723572,0.16300159692764282,0.1428571428571429
572925491d046914007790c5,3,26,0.843216598033905,0.15678340196609497,0.1428571428571429
572925491d046914007790c5,3,27,0.8530799746513367,0.14692002534866333,0.1428571428571429
572925491d046914007790c5,3,28,0.8474207520484924,0.15257924795150757,0.1428571428571429
572925491d046914007790c5,3,29,0.8593114614486694,0.14068853855133057,0.1428571428571429
572925491d046914007790c5,3,30,0.8716917634010315,0.1283082365989685,0.1428571428571429
572925491d046914007790c5,3,31,0.8836280107498169,0.1163719892501831,0.1428571428571429
572925491d046914007790c5,3,32,0.8985213041305542,0.1014786958694458,0.1428571428571429
572925491d046914007790c5,3,33,0.8973898887634277,0.10261011123657227,0.1428571428571429
572925491d046914007790c5,3,34,0.9008360505104065,0.0991639494895935,0.1428571428571429
572925491d046914007790c5,3,35,0.9274706840515137,0.07252931594848633,0.1428571428571429
572925491d046914007790c5,3,36,0.632521390914917,0.367478609085083,0.1428571428571429
572978e66aef051400154f78,1,0,0.9089456796646118,0.09105432033538818,0.0
572978e66aef051400154f78,1,1,0.9895880818367004,0.01041191816329956,0.0
572978e66aef051400154f78,1,2,0.9879897236824036,0.012010276317596436,0.0
572978e66aef051400154f78,1,3,0.9882163405418396,0.0117836594581604,0.0
572978e66aef051400154f78,1,4,0.98689866065979,0.013101339340209961,0.0
572978e66aef051400154f78,1,5,0.9855637550354004,0.01443624496459961,0.0
572978e66aef051400154f78,1,6,0.9863104820251465,0.013689517974853516,0.0
572978e66aef051400154f78,1,7,0.9860172271728516,0.013982772827148438,0.0
572978e66aef051400154f78,1,8,0.98567795753479,0.014322042465209961,0.0
572978e66aef051400154f78,1,9,0.9862496852874756,0.013750314712524414,0.0
572978e66aef051400154f78,1,10,0.9857586622238159,0.014241337776184082,0.0
572978e66aef051400154f78,1,11,0.9887181520462036,0.011281847953796387,0.0
572978e66aef051400154f78,1,12,0.9888473749160767,0.01115262508392334,0.0
572978e66aef051400154f78,1,13,0.9907131791114807,0.009286820888519287,0.0
572978e66aef051400154f78,1,14,0.9902009963989258,0.009799003601074219,0.0
572978e66aef051400154f78,1,15,0.9903159141540527,0.009684085845947266,0.0
572978e66aef051400154f78,1,16,0.9909709692001343,0.009029030799865723,0.0
572978e66aef051400154f78,1,17,0.9916756749153137,0.00832432508468628,0.0
572978e66aef051400154f78,1,18,0.9914847612380981,0.008515238761901855,0.0
572978e66aef051400154f78,1,19,0.991817057132721,0.008182942867279053,0.0
572978e66aef051400154f78,1,20,0.9928291440010071,0.00717085599899292,0.0
572978e66aef051400154f78,1,21,0.9923375844955444,0.007662415504455566,0.0
572978e66aef051400154f78,1,22,0.9913970828056335,0.008602917194366455,0.0
572978e66aef051400154f78,1,23,0.9915096759796143,0.008490324020385742,0.0
572978e66aef051400154f78,1,24,0.9933170676231384,0.006682932376861572,0.0
572978e66aef051400154f78,1,25,0.9948278069496155,0.0051721930503845215,0.0
572978e66aef051400154f78,1,26,0.9943459033966064,0.005654096603393555,0.0
572978e66aef051400154f78,1,27,0.9950128197669983,0.004987180233001709,0.0
572978e66aef051400154f78,1,28,0.9947883486747742,0.00521165132522583,0.0
572978e66aef051400154f78,1,29,0.9950082302093506,0.004991769790649414,0.0
572978e66aef051400154f78,1,30,0.9951826333999634,0.004817366600036621,0.0
572978e66aef051400154f78,1,31,0.9962041974067688,0.003795802593231201,0.0
572978e66aef051400154f78,1,32,0.996013343334198,0.003986656665802002,0.0
572978e66aef051400154f78,1,33,0.9961583018302917,0.003841698169708252,0.0
572978e66aef051400154f78,1,34,0.9961851239204407,0.003814876079559326,0.0
572978e66aef051400154f78,1,35,0.9974256753921509,0.002574324607849121,0.0
572978e66aef051400154f78,1,36,0.9916608333587646,0.008339166641235352,0.0
572978e66aef051400154f78,2,0,0.8088600635528564,0.19113993644714355,0.0
572978e66aef051400154f78,2,1,0.939441978931427,0.060558021068573,0.0
572978e66aef051400154f78,2,2,0.9395836591720581,0.060416340827941895,0.0
572978e66aef051400154f78,2,3,0.9436123967170715,0.05638760328292847,0.0
572978e66aef051400154f78,2,4,0.9364232420921326,0.06357675790786743,0.0
572978e66aef051400154f78,2,5,0.9360324144363403,0.06396758556365967,0.0
572978e66aef051400154f78,2,6,0.9456112384796143,0.05438876152038574,0.0
572978e66aef051400154f78,2,7,0.9439678192138672,0.05603218078613281,0.0
572978e66aef051400154f78,2,8,0.9426009654998779,0.05739903450012207,0.0
572978e66aef051400154f78,2,9,0.9463106393814087,0.05368936061859131,0.0
572978e66aef051400154f78,2,10,0.9446381330490112,0.05536186695098877,0.0
572978e66aef051400154f78,2,11,0.9538323283195496,0.04616767168045044,0.0
572978e66aef051400154f78,2,12,0.9535999298095703,0.04640007019042969,0.0
572978e66aef051400154f78,2,13,0.9612380862236023,0.038761913776397705,0.0
572978e66aef051400154f78,2,14,0.9592572450637817,0.04074275493621826,0.0
572978e66aef051400154f78,2,15,0.9629203677177429,0.03707963228225708,0.0
572978e66aef051400154f78,2,16,0.9644917845726013,0.03550821542739868,0.0
572978e66aef051400154f78,2,17,0.9660281538963318,0.03397184610366821,0.0
572978e66aef051400154f78,2,18,0.9637072086334229,0.03629279136657715,0.0
572978e66aef051400154f78,2,19,0.9660487174987793,0.0339512825012207,0.0
572978e66aef051400154f78,2,20,0.96966552734375,0.03033447265625,0.0
572978e66aef051400154f78,2,21,0.9674201011657715,0.032579898834228516,0.0
572978e66aef051400154f78,2,22,0.9667237997055054,0.03327620029449463,0.0
572978e66aef051400154f78,2,23,0.9631962180137634,0.03680378198623657,0.0
572978e66aef051400154f78,2,24,0.9704188704490662,0.029581129550933838,0.0
572978e66aef051400154f78,2,25,0.9777933359146118,0.022206664085388184,0.0
572978e66aef051400154f78,2,26,0.9783929586410522,0.021607041358947754,0.0
572978e66aef051400154f78,2,27,0.9803287982940674,0.019671201705932617,0.0
572978e66aef051400154f78,2,28,0.9779260158538818,0.022073984146118164,0.0
572978e66aef051400154f78,2,29,0.9788774847984314,0.021122515201568604,0.0
572978e66aef051400154f78,2,30,0.9819167256355286,0.018083274364471436,0.0
572978e66aef051400154f78,2,31,0.9824993014335632,0.017500698566436768,0.0
572978e66aef051400154f78,2,32,0.9835430979728699,0.016456902027130127,0.0
572978e66aef051400154f78,2,33,0.9820630550384521,0.01793694496154785,0.0
572978e66aef051400154f78,2,34,0.9805991053581238,0.01940089464187622,0.0
572978e66aef051400154f78,2,35,0.985319972038269,0.014680027961730957,0.0
572978e66aef051400154f78,2,36,0.913960337638855,0.08603966236114502,0.0
572978e66aef051400154f78,3,0,0.597301721572876,0.402698278427124,0.0
572978e66aef051400154f78,3,1,0.898540735244751,0.10145926475524902,0.0
572978e66aef051400154f78,3,2,0.8870444297790527,0.11295557022094727,0.0
572978e66aef051400154f78,3,3,0.849997878074646,0.150002121925354,0.0
572978e66aef051400154f78,3,4,0.837642252445221,0.16235774755477905,0.0
572978e66aef051400154f78,3,5,0.8357614278793335,0.1642385721206665,0.0
572978e66aef051400154f78,3,6,0.8659535050392151,0.1340464949607849,0.0
572978e66aef051400154f78,3,7,0.8673884868621826,0.13261151313781738,0.0
572978e66aef051400154f78,3,8,0.8603931665420532,0.13960683345794678,0.0
572978e66aef051400154f78,3,9,0.8719179034233093,0.12808209657669067,0.0
572978e66aef051400154f78,3,10,0.8601924180984497,0.1398075819015503,0.0
572978e66aef051400154f78,3,11,0.8824150562286377,0.1175849437713623,0.0
572978e66aef051400154f78,3,12,0.8800051212310791,0.1199948787689209,0.0
572978e66aef051400154f78,3,13,0.9005913734436035,0.09940862655639648,0.0
572978e66aef051400154f78,3,14,0.892437756061554,0.10756224393844604,0.0
572978e66aef051400154f78,3,15,0.9047190546989441,0.09528094530105591,0.0
572978e66aef051400154f78,3,16,0.9073801636695862,0.09261983633041382,0.0
572978e66aef051400154f78,3,17,0.9108899831771851,0.08911001682281494,0.0
572978e66aef051400154f78,3,18,0.9080566763877869,0.09194332361221313,0.0
572978e66aef051400154f78,3,19,0.9135306477546692,0.08646935224533081,0.0
572978e66aef051400154f78,3,20,0.92009437084198,0.07990562915802002,0.0
572978e66aef051400154f78,3,21,0.9168932437896729,0.08310675621032715,0.0
572978e66aef051400154f78,3,22,0.9169253706932068,0.08307462930679321,0.0
572978e66aef051400154f78,3,23,0.9052294492721558,0.09477055072784424,0.0
572978e66aef051400154f78,3,24,0.9202103018760681,0.07978969812393188,0.0
572978e66aef051400154f78,3,25,0.9398261904716492,0.06017380952835083,0.0
572978e66aef051400154f78,3,26,0.9421519637107849,0.05784803628921509,0.0
572978e66aef051400154f78,3,27,0.9492472410202026,0.05075275897979736,0.0
572978e66aef051400154f78,3,28,0.9421434998512268,0.05785650014877319,0.0
572978e66aef051400154f78,3,29,0.9443321824073792,0.05566781759262085,0.0
572978e66aef051400154f78,3,30,0.9493337273597717,0.05066627264022827,0.0
572978e66aef051400154f78,3,31,0.9499753713607788,0.05002462863922119,0.0
572978e66aef051400154f78,3,32,0.955195426940918,0.04480457305908203,0.0
572978e66aef051400154f78,3,33,0.9513161182403564,0.048683881759643555,0.0
572978e66aef051400154f78,3,34,0.936545193195343,0.06345480680465698,0.0
572978e66aef051400154f78,3,35,0.9459137320518494,0.054086267948150635,0.0
572978e66aef051400154f78,3,36,0.8070650100708008,0.19293498992919922,0.0
57298ef11d0469140077952f,1,0,0.9449104070663452,0.055089592933654785,0.0
57298ef11d0469140077952f,1,1,0.9937092065811157,0.006290793418884277,0.0
57298ef11d0469140077952f,1,2,0.99592524766922,0.004074752330780029,0.0
57298ef11d0469140077952f,1,3,0.9959495663642883,0.00405043363571167,0.0
57298ef11d0469140077952f,1,4,0.9942744970321655,0.005725502967834473,0.0
57298ef11d0469140077952f,1,5,0.9940285682678223,0.005971431732177734,0.0
57298ef11d0469140077952f,1,6,0.994658887386322,0.0053411126136779785,0.0
57298ef11d0469140077952f,1,7,0.9924081563949585,0.007591843605041504,0.0
57298ef11d0469140077952f,1,8,0.9913643002510071,0.00863569974899292,0.0
57298ef11d0469140077952f,1,9,0.9909119606018066,0.00908803939819336,0.0
57298ef11d0469140077952f,1,10,0.9909698367118835,0.009030163288116455,0.0
57298ef11d0469140077952f,1,11,0.9924595952033997,0.007540404796600342,0.0
57298ef11d0469140077952f,1,12,0.9917516708374023,0.008248329162597656,0.0
57298ef11d0469140077952f,1,13,0.9932309985160828,0.006769001483917236,0.0
57298ef11d0469140077952f,1,14,0.9932166934013367,0.00678330659866333,0.0
57298ef11d0469140077952f,1,15,0.9932680130004883,0.006731986999511719,0.0
57298ef11d0469140077952f,1,16,0.9933561682701111,0.006643831729888916,0.0
57298ef11d0469140077952f,1,17,0.9938312768936157,0.006168723106384277,0.0
57298ef11d0469140077952f,1,18,0.9934618473052979,0.0065381526947021484,0.0
57298ef11d0469140077952f,1,19,0.9934636950492859,0.006536304950714111,0.0
57298ef11d0469140077952f,1,20,0.9938111305236816,0.006188869476318359,0.0
57298ef11d0469140077952f,1,21,0.9936975240707397,0.006302475929260254,0.0
57298ef11d0469140077952f,1,22,0.9930397272109985,0.006960272789001465,0.0
57298ef11d0469140077952f,1,23,0.9928511381149292,0.007148861885070801,0.0
57298ef11d0469140077952f,1,24,0.9938222169876099,0.006177783012390137,0.0
57298ef11d0469140077952f,1,25,0.9950069785118103,0.004993021488189697,0.0
57298ef11d0469140077952f,1,26,0.9948991537094116,0.005100846290588379,0.0
57298ef11d0469140077952f,1,27,0.9951093196868896,0.0048906803131103516,0.0
57298ef11d0469140077952f,1,28,0.9950068593025208,0.004993140697479248,0.0
57298ef11d0469140077952f,1,29,0.9957574009895325,0.004242599010467529,0.0
57298ef11d0469140077952f,1,30,0.9959914088249207,0.004008591175079346,0.0
57298ef11d0469140077952f,1,31,0.9967378377914429,0.003262162208557129,0.0
57298ef11d0469140077952f,1,32,0.9970826506614685,0.002917349338531494,0.0
57298ef11d0469140077952f,1,33,0.996794581413269,0.003205418586730957,0.0
57298ef11d0469140077952f,1,34,0.9966453909873962,0.0033546090126037598,0.0
57298ef11d0469140077952f,1,35,0.9974645972251892,0.002535402774810791,0.0
57298ef11d0469140077952f,1,36,0.9888485670089722,0.011151432991027832,0.0
57298ef11d0469140077952f,2,0,0.8565403819084167,0.14345961809158325,0.0
57298ef11d0469140077952f,2,1,0.9820597171783447,0.017940282821655273,0.0
57298ef11d0469140077952f,2,2,0.9874086380004883,0.012591361999511719,0.0
57298ef11d0469140077952f,2,3,0.9865471720695496,0.01345282793045044,0.0
57298ef11d0469140077952f,2,4,0.9744393825531006,0.025560617446899414,0.0
57298ef11d0469140077952f,2,5,0.9757912158966064,0.024208784103393555,0.0
57298ef11d0469140077952f,2,6,0.9778614044189453,0.022138595581054688,0.0
57298ef11d0469140077952f,2,7,0.97105872631073,0.02894127368927002,0.0
57298ef11d0469140077952f,2,8,0.9667013883590698,0.033298611640930176,0.0
57298ef11d0469140077952f,2,9,0.9642032384872437,0.03579676151275635,0.0
57298ef11d0469140077952f,2,10,0.9652113318443298,0.034788668155670166,0.0
57298ef11d0469140077952f,2,11,0.9683011770248413,0.03169882297515869,0.0
57298ef11d0469140077952f,2,12,0.9672327637672424,0.03276723623275757,0.0
57298ef11d0469140077952f,2,13,0.9737355709075928,0.026264429092407227,0.0
57298ef11d0469140077952f,2,14,0.9725838303565979,0.0274161696434021,0.0
57298ef11d0469140077952f,2,15,0.9747167229652405,0.02528327703475952,0.0
57298ef11d0469140077952f,2,16,0.9750910401344299,0.02490895986557007,0.0
57298ef11d0469140077952f,2,17,0.9761725664138794,0.023827433586120605,0.0
57298ef11d0469140077952f,2,18,0.9763255715370178,0.023674428462982178,0.0
57298ef11d0469140077952f,2,19,0.9772740006446838,0.022725999355316162,0.0
57298ef11d0469140077952f,2,20,0.9769946932792664,0.023005306720733643,0.0
57298ef11d0469140077952f,2,21,0.97398841381073,0.02601158618927002,0.0
57298ef11d0469140077952f,2,22,0.9733151197433472,0.026684880256652832,0.0
57298ef11d0469140077952f,2,23,0.9719532132148743,0.028046786785125732,0.0
57298ef11d0469140077952f,2,24,0.9742411971092224,0.025758802890777588,0.0
57298ef11d0469140077952f,2,25,0.9818810820579529,0.01811891794204712,0.0
57298ef11d0469140077952f,2,26,0.9822217226028442,0.01777827739715576,0.0
57298ef11d0469140077952f,2,27,0.9840473532676697,0.015952646732330322,0.0
57298ef11d0469140077952f,2,28,0.9833118915557861,0.016688108444213867,0.0
57298ef11d0469140077952f,2,29,0.9851592183113098,0.014840781688690186,0.0
57298ef11d0469140077952f,2,30,0.9864238500595093,0.013576149940490723,0.0
57298ef11d0469140077952f,2,31,0.9883708357810974,0.011629164218902588,0.0
57298ef11d0469140077952f,2,32,0.9887664914131165,0.011233508586883545,0.0
57298ef11d0469140077952f,2,33,0.9889028668403625,0.011097133159637451,0.0
57298ef11d0469140077952f,2,34,0.9881216883659363,0.01187831163406372,0.0
57298ef11d0469140077952f,2,35,0.9912505745887756,0.008749425411224365,0.0
57298ef11d0469140077952f,2,36,0.9523558616638184,0.04764413833618164,0.0
57298ef11d0469140077952f,3,0,0.8051897287368774,0.19481027126312256,0.0
57298ef11d0469140077952f,3,1,0.9745713472366333,0.0254286527633667,0.0
57298ef11d0469140077952f,3,2,0.9814519882202148,0.018548011779785156,0.0
57298ef11d0469140077952f,3,3,0.9785024523735046,0.02149754762649536,0.0
57298ef11d0469140077952f,3,4,0.9651001691818237,0.03489983081817627,0.0
57298ef11d0469140077952f,3,5,0.9630465507507324,0.03695344924926758,0.0
57298ef11d0469140077952f,3,6,0.9667456746101379,0.03325432538986206,0.0
57298ef11d0469140077952f,3,7,0.9579460024833679,0.04205399751663208,0.0
57298ef11d0469140077952f,3,8,0.9531200528144836,0.04687994718551636,0.0
57298ef11d0469140077952f,3,9,0.9504333734512329,0.04956662654876709,0.0
57298ef11d0469140077952f,3,10,0.9498364925384521,0.05016350746154785,0.0
57298ef11d0469140077952f,3,11,0.9540407657623291,0.0459592342376709,0.0
57298ef11d0469140077952f,3,12,0.9509149193763733,0.04908508062362671,0.0
57298ef11d0469140077952f,3,13,0.9607607126235962,0.03923928737640381,0.0
57298ef11d0469140077952f,3,14,0.9584322571754456,0.04156774282455444,0.0
57298ef11d0469140077952f,3,15,0.9622460007667542,0.03775399923324585,0.0
57298ef11d0469140077952f,3,16,0.961739182472229,0.038260817527770996,0.0
57298ef11d0469140077952f,3,17,0.963813304901123,0.03618669509887695,0.0
57298ef11d0469140077952f,3,18,0.9628595113754272,0.037140488624572754,0.0
57298ef11d0469140077952f,3,19,0.9640891551971436,0.035910844802856445,0.0
57298ef11d0469140077952f,3,20,0.9629680514335632,0.03703194856643677,0.0
57298ef11d0469140077952f,3,21,0.9562622308731079,0.04373776912689209,0.0
57298ef11d0469140077952f,3,22,0.9577875733375549,0.04221242666244507,0.0
57298ef11d0469140077952f,3,23,0.9556334018707275,0.04436659812927246,0.0
57298ef11d0469140077952f,3,24,0.960387110710144,0.03961288928985596,0.0
57298ef11d0469140077952f,3,25,0.972417414188385,0.02758258581161499,0.0
57298ef11d0469140077952f,3,26,0.9732749462127686,0.026725053787231445,0.0
57298ef11d0469140077952f,3,27,0.9763728976249695,0.023627102375030518,0.0
57298ef11d0469140077952f,3,28,0.9742671251296997,0.025732874870300293,0.0
57298ef11d0469140077952f,3,29,0.9778063893318176,0.022193610668182373,0.0
57298ef11d0469140077952f,3,30,0.9796282649040222,0.020371735095977783,0.0
57298ef11d0469140077952f,3,31,0.9820234179496765,0.017976582050323486,0.0
57298ef11d0469140077952f,3,32,0.9832831025123596,0.01671689748764038,0.0
57298ef11d0469140077952f,3,33,0.9822503924369812,0.0177496075630188,0.0
57298ef11d0469140077952f,3,34,0.980331301689148,0.01966869831085205,0.0
57298ef11d0469140077952f,3,35,0.9845927953720093,0.015407204627990723,0.0
57298ef11d0469140077952f,3,36,0.9148896932601929,0.08511030673980713,0.0
5729efab3f37b319004785cf,1,0,0.9501489996910095,0.04985100030899048,0.0
5729efab3f37b319004785cf,1,1,0.9928690791130066,0.007130920886993408,0.0
5729efab3f37b319004785cf,1,2,0.990798830986023,0.00920116901397705,0.0
5729efab3f37b319004785cf,1,3,0.9883018732070923,0.011698126792907715,0.0
5729efab3f37b319004785cf,1,4,0.9854960441589355,0.014503955841064453,0.0
5729efab3f37b319004785cf,1,5,0.9841001033782959,0.0158998966217041,0.0
5729efab3f37b319004785cf,1,6,0.9850804209709167,0.014919579029083252,0.0
5729efab3f37b319004785cf,1,7,0.9843348264694214,0.015665173530578613,0.0
5729efab3f37b319004785cf,1,8,0.9832631945610046,0.01673680543899536,0.0
5729efab3f37b319004785cf,1,9,0.9836857318878174,0.016314268112182617,0.0
5729efab3f37b319004785cf,1,10,0.9827771186828613,0.017222881317138672,0.0
5729efab3f37b319004785cf,1,11,0.9866382479667664,0.013361752033233643,0.0
5729efab3f37b319004785cf,1,12,0.9863657355308533,0.013634264469146729,0.0
5729efab3f37b319004785cf,1,13,0.9892739653587341,0.01072603464126587,0.0
5729efab3f37b319004785cf,1,14,0.9892159700393677,0.010784029960632324,0.0
5729efab3f37b319004785cf,1,15,0.9907761216163635,0.009223878383636475,0.0
5729efab3f37b319004785cf,1,16,0.9914644956588745,0.008535504341125488,0.0
5729efab3f37b319004785cf,1,17,0.9920793771743774,0.007920622825622559,0.0
5729efab3f37b319004785cf,1,18,0.9921679496765137,0.007832050323486328,0.0
5729efab3f37b319004785cf,1,19,0.9922860860824585,0.007713913917541504,0.0
5729efab3f37b319004785cf,1,20,0.9924337863922119,0.007566213607788086,0.0
5729efab3f37b319004785cf,1,21,0.9924817085266113,0.007518291473388672,0.0
5729efab3f37b319004785cf,1,22,0.9926491975784302,0.007350802421569824,0.0
5729efab3f37b319004785cf,1,23,0.991314709186554,0.008685290813446045,0.0
5729efab3f37b319004785cf,1,24,0.9923973083496094,0.007602691650390625,0.0
5729efab3f37b319004785cf,1,25,0.9949153065681458,0.005084693431854248,0.0
5729efab3f37b319004785cf,1,26,0.9947393536567688,0.005260646343231201,0.0
5729efab3f37b319004785cf,1,27,0.9953951239585876,0.0046048760414123535,0.0
5729efab3f37b319004785cf,1,28,0.9936102032661438,0.006389796733856201,0.0
5729efab3f37b319004785cf,1,29,0.994100034236908,0.005899965763092041,0.0
5729efab3f37b319004785cf,1,30,0.9949362277984619,0.005063772201538086,0.0
5729efab3f37b319004785cf,1,31,0.9911388158798218,0.008861184120178223,0.0
5729efab3f37b319004785cf,1,32,0.9921369552612305,0.007863044738769531,0.0
5729efab3f37b319004785cf,1,33,0.9905785322189331,0.009421467781066895,0.0
5729efab3f37b319004785cf,1,34,0.9882956743240356,0.011704325675964355,0.0
5729efab3f37b319004785cf,1,35,0.9878445863723755,0.012155413627624512,0.0
5729efab3f37b319004785cf,1,36,0.944500744342804,0.055499255657196045,0.0
5729efab3f37b319004785cf,2,0,0.8829700946807861,0.11702990531921387,0.0
5729efab3f37b319004785cf,2,1,0.9816773533821106,0.018322646617889404,0.0
5729efab3f37b319004785cf,2,2,0.9738733768463135,0.026126623153686523,0.0
5729efab3f37b319004785cf,2,3,0.967885434627533,0.03211456537246704,0.0
5729efab3f37b319004785cf,2,4,0.9588307738304138,0.04116922616958618,0.0
5729efab3f37b319004785cf,2,5,0.9558444619178772,0.0441555380821228,0.0
5729efab3f37b319004785cf,2,6,0.9595367908477783,0.04046320915222168,0.0
5729efab3f37b319004785cf,2,7,0.9569638967514038,0.04303610324859619,0.0
5729efab3f37b319004785cf,2,8,0.9533257484436035,0.046674251556396484,0.0
5729efab3f37b319004785cf,2,9,0.9520953297615051,0.04790467023849487,0.0
5729efab3f37b319004785cf,2,10,0.9473415017127991,0.05265849828720093,0.0
5729efab3f37b319004785cf,2,11,0.9568490386009216,0.04315096139907837,0.0
5729efab3f37b319004785cf,2,12,0.9552736282348633,0.04472637176513672,0.0
5729efab3f37b319004785cf,2,13,0.9630002379417419,0.03699976205825806,0.0
5729efab3f37b319004785cf,2,14,0.9608408212661743,0.039159178733825684,0.0
5729efab3f37b319004785cf,2,15,0.9663630127906799,0.03363698720932007,0.0
5729efab3f37b319004785cf,2,16,0.9677475094795227,0.032252490520477295,0.0
5729efab3f37b319004785cf,2,17,0.9693850874900818,0.030614912509918213,0.0
5729efab3f37b319004785cf,2,18,0.9712293744087219,0.028770625591278076,0.0
5729efab3f37b319004785cf,2,19,0.9715665578842163,0.02843344211578369,0.0
5729efab3f37b319004785cf,2,20,0.9729254841804504,0.02707451581954956,0.0
5729efab3f37b319004785cf,2,21,0.9725719094276428,0.027428090572357178,0.0
5729efab3f37b319004785cf,2,22,0.9738374352455139,0.026162564754486084,0.0
5729efab3f37b319004785cf,2,23,0.9704070687294006,0.029592931270599365,0.0
5729efab3f37b319004785cf,2,24,0.9743075966835022,0.025692403316497803,0.0
5729efab3f37b319004785cf,2,25,0.9827253222465515,0.017274677753448486,0.0
5729efab3f37b319004785cf,2,26,0.9824312925338745,0.01756870746612549,0.0
5729efab3f37b319004785cf,2,27,0.9852154850959778,0.014784514904022217,0.0
5729efab3f37b319004785cf,2,28,0.9811639785766602,0.018836021423339844,0.0
5729efab3f37b319004785cf,2,29,0.9828400015830994,0.017159998416900635,0.0
5729efab3f37b319004785cf,2,30,0.9851199984550476,0.014880001544952393,0.0
5729efab3f37b319004785cf,2,31,0.978167712688446,0.021832287311553955,0.0
5729efab3f37b319004785cf,2,32,0.9806652665138245,0.019334733486175537,0.0
5729efab3f37b319004785cf,2,33,0.9778561592102051,0.022143840789794922,0.0
5729efab3f37b319004785cf,2,34,0.9741887450218201,0.02581125497817993,0.0
5729efab3f37b319004785cf,2,35,0.9766484498977661,0.023351550102233887,0.0
5729efab3f37b319004785cf,2,36,0.9096186757087708,0.09038132429122925,0.0
5729efab3f37b319004785cf,3,0,0.8233655095100403,0.17663449048995972,0.0
5729efab3f37b319004785cf,3,1,0.9636452794075012,0.03635472059249878,0.0
5729efab3f37b319004785cf,3,2,0.9528601169586182,0.047139883041381836,0.0
5729efab3f37b319004785cf,3,3,0.9424052238464355,0.05759477615356445,0.0
5729efab3f37b319004785cf,3,4,0.9227383732795715,0.07726162672042847,0.0
5729efab3f37b319004785cf,3,5,0.9180986285209656,0.08190137147903442,0.0
5729efab3f37b319004785cf,3,6,0.9251742959022522,0.0748257040977478,0.0
5729efab3f37b319004785cf,3,7,0.9248833060264587,0.07511669397354126,0.0
5729efab3f37b319004785cf,3,8,0.9200535416603088,0.07994645833969116,0.0
5729efab3f37b319004785cf,3,9,0.9167384505271912,0.08326154947280884,0.0
5729efab3f37b319004785cf,3,10,0.9113184809684753,0.08868151903152466,0.0
5729efab3f37b319004785cf,3,11,0.9236096739768982,0.0763903260231018,0.0
5729efab3f37b319004785cf,3,12,0.9212106466293335,0.0787893533706665,0.0
5729efab3f37b319004785cf,3,13,0.9330000877380371,0.06699991226196289,0.0
5729efab3f37b319004785cf,3,14,0.9295993447303772,0.0704006552696228,0.0
5729efab3f37b319004785cf,3,15,0.9380381107330322,0.06196188926696777,0.0
5729efab3f37b319004785cf,3,16,0.9408335089683533,0.05916649103164673,0.0
5729efab3f37b319004785cf,3,17,0.9420062303543091,0.05799376964569092,0.0
5729efab3f37b319004785cf,3,18,0.9432529211044312,0.05674707889556885,0.0
5729efab3f37b319004785cf,3,19,0.9441772103309631,0.055822789669036865,0.0
5729efab3f37b319004785cf,3,20,0.9479357600212097,0.05206423997879028,0.0
5729efab3f37b319004785cf,3,21,0.9466231465339661,0.053376853466033936,0.0
5729efab3f37b319004785cf,3,22,0.9488735198974609,0.05112648010253906,0.0
5729efab3f37b319004785cf,3,23,0.939854085445404,0.06014591455459595,0.0
5729efab3f37b319004785cf,3,24,0.9483401775360107,0.05165982246398926,0.0
5729efab3f37b319004785cf,3,25,0.963153600692749,0.03684639930725098,0.0
5729efab3f37b319004785cf,3,26,0.9618449211120605,0.03815507888793945,0.0
5729efab3f37b319004785cf,3,27,0.9669124484062195,0.03308755159378052,0.0
5729efab3f37b319004785cf,3,28,0.9625314474105835,0.037468552589416504,0.0
5729efab3f37b319004785cf,3,29,0.9649024605751038,0.03509753942489624,0.0
5729efab3f37b319004785cf,3,30,0.969481348991394,0.030518651008605957,0.0
5729efab3f37b319004785cf,3,31,0.9641760587692261,0.035823941230773926,0.0
5729efab3f37b319004785cf,3,32,0.966526985168457,0.03347301483154297,0.0
5729efab3f37b319004785cf,3,33,0.9617955684661865,0.03820443153381348,0.0
5729efab3f37b319004785cf,3,34,0.9532595276832581,0.04674047231674194,0.0
5729efab3f37b319004785cf,3,35,0.955156683921814,0.044843316078186035,0.0
5729efab3f37b319004785cf,3,36,0.851161003112793,0.14883899688720703,0.0
572a0c541d046914007796f5,1,0,0.9538138508796692,0.04618614912033081,0.0
572a0c541d046914007796f5,1,1,0.9907381534576416,0.009261846542358398,0.0
572a0c541d046914007796f5,1,2,0.9889408349990845,0.011059165000915527,0.0
572a0c541d046914007796f5,1,3,0.987166166305542,0.012833833694458008,0.0
572a0c541d046914007796f5,1,4,0.982469916343689,0.017530083656311035,0.0
572a0c541d046914007796f5,1,5,0.9844992160797119,0.015500783920288086,0.0
572a0c541d046914007796f5,1,6,0.9858784079551697,0.014121592044830322,0.0
572a0c541d046914007796f5,1,7,0.9833081960678101,0.01669180393218994,0.0
572a0c541d046914007796f5,1,8,0.98245769739151,0.01754230260848999,0.0
572a0c541d046914007796f5,1,9,0.980564296245575,0.01943570375442505,0.0
572a0c541d046914007796f5,1,10,0.9816269874572754,0.01837301254272461,0.0
572a0c541d046914007796f5,1,11,0.9852343201637268,0.014765679836273193,0.0
572a0c541d046914007796f5,1,12,0.9841830134391785,0.015816986560821533,0.0
572a0c541d046914007796f5,1,13,0.9868151545524597,0.013184845447540283,0.0
572a0c541d046914007796f5,1,14,0.9874560832977295,0.012543916702270508,0.0
572a0c541d046914007796f5,1,15,0.9897853136062622,0.010214686393737793,0.0
572a0c541d046914007796f5,1,16,0.990018904209137,0.009981095790863037,0.0
572a0c541d046914007796f5,1,17,0.9906419515609741,0.009358048439025879,0.0
572a0c541d046914007796f5,1,18,0.9907139539718628,0.009286046028137207,0.0
572a0c541d046914007796f5,1,19,0.9913612008094788,0.00863879919052124,0.0
572a0c541d046914007796f5,1,20,0.9907569885253906,0.009243011474609375,0.0
572a0c541d046914007796f5,1,21,0.9904305338859558,0.00956946611404419,0.0
572a0c541d046914007796f5,1,22,0.9905138611793518,0.009486138820648193,0.0
572a0c541d046914007796f5,1,23,0.9878961443901062,0.012103855609893799,0.0
572a0c541d046914007796f5,1,24,0.9894622564315796,0.01053774356842041,0.0
572a0c541d046914007796f5,1,25,0.9914901256561279,0.00850987434387207,0.0
572a0c541d046914007796f5,1,26,0.9903914928436279,0.00960850715637207,0.0
572a0c541d046914007796f5,1,27,0.9921561479568481,0.007843852043151855,0.0
572a0c541d046914007796f5,1,28,0.9913585782051086,0.008641421794891357,0.0
572a0c541d046914007796f5,1,29,0.9918514490127563,0.008148550987243652,0.0
572a0c541d046914007796f5,1,30,0.9929981231689453,0.0070018768310546875,0.0
572a0c541d046914007796f5,1,31,0.9935247302055359,0.006475269794464111,0.0
572a0c541d046914007796f5,1,32,0.9938443303108215,0.006155669689178467,0.0
572a0c541d046914007796f5,1,33,0.9932826161384583,0.006717383861541748,0.0
572a0c541d046914007796f5,1,34,0.9936913847923279,0.006308615207672119,0.0
572a0c541d046914007796f5,1,35,0.9950098991394043,0.004990100860595703,0.0
572a0c541d046914007796f5,1,36,0.9703391194343567,0.02966088056564331,0.0
572a0c541d046914007796f5,2,0,0.9054667353630066,0.09453326463699341,0.0
572a0c541d046914007796f5,2,1,0.9784708619117737,0.02152913808822632,0.0
572a0c541d046914007796f5,2,2,0.9722000360488892,0.02779996395111084,0.0
572a0c541d046914007796f5,2,3,0.964834451675415,0.03516554832458496,0.0
572a0c541d046914007796f5,2,4,0.9512999653816223,0.048700034618377686,0.0
572a0c541d046914007796f5,2,5,0.9498493671417236,0.05015063285827637,0.0
572a0c541d046914007796f5,2,6,0.9516449570655823,0.048355042934417725,0.0
572a0c541d046914007796f5,2,7,0.9454775452613831,0.05452245473861694,0.0
572a0c541d046914007796f5,2,8,0.9347107410430908,0.06528925895690918,0.0
572a0c541d046914007796f5,2,9,0.9324807524681091,0.06751924753189087,0.0
572a0c541d046914007796f5,2,10,0.9351317286491394,0.0648682713508606,0.0
572a0c541d046914007796f5,2,11,0.9466779232025146,0.05332207679748535,0.0
572a0c541d046914007796f5,2,12,0.9419124126434326,0.05808758735656738,0.0
572a0c541d046914007796f5,2,13,0.9542355537414551,0.04576444625854492,0.0
572a0c541d046914007796f5,2,14,0.9529822468757629,0.04701775312423706,0.0
572a0c541d046914007796f5,2,15,0.9615591168403625,0.03844088315963745,0.0
572a0c541d046914007796f5,2,16,0.9623402953147888,0.03765970468521118,0.0
572a0c541d046914007796f5,2,17,0.963860809803009,0.03613919019699097,0.0
572a0c541d046914007796f5,2,18,0.9629549384117126,0.037045061588287354,0.0
572a0c541d046914007796f5,2,19,0.9657034277915955,0.03429657220840454,0.0
572a0c541d046914007796f5,2,20,0.9652859568595886,0.03471404314041138,0.0
572a0c541d046914007796f5,2,21,0.965339720249176,0.034660279750823975,0.0
572a0c541d046914007796f5,2,22,0.9674773812294006,0.032522618770599365,0.0
572a0c541d046914007796f5,2,23,0.9611299633979797,0.038870036602020264,0.0
572a0c541d046914007796f5,2,24,0.9678121209144592,0.03218787908554077,0.0
572a0c541d046914007796f5,2,25,0.9757130742073059,0.024286925792694092,0.0
572a0c541d046914007796f5,2,26,0.9727944135665894,0.027205586433410645,0.0
572a0c541d046914007796f5,2,27,0.9775382280349731,0.022461771965026855,0.0
572a0c541d046914007796f5,2,28,0.9735813140869141,0.026418685913085938,0.0
572a0c541d046914007796f5,2,29,0.9758707284927368,0.024129271507263184,0.0
572a0c541d046914007796f5,2,30,0.9799124598503113,0.02008754014968872,0.0
572a0c541d046914007796f5,2,31,0.9792346954345703,0.020765304565429688,0.0
572a0c541d046914007796f5,2,32,0.9799048900604248,0.020095109939575195,0.0
572a0c541d046914007796f5,2,33,0.9779501557350159,0.02204984426498413,0.0
572a0c541d046914007796f5,2,34,0.9787335991859436,0.021266400814056396,0.0
572a0c541d046914007796f5,2,35,0.9821603894233704,0.01783961057662964,0.0
572a0c541d046914007796f5,2,36,0.9031054377555847,0.09689456224441528,0.0
572a0c541d046914007796f5,3,0,0.846173882484436,0.15382611751556396,0.0
572a0c541d046914007796f5,3,1,0.9626367092132568,0.037363290786743164,0.0
572a0c541d046914007796f5,3,2,0.9501003623008728,0.0498996376991272,0.0
572a0c541d046914007796f5,3,3,0.9356262683868408,0.06437373161315918,0.0
572a0c541d046914007796f5,3,4,0.9119113683700562,0.08808863162994385,0.0
572a0c541d046914007796f5,3,5,0.9157226085662842,0.08427739143371582,0.0
572a0c541d046914007796f5,3,6,0.9165381193161011,0.08346188068389893,0.0
572a0c541d046914007796f5,3,7,0.9095199108123779,0.09048008918762207,0.0
572a0c541d046914007796f5,3,8,0.8980150818824768,0.1019849181175232,0.0
572a0c541d046914007796f5,3,9,0.8955968618392944,0.10440313816070557,0.0
572a0c541d046914007796f5,3,10,0.8942564129829407,0.10574358701705933,0.0
572a0c541d046914007796f5,3,11,0.907076895236969,0.092923104763031,0.0
572a0c541d046914007796f5,3,12,0.9000259637832642,0.09997403621673584,0.0
572a0c541d046914007796f5,3,13,0.9176218509674072,0.08237814903259277,0.0
572a0c541d046914007796f5,3,14,0.9127640128135681,0.08723598718643188,0.0
572a0c541d046914007796f5,3,15,0.9283844828605652,0.07161551713943481,0.0
572a0c541d046914007796f5,3,16,0.9307264089584351,0.06927359104156494,0.0
572a0c541d046914007796f5,3,17,0.9327796697616577,0.06722033023834229,0.0
572a0c541d046914007796f5,3,18,0.9306142330169678,0.06938576698303223,0.0
572a0c541d046914007796f5,3,19,0.9363552927970886,0.06364470720291138,0.0
572a0c541d046914007796f5,3,20,0.9359451532363892,0.06405484676361084,0.0
572a0c541d046914007796f5,3,21,0.9364553689956665,0.0635446310043335,0.0
572a0c541d046914007796f5,3,22,0.9370779991149902,0.06292200088500977,0.0
572a0c541d046914007796f5,3,23,0.9245090484619141,0.07549095153808594,0.0
572a0c541d046914007796f5,3,24,0.9354519248008728,0.0645480751991272,0.0
572a0c541d046914007796f5,3,25,0.9519644975662231,0.048035502433776855,0.0
572a0c541d046914007796f5,3,26,0.9471042156219482,0.05289578437805176,0.0
572a0c541d046914007796f5,3,27,0.9561999440193176,0.04380005598068237,0.0
572a0c541d046914007796f5,3,28,0.94859778881073,0.05140221118927002,0.0
572a0c541d046914007796f5,3,29,0.9532521367073059,0.04674786329269409,0.0
572a0c541d046914007796f5,3,30,0.9601665735244751,0.0398334264755249,0.0
572a0c541d046914007796f5,3,31,0.9564131498336792,0.0435868501663208,0.0
572a0c541d046914007796f5,3,32,0.9606642127037048,0.039335787296295166,0.0
572a0c541d046914007796f5,3,33,0.9540404081344604,0.04595959186553955,0.0
572a0c541d046914007796f5,3,34,0.9503730535507202,0.049626946449279785,0.0
572a0c541d046914007796f5,3,35,0.9585285782814026,0.04147142171859741,0.0
572a0c541d046914007796f5,3,36,0.8298008441925049,0.17019915580749512,0.0
572fc8a904bcaa1900d76d20,1,0,0.7877735495567322,0.21222645044326782,0.0
572fc8a904bcaa1900d76d20,1,1,0.9467138051986694,0.053286194801330566,0.0
572fc8a904bcaa1900d76d20,1,2,0.9488157033920288,0.05118429660797119,0.0
572fc8a904bcaa1900d76d20,1,3,0.9476520419120789,0.05234795808792114,0.0
572fc8a904bcaa1900d76d20,1,4,0.9180365204811096,0.08196347951889038,0.0
572fc8a904bcaa1900d76d20,1,5,0.9159666895866394,0.0840333104133606,0.0
572fc8a904bcaa1900d76d20,1,6,0.9328410029411316,0.06715899705886841,0.0
572fc8a904bcaa1900d76d20,1,7,0.9207988381385803,0.07920116186141968,0.0
572fc8a904bcaa1900d76d20,1,8,0.9089238047599792,0.09107619524002075,0.0
572fc8a904bcaa1900d76d20,1,9,0.9119538068771362,0.08804619312286377,0.0
572fc8a904bcaa1900d76d20,1,10,0.9135187864303589,0.08648121356964111,0.0
572fc8a904bcaa1900d76d20,1,11,0.9315280914306641,0.06847190856933594,0.0
572fc8a904bcaa1900d76d20,1,12,0.9300593137741089,0.06994068622589111,0.0
572fc8a904bcaa1900d76d20,1,13,0.945084273815155,0.05491572618484497,0.0
572fc8a904bcaa1900d76d20,1,14,0.9437549114227295,0.05624508857727051,0.0
572fc8a904bcaa1900d76d20,1,15,0.9509629011154175,0.04903709888458252,0.0
572fc8a904bcaa1900d76d20,1,16,0.9514991044998169,0.048500895500183105,0.0
572fc8a904bcaa1900d76d20,1,17,0.9544951319694519,0.045504868030548096,0.0
572fc8a904bcaa1900d76d20,1,18,0.954193651676178,0.04580634832382202,0.0
572fc8a904bcaa1900d76d20,1,19,0.9566332697868347,0.04336673021316528,0.0
572fc8a904bcaa1900d76d20,1,20,0.9579678177833557,0.04203218221664429,0.0
572fc8a904bcaa1900d76d20,1,21,0.9568423628807068,0.04315763711929321,0.0
572fc8a904bcaa1900d76d20,1,22,0.9514089226722717,0.04859107732772827,0.0
572fc8a904bcaa1900d76d20,1,23,0.9478069543838501,0.0521930456161499,0.0
572fc8a904bcaa1900d76d20,1,24,0.954370379447937,0.04562962055206299,0.0
572fc8a904bcaa1900d76d20,1,25,0.9646424651145935,0.035357534885406494,0.0
572fc8a904bcaa1900d76d20,1,26,0.9658146500587463,0.03418534994125366,0.0
572fc8a904bcaa1900d76d20,1,27,0.969305157661438,0.03069484233856201,0.0
572fc8a904bcaa1900d76d20,1,28,0.9670948386192322,0.03290516138076782,0.0
572fc8a904bcaa1900d76d20,1,29,0.9707825183868408,0.02921748161315918,0.0
572fc8a904bcaa1900d76d20,1,30,0.9750999808311462,0.02490001916885376,0.0
572fc8a904bcaa1900d76d20,1,31,0.980911135673523,0.01908886432647705,0.0
572fc8a904bcaa1900d76d20,1,32,0.984356164932251,0.015643835067749023,0.0
572fc8a904bcaa1900d76d20,1,33,0.9855331182479858,0.01446688175201416,0.0
572fc8a904bcaa1900d76d20,1,34,0.9872846603393555,0.012715339660644531,0.0
572fc8a904bcaa1900d76d20,1,35,0.9921061396598816,0.007893860340118408,0.0
572fc8a904bcaa1900d76d20,1,36,0.9572522044181824,0.04274779558181763,0.0
572fc8a904bcaa1900d76d20,2,0,0.6787809133529663,0.3212190866470337,0.0
572fc8a904bcaa1900d76d20,2,1,0.9152858853340149,0.08471411466598511,0.0
572fc8a904bcaa1900d76d20,2,2,0.9105435013771057,0.08945649862289429,0.0
572fc8a904bcaa1900d76d20,2,3,0.901740312576294,0.09825968742370605,0.0
572fc8a904bcaa1900d76d20,2,4,0.8646902441978455,0.13530975580215454,0.0
572fc8a904bcaa1900d76d20,2,5,0.8546467423439026,0.1453532576560974,0.0
572fc8a904bcaa1900d76d20,2,6,0.8825550675392151,0.11744493246078491,0.0
572fc8a904bcaa1900d76d20,2,7,0.8685336709022522,0.1314663290977478,0.0
572fc8a904bcaa1900d76d20,2,8,0.8576727509498596,0.14232724905014038,0.0
572fc8a904bcaa1900d76d20,2,9,0.8653349876403809,0.13466501235961914,0.0
572fc8a904bcaa1900d76d20,2,10,0.8637382984161377,0.1362617015838623,0.0
572fc8a904bcaa1900d76d20,2,11,0.8823591470718384,0.11764085292816162,0.0
572fc8a904bcaa1900d76d20,2,12,0.8749646544456482,0.1250353455543518,0.0
572fc8a904bcaa1900d76d20,2,13,0.9017659425735474,0.09823405742645264,0.0
572fc8a904bcaa1900d76d20,2,14,0.8941864371299744,0.10581356287002563,0.0
572fc8a904bcaa1900d76d20,2,15,0.9072635769844055,0.09273642301559448,0.0
572fc8a904bcaa1900d76d20,2,16,0.9060378074645996,0.09396219253540039,0.0
572fc8a904bcaa1900d76d20,2,17,0.9092721343040466,0.09072786569595337,0.0
572fc8a904bcaa1900d76d20,2,18,0.9071921706199646,0.0928078293800354,0.0
572fc8a904bcaa1900d76d20,2,19,0.9120559096336365,0.08794409036636353,0.0
572fc8a904bcaa1900d76d20,2,20,0.9191843867301941,0.08081561326980591,0.0
572fc8a904bcaa1900d76d20,2,21,0.9175235629081726,0.08247643709182739,0.0
572fc8a904bcaa1900d76d20,2,22,0.9077844619750977,0.09221553802490234,0.0
572fc8a904bcaa1900d76d20,2,23,0.9026546478271484,0.09734535217285156,0.0
572fc8a904bcaa1900d76d20,2,24,0.9180729389190674,0.08192706108093262,0.0
572fc8a904bcaa1900d76d20,2,25,0.9406469464302063,0.0593530535697937,0.0
572fc8a904bcaa1900d76d20,2,26,0.9438343644142151,0.05616563558578491,0.0
572fc8a904bcaa1900d76d20,2,27,0.9495441317558289,0.05045586824417114,0.0
572fc8a904bcaa1900d76d20,2,28,0.9455656409263611,0.054434359073638916,0.0
572fc8a904bcaa1900d76d20,2,29,0.9519336819648743,0.04806631803512573,0.0
572fc8a904bcaa1900d76d20,2,30,0.959709882736206,0.040290117263793945,0.0
572fc8a904bcaa1900d76d20,2,31,0.9682278037071228,0.0317721962928772,0.0
572fc8a904bcaa1900d76d20,2,32,0.972497820854187,0.02750217914581299,0.0
572fc8a904bcaa1900d76d20,2,33,0.9743039608001709,0.0256960391998291,0.0
572fc8a904bcaa1900d76d20,2,34,0.9768379926681519,0.023162007331848145,0.0
572fc8a904bcaa1900d76d20,2,35,0.9845089912414551,0.015491008758544922,0.0
572fc8a904bcaa1900d76d20,2,36,0.922242283821106,0.07775771617889404,0.0
572fc8a904bcaa1900d76d20,3,0,0.5456946492195129,0.45430535078048706,0.0
572fc8a904bcaa1900d76d20,3,1,0.8815710544586182,0.11842894554138184,0.0
572fc8a904bcaa1900d76d20,3,2,0.8732649087905884,0.12673509120941162,0.0
572fc8a904bcaa1900d76d20,3,3,0.8594666123390198,0.14053338766098022,0.0
572fc8a904bcaa1900d76d20,3,4,0.7944798469543457,0.2055201530456543,0.0
572fc8a904bcaa1900d76d20,3,5,0.7941949367523193,0.20580506324768066,0.0
572fc8a904bcaa1900d76d20,3,6,0.8265549540519714,0.17344504594802856,0.0
572fc8a904bcaa1900d76d20,3,7,0.8053269982337952,0.19467300176620483,0.0
572fc8a904bcaa1900d76d20,3,8,0.8012613654136658,0.19873863458633423,0.0
572fc8a904bcaa1900d76d20,3,9,0.807937741279602,0.19206225872039795,0.0
572fc8a904bcaa1900d76d20,3,10,0.8016638159751892,0.1983361840248108,0.0
572fc8a904bcaa1900d76d20,3,11,0.8190564513206482,0.1809435486793518,0.0
572fc8a904bcaa1900d76d20,3,12,0.8135690689086914,0.1864309310913086,0.0
572fc8a904bcaa1900d76d20,3,13,0.8504706621170044,0.1495293378829956,0.0
572fc8a904bcaa1900d76d20,3,14,0.8345879316329956,0.1654120683670044,0.0
572fc8a904bcaa1900d76d20,3,15,0.8521867990493774,0.14781320095062256,0.0
572fc8a904bcaa1900d76d20,3,16,0.8518902659416199,0.14810973405838013,0.0
572fc8a904bcaa1900d76d20,3,17,0.8552906513214111,0.14470934867858887,0.0
572fc8a904bcaa1900d76d20,3,18,0.8530384302139282,0.14696156978607178,0.0
572fc8a904bcaa1900d76d20,3,19,0.8597838878631592,0.14021611213684082,0.0
572fc8a904bcaa1900d76d20,3,20,0.8683025240898132,0.13169747591018677,0.0
572fc8a904bcaa1900d76d20,3,21,0.8669125437736511,0.13308745622634888,0.0
572fc8a904bcaa1900d76d20,3,22,0.8554386496543884,0.14456135034561157,0.0
572fc8a904bcaa1900d76d20,3,23,0.8436267971992493,0.15637320280075073,0.0
572fc8a904bcaa1900d76d20,3,24,0.8656144142150879,0.1343855857849121,0.0
572fc8a904bcaa1900d76d20,3,25,0.8969229459762573,0.10307705402374268,0.0
572fc8a904bcaa1900d76d20,3,26,0.9036287069320679,0.09637129306793213,0.0
572fc8a904bcaa1900d76d20,3,27,0.91523677110672,0.08476322889328003,0.0
572fc8a904bcaa1900d76d20,3,28,0.910578727722168,0.08942127227783203,0.0
572fc8a904bcaa1900d76d20,3,29,0.9185283780097961,0.08147162199020386,0.0
572fc8a904bcaa1900d76d20,3,30,0.9312905073165894,0.06870949268341064,0.0
572fc8a904bcaa1900d76d20,3,31,0.9432610869407654,0.05673891305923462,0.0
572fc8a904bcaa1900d76d20,3,32,0.950244665145874,0.04975533485412598,0.0
572fc8a904bcaa1900d76d20,3,33,0.95223069190979,0.04776930809020996,0.0
572fc8a904bcaa1900d76d20,3,34,0.9543675780296326,0.04563242197036743,0.0
572fc8a904bcaa1900d76d20,3,35,0.9690936803817749,0.030906319618225098,0.0
572fc8a904bcaa1900d76d20,3,36,0.8437812328338623,0.1562187671661377,0.0
57300137b2c2fd1400568717,1,0,0.8625174164772034,0.13748258352279663,0.0
57300137b2c2fd1400568717,1,1,0.9768633842468262,0.023136615753173828,0.0
57300137b2c2fd1400568717,1,2,0.9876790046691895,0.012320995330810547,0.0
57300137b2c2fd1400568717,1,3,0.9881318807601929,0.011868119239807129,0.0
57300137b2c2fd1400568717,1,4,0.9840201139450073,0.015979886054992676,0.0
57300137b2c2fd1400568717,1,5,0.9788942933082581,0.021105706691741943,0.0
57300137b2c2fd1400568717,1,6,0.9790453314781189,0.020954668521881104,0.0
57300137b2c2fd1400568717,1,7,0.9661363959312439,0.033863604068756104,0.0
57300137b2c2fd1400568717,1,8,0.9668453335762024,0.03315466642379761,0.0
57300137b2c2fd1400568717,1,9,0.9652504920959473,0.034749507904052734,0.0
57300137b2c2fd1400568717,1,10,0.9664046764373779,0.03359532356262207,0.0
57300137b2c2fd1400568717,1,11,0.9690383076667786,0.030961692333221436,0.0
57300137b2c2fd1400568717,1,12,0.9664245843887329,0.03357541561126709,0.0
57300137b2c2fd1400568717,1,13,0.9708207249641418,0.029179275035858154,0.0
57300137b2c2fd1400568717,1,14,0.968995988368988,0.031004011631011963,0.0
57300137b2c2fd1400568717,1,15,0.9718540906906128,0.028145909309387207,0.0
57300137b2c2fd1400568717,1,16,0.9744328260421753,0.025567173957824707,0.0
57300137b2c2fd1400568717,1,17,0.9753267765045166,0.0246732234954834,0.0
57300137b2c2fd1400568717,1,18,0.976057231426239,0.023942768573760986,0.0
57300137b2c2fd1400568717,1,19,0.9767310619354248,0.023268938064575195,0.0
57300137b2c2fd1400568717,1,20,0.9780070781707764,0.021992921829223633,0.0
57300137b2c2fd1400568717,1,21,0.9769493341445923,0.023050665855407715,0.0
57300137b2c2fd1400568717,1,22,0.9765015840530396,0.02349841594696045,0.0
57300137b2c2fd1400568717,1,23,0.9761542677879333,0.02384573221206665,0.0
57300137b2c2fd1400568717,1,24,0.9780941605567932,0.021905839443206787,0.0
57300137b2c2fd1400568717,1,25,0.9853558540344238,0.014644145965576172,0.0
57300137b2c2fd1400568717,1,26,0.9851508736610413,0.01484912633895874,0.0
57300137b2c2fd1400568717,1,27,0.9868623614311218,0.013137638568878174,0.0
57300137b2c2fd1400568717,1,28,0.9859992265701294,0.014000773429870605,0.0
57300137b2c2fd1400568717,1,29,0.9866123795509338,0.013387620449066162,0.0
57300137b2c2fd1400568717,1,30,0.9877364039421082,0.012263596057891846,0.0
57300137b2c2fd1400568717,1,31,0.9896952509880066,0.010304749011993408,0.0
57300137b2c2fd1400568717,1,32,0.9911687970161438,0.008831202983856201,0.0
57300137b2c2fd1400568717,1,33,0.991291344165802,0.008708655834197998,0.0
57300137b2c2fd1400568717,1,34,0.9913301467895508,0.008669853210449219,0.0
57300137b2c2fd1400568717,1,35,0.9932264685630798,0.006773531436920166,0.0
57300137b2c2fd1400568717,1,36,0.9799396991729736,0.020060300827026367,0.0
57300137b2c2fd1400568717,2,0,0.770342230796814,0.22965776920318604,0.0
57300137b2c2fd1400568717,2,1,0.9578886032104492,0.04211139678955078,0.0
57300137b2c2fd1400568717,2,2,0.978397011756897,0.021602988243103027,0.0
57300137b2c2fd1400568717,2,3,0.978992223739624,0.021007776260375977,0.0
57300137b2c2fd1400568717,2,4,0.96986985206604,0.03013014793395996,0.0
57300137b2c2fd1400568717,2,5,0.9628193974494934,0.03718060255050659,0.0
57300137b2c2fd1400568717,2,6,0.9615203738212585,0.038479626178741455,0.0
57300137b2c2fd1400568717,2,7,0.9392174482345581,0.060782551765441895,0.0
57300137b2c2fd1400568717,2,8,0.9295591115951538,0.07044088840484619,0.0
57300137b2c2fd1400568717,2,9,0.9263444542884827,0.07365554571151733,0.0
57300137b2c2fd1400568717,2,10,0.9286807179450989,0.07131928205490112,0.0
57300137b2c2fd1400568717,2,11,0.9361664652824402,0.06383353471755981,0.0
57300137b2c2fd1400568717,2,12,0.930263340473175,0.06973665952682495,0.0
57300137b2c2fd1400568717,2,13,0.9417741298675537,0.05822587013244629,0.0
57300137b2c2fd1400568717,2,14,0.9392516613006592,0.06074833869934082,0.0
57300137b2c2fd1400568717,2,15,0.9466748237609863,0.05332517623901367,0.0
57300137b2c2fd1400568717,2,16,0.9482605457305908,0.05173945426940918,0.0
57300137b2c2fd1400568717,2,17,0.9485529661178589,0.05144703388214111,0.0
57300137b2c2fd1400568717,2,18,0.9496153593063354,0.05038464069366455,0.0
57300137b2c2fd1400568717,2,19,0.9518918991088867,0.04810810089111328,0.0
57300137b2c2fd1400568717,2,20,0.9554425477981567,0.04455745220184326,0.0
57300137b2c2fd1400568717,2,21,0.9540689587593079,0.04593104124069214,0.0
57300137b2c2fd1400568717,2,22,0.9546611309051514,0.04533886909484863,0.0
57300137b2c2fd1400568717,2,23,0.9507302641868591,0.04926973581314087,0.0
57300137b2c2fd1400568717,2,24,0.956002950668335,0.04399704933166504,0.0
57300137b2c2fd1400568717,2,25,0.9709843993186951,0.02901560068130493,0.0
57300137b2c2fd1400568717,2,26,0.9715339541435242,0.02846604585647583,0.0
57300137b2c2fd1400568717,2,27,0.9753229022026062,0.0246770977973938,0.0
57300137b2c2fd1400568717,2,28,0.97385573387146,0.02614426612854004,0.0
57300137b2c2fd1400568717,2,29,0.9747095704078674,0.02529042959213257,0.0
57300137b2c2fd1400568717,2,30,0.9777055978775024,0.02229440212249756,0.0
57300137b2c2fd1400568717,2,31,0.9793079495429993,0.020692050457000732,0.0
57300137b2c2fd1400568717,2,32,0.9823201894760132,0.017679810523986816,0.0
57300137b2c2fd1400568717,2,33,0.9828498363494873,0.017150163650512695,0.0
57300137b2c2fd1400568717,2,34,0.9836703538894653,0.016329646110534668,0.0
57300137b2c2fd1400568717,2,35,0.9869424104690552,0.013057589530944824,0.0
57300137b2c2fd1400568717,2,36,0.948979377746582,0.05102062225341797,0.0
57300137b2c2fd1400568717,3,0,0.6803736686706543,0.3196263313293457,0.0
57300137b2c2fd1400568717,3,1,0.9344298839569092,0.06557011604309082,0.0
57300137b2c2fd1400568717,3,2,0.9649011492729187,0.0350988507270813,0.0
57300137b2c2fd1400568717,3,3,0.9655572772026062,0.0344427227973938,0.0
57300137b2c2fd1400568717,3,4,0.9494327306747437,0.05056726932525635,0.0
57300137b2c2fd1400568717,3,5,0.9365900754928589,0.06340992450714111,0.0
57300137b2c2fd1400568717,3,6,0.9346218109130859,0.06537818908691406,0.0
57300137b2c2fd1400568717,3,7,0.9006631374359131,0.09933686256408691,0.0
57300137b2c2fd1400568717,3,8,0.8886306285858154,0.11136937141418457,0.0
57300137b2c2fd1400568717,3,9,0.8825814127922058,0.11741858720779419,0.0
57300137b2c2fd1400568717,3,10,0.8783671855926514,0.12163281440734863,0.0
57300137b2c2fd1400568717,3,11,0.8884091973304749,0.11159080266952515,0.0
57300137b2c2fd1400568717,3,12,0.877714216709137,0.12228578329086304,0.0
57300137b2c2fd1400568717,3,13,0.8977078795433044,0.10229212045669556,0.0
57300137b2c2fd1400568717,3,14,0.8888806700706482,0.1111193299293518,0.0
57300137b2c2fd1400568717,3,15,0.9046618938446045,0.09533810615539551,0.0
57300137b2c2fd1400568717,3,16,0.9052481651306152,0.09475183486938477,0.0
57300137b2c2fd1400568717,3,17,0.9024389386177063,0.0975610613822937,0.0
57300137b2c2fd1400568717,3,18,0.9059472680091858,0.09405273199081421,0.0
57300137b2c2fd1400568717,3,19,0.9110240936279297,0.08897590637207031,0.0
57300137b2c2fd1400568717,3,20,0.9173249006271362,0.08267509937286377,0.0
57300137b2c2fd1400568717,3,21,0.9167069792747498,0.08329302072525024,0.0
57300137b2c2fd1400568717,3,22,0.9169658422470093,0.08303415775299072,0.0
57300137b2c2fd1400568717,3,23,0.9100899696350098,0.08991003036499023,0.0
57300137b2c2fd1400568717,3,24,0.9207522869110107,0.07924771308898926,0.0
57300137b2c2fd1400568717,3,25,0.9480390548706055,0.05196094512939453,0.0
57300137b2c2fd1400568717,3,26,0.9494289755821228,0.0505710244178772,0.0
57300137b2c2fd1400568717,3,27,0.9558733105659485,0.044126689434051514,0.0
57300137b2c2fd1400568717,3,28,0.9543382525444031,0.045661747455596924,0.0
57300137b2c2fd1400568717,3,29,0.9568319916725159,0.04316800832748413,0.0
57300137b2c2fd1400568717,3,30,0.9611997008323669,0.03880029916763306,0.0
57300137b2c2fd1400568717,3,31,0.9661409258842468,0.033859074115753174,0.0
57300137b2c2fd1400568717,3,32,0.9710005521774292,0.0289994478225708,0.0
57300137b2c2fd1400568717,3,33,0.972602128982544,0.027397871017456055,0.0
57300137b2c2fd1400568717,3,34,0.9731230735778809,0.02687692642211914,0.0
57300137b2c2fd1400568717,3,35,0.97978675365448,0.02021324634552002,0.0
57300137b2c2fd1400568717,3,36,0.9242166876792908,0.07578331232070923,0.0
5730a40f396df91900096237,1,0,0.9444747567176819,0.055525243282318115,0.0
5730a40f396df91900096237,1,1,0.9858241081237793,0.014175891876220703,0.0
5730a40f396df91900096237,1,2,0.9847590327262878,0.015240967273712158,0.0
5730a40f396df91900096237,1,3,0.9837244153022766,0.01627558469772339,0.0
5730a40f396df91900096237,1,4,0.9659345746040344,0.034065425395965576,0.0
5730a40f396df91900096237,1,5,0.9725213646888733,0.02747863531112671,0.0
5730a40f396df91900096237,1,6,0.9751632809638977,0.024836719036102295,0.0
5730a40f396df91900096237,1,7,0.9700387120246887,0.02996128797531128,0.0
5730a40f396df91900096237,1,8,0.9692018628120422,0.030798137187957764,0.0
5730a40f396df91900096237,1,9,0.9722180366516113,0.027781963348388672,0.0
5730a40f396df91900096237,1,10,0.97202467918396,0.02797532081604004,0.0
5730a40f396df91900096237,1,11,0.9762734174728394,0.023726582527160645,0.0
5730a40f396df91900096237,1,12,0.9750483632087708,0.024951636791229248,0.0
5730a40f396df91900096237,1,13,0.9794348478317261,0.020565152168273926,0.0
5730a40f396df91900096237,1,14,0.9796990752220154,0.02030092477798462,0.0
5730a40f396df91900096237,1,15,0.9832108020782471,0.01678919792175293,0.0
5730a40f396df91900096237,1,16,0.9821905493736267,0.01780945062637329,0.0
5730a40f396df91900096237,1,17,0.9848241806030273,0.015175819396972656,0.0
5730a40f396df91900096237,1,18,0.9852655529975891,0.014734447002410889,0.0
5730a40f396df91900096237,1,19,0.9851939678192139,0.014806032180786133,0.0
5730a40f396df91900096237,1,20,0.9857645034790039,0.014235496520996094,0.0
5730a40f396df91900096237,1,21,0.9856275916099548,0.014372408390045166,0.0
5730a40f396df91900096237,1,22,0.9860191941261292,0.01398080587387085,0.0
5730a40f396df91900096237,1,23,0.9845550060272217,0.01544499397277832,0.0
5730a40f396df91900096237,1,24,0.9876614809036255,0.012338519096374512,0.0
5730a40f396df91900096237,1,25,0.9896897673606873,0.010310232639312744,0.0
5730a40f396df91900096237,1,26,0.9894530177116394,0.010546982288360596,0.0
5730a40f396df91900096237,1,27,0.9890294671058655,0.010970532894134521,0.0
5730a40f396df91900096237,1,28,0.9889125227928162,0.011087477207183838,0.0
5730a40f396df91900096237,1,29,0.9900129437446594,0.009987056255340576,0.0
5730a40f396df91900096237,1,30,0.9910630583763123,0.008936941623687744,0.0
5730a40f396df91900096237,1,31,0.9924055337905884,0.007594466209411621,0.0
5730a40f396df91900096237,1,32,0.9921815991401672,0.007818400859832764,0.0
5730a40f396df91900096237,1,33,0.9924712777137756,0.007528722286224365,0.0
5730a40f396df91900096237,1,34,0.991765558719635,0.00823444128036499,0.0
5730a40f396df91900096237,1,35,0.9937829375267029,0.006217062473297119,0.0
5730a40f396df91900096237,1,36,0.9701734781265259,0.02982652187347412,0.0
5730a40f396df91900096237,2,0,0.8984615802764893,0.10153841972351074,0.0
5730a40f396df91900096237,2,1,0.9682909846305847,0.03170901536941528,0.0
5730a40f396df91900096237,2,2,0.9685193300247192,0.03148066997528076,0.0
5730a40f396df91900096237,2,3,0.9651322960853577,0.034867703914642334,0.0
5730a40f396df91900096237,2,4,0.940290629863739,0.059709370136260986,0.0
5730a40f396df91900096237,2,5,0.9438408613204956,0.056159138679504395,0.0
5730a40f396df91900096237,2,6,0.9490520358085632,0.05094796419143677,0.0
5730a40f396df91900096237,2,7,0.9333559274673462,0.06664407253265381,0.0
5730a40f396df91900096237,2,8,0.9290419220924377,0.07095807790756226,0.0
5730a40f396df91900096237,2,9,0.9295188188552856,0.07048118114471436,0.0
5730a40f396df91900096237,2,10,0.9280340075492859,0.07196599245071411,0.0
5730a40f396df91900096237,2,11,0.9322893619537354,0.06771063804626465,0.0
5730a40f396df91900096237,2,12,0.9313168525695801,0.06868314743041992,0.0
5730a40f396df91900096237,2,13,0.9461116790771484,0.05388832092285156,0.0
5730a40f396df91900096237,2,14,0.9433954358100891,0.05660456418991089,0.0
5730a40f396df91900096237,2,15,0.9548032879829407,0.045196712017059326,0.0
5730a40f396df91900096237,2,16,0.9558042287826538,0.04419577121734619,0.0
5730a40f396df91900096237,2,17,0.95979905128479,0.04020094871520996,0.0
5730a40f396df91900096237,2,18,0.9616819024085999,0.038318097591400146,0.0
5730a40f396df91900096237,2,19,0.96242755651474,0.03757244348526001,0.0
5730a40f396df91900096237,2,20,0.9645851850509644,0.035414814949035645,0.0
5730a40f396df91900096237,2,21,0.9632644057273865,0.036735594272613525,0.0
5730a40f396df91900096237,2,22,0.9644657969474792,0.03553420305252075,0.0
5730a40f396df91900096237,2,23,0.9533500075340271,0.0466499924659729,0.0
5730a40f396df91900096237,2,24,0.9623440504074097,0.03765594959259033,0.0
5730a40f396df91900096237,2,25,0.9690098762512207,0.030990123748779297,0.0
5730a40f396df91900096237,2,26,0.9705321788787842,0.02946782112121582,0.0
5730a40f396df91900096237,2,27,0.9737908840179443,0.026209115982055664,0.0
5730a40f396df91900096237,2,28,0.9727643132209778,0.027235686779022217,0.0
5730a40f396df91900096237,2,29,0.9756725430488586,0.024327456951141357,0.0
5730a40f396df91900096237,2,30,0.9778710007667542,0.02212899923324585,0.0
5730a40f396df91900096237,2,31,0.9766855835914612,0.02331441640853882,0.0
5730a40f396df91900096237,2,32,0.9791382551193237,0.02086174488067627,0.0
5730a40f396df91900096237,2,33,0.9790545105934143,0.020945489406585693,0.0
5730a40f396df91900096237,2,34,0.978065550327301,0.021934449672698975,0.0
5730a40f396df91900096237,2,35,0.9825125336647034,0.01748746633529663,0.0
5730a40f396df91900096237,2,36,0.9121053814888,0.08789461851119995,0.0
5730a40f396df91900096237,3,0,0.8378553986549377,0.16214460134506226,-0.125
5730a40f396df91900096237,3,1,0.9421196579933167,0.05788034200668335,-0.125
5730a40f396df91900096237,3,2,0.942449688911438,0.05755031108856201,-0.125
5730a40f396df91900096237,3,3,0.9309015870094299,0.06909841299057007,-0.125
5730a40f396df91900096237,3,4,0.8971998691558838,0.10280013084411621,-0.125
5730a40f396df91900096237,3,5,0.9040192365646362,0.09598076343536377,-0.125
5730a40f396df91900096237,3,6,0.9067396521568298,0.09326034784317017,-0.125
5730a40f396df91900096237,3,7,0.8819823265075684,0.11801767349243164,-0.125
5730a40f396df91900096237,3,8,0.8680614233016968,0.13193857669830322,-0.125
5730a40f396df91900096237,3,9,0.8628224730491638,0.13717752695083618,-0.125
5730a40f396df91900096237,3,10,0.8563120365142822,0.14368796348571777,-0.125
5730a40f396df91900096237,3,11,0.8739385604858398,0.12606143951416016,-0.125
5730a40f396df91900096237,3,12,0.8722413778305054,0.12775862216949463,-0.125
5730a40f396df91900096237,3,13,0.9023540616035461,0.09764593839645386,-0.125
5730a40f396df91900096237,3,14,0.9013206958770752,0.0986793041229248,-0.125
5730a40f396df91900096237,3,15,0.9189090132713318,0.08109098672866821,-0.125
5730a40f396df91900096237,3,16,0.9215553402900696,0.07844465970993042,-0.125
5730a40f396df91900096237,3,17,0.9258197546005249,0.0741802453994751,-0.125
5730a40f396df91900096237,3,18,0.9293083548545837,0.07069164514541626,-0.125
5730a40f396df91900096237,3,19,0.9309492111206055,0.06905078887939453,-0.125
5730a40f396df91900096237,3,20,0.9341338872909546,0.06586611270904541,-0.125
5730a40f396df91900096237,3,21,0.9345254302024841,0.06547456979751587,-0.125
5730a40f396df91900096237,3,22,0.934747040271759,0.06525295972824097,-0.125
5730a40f396df91900096237,3,23,0.9179149270057678,0.08208507299423218,-0.125
5730a40f396df91900096237,3,24,0.9305706024169922,0.06942939758300781,-0.125
5730a40f396df91900096237,3,25,0.9440693259239197,0.05593067407608032,-0.125
5730a40f396df91900096237,3,26,0.946732223033905,0.05326777696609497,-0.125
5730a40f396df91900096237,3,27,0.9542014598846436,0.045798540115356445,-0.125
5730a40f396df91900096237,3,28,0.9487922787666321,0.05120772123336792,-0.125
5730a40f396df91900096237,3,29,0.9543699026107788,0.04563009738922119,-0.125
5730a40f396df91900096237,3,30,0.9591389298439026,0.04086107015609741,-0.125
5730a40f396df91900096237,3,31,0.954947829246521,0.045052170753479004,-0.125
5730a40f396df91900096237,3,32,0.9607263803482056,0.039273619651794434,-0.125
5730a40f396df91900096237,3,33,0.9580720067024231,0.041927993297576904,-0.125
5730a40f396df91900096237,3,34,0.9543070793151855,0.04569292068481445,-0.125
5730a40f396df91900096237,3,35,0.9632710814476013,0.03672891855239868,-0.125
5730a40f396df91900096237,3,36,0.8447120189666748,0.1552879810333252,-0.125
5733ea04d058e614000b6596,1,0,0.8255529403686523,0.17444705963134766,0.0
5733ea04d058e614000b6596,1,1,0.9578041434288025,0.04219585657119751,0.0
5733ea04d058e614000b6596,1,2,0.9637361168861389,0.036263883113861084,0.0
5733ea04d058e614000b6596,1,3,0.9659979939460754,0.03400200605392456,0.0
5733ea04d058e614000b6596,1,4,0.9442748427391052,0.055725157260894775,0.0
5733ea04d058e614000b6596,1,5,0.9474895596504211,0.05251044034957886,0.0
5733ea04d058e614000b6596,1,6,0.9566722512245178,0.04332774877548218,0.0
5733ea04d058e614000b6596,1,7,0.9447029829025269,0.055297017097473145,0.0
5733ea04d058e614000b6596,1,8,0.9450107216835022,0.0549892783164978,0.0
5733ea04d058e614000b6596,1,9,0.9486592411994934,0.05134075880050659,0.0
5733ea04d058e614000b6596,1,10,0.9525435566902161,0.047456443309783936,0.0
5733ea04d058e614000b6596,1,11,0.9586338400840759,0.04136615991592407,0.0
5733ea04d058e614000b6596,1,12,0.9587669372558594,0.041233062744140625,0.0
5733ea04d058e614000b6596,1,13,0.9640121459960938,0.03598785400390625,0.0
5733ea04d058e614000b6596,1,14,0.9651674628257751,0.034832537174224854,0.0
5733ea04d058e614000b6596,1,15,0.9672337770462036,0.03276622295379639,0.0
5733ea04d058e614000b6596,1,16,0.9692481756210327,0.030751824378967285,0.0
5733ea04d058e614000b6596,1,17,0.9676489233970642,0.03235107660293579,0.0
5733ea04d058e614000b6596,1,18,0.9690445065498352,0.030955493450164795,0.0
5733ea04d058e614000b6596,1,19,0.968166708946228,0.03183329105377197,0.0
5733ea04d058e614000b6596,1,20,0.9663434624671936,0.033656537532806396,0.0
5733ea04d058e614000b6596,1,21,0.9656686186790466,0.03433138132095337,0.0
5733ea04d058e614000b6596,1,22,0.9636433720588684,0.03635662794113159,0.0
5733ea04d058e614000b6596,1,23,0.9630838632583618,0.036916136741638184,0.0
5733ea04d058e614000b6596,1,24,0.9663521647453308,0.03364783525466919,0.0
5733ea04d058e614000b6596,1,25,0.9675446152687073,0.032455384731292725,0.0
5733ea04d058e614000b6596,1,26,0.9657902121543884,0.03420978784561157,0.0
5733ea04d058e614000b6596,1,27,0.968330979347229,0.031669020652770996,0.0
5733ea04d058e614000b6596,1,28,0.9700773358345032,0.029922664165496826,0.0
5733ea04d058e614000b6596,1,29,0.9726850390434265,0.027314960956573486,0.0
5733ea04d058e614000b6596,1,30,0.976274847984314,0.023725152015686035,0.0
5733ea04d058e614000b6596,1,31,0.9813443422317505,0.01865565776824951,0.0
5733ea04d058e614000b6596,1,32,0.9846370220184326,0.015362977981567383,0.0
5733ea04d058e614000b6596,1,33,0.9866739511489868,0.013326048851013184,0.0
5733ea04d058e614000b6596,1,34,0.9897223114967346,0.01027768850326538,0.0
5733ea04d058e614000b6596,1,35,0.9930539131164551,0.006946086883544922,0.0
5733ea04d058e614000b6596,1,36,0.9693745374679565,0.030625462532043457,0.0
5733ea04d058e614000b6596,2,0,0.6508274674415588,0.34917253255844116,0.0
5733ea04d058e614000b6596,2,1,0.9241557717323303,0.07584422826766968,0.0
5733ea04d058e614000b6596,2,2,0.9345033168792725,0.06549668312072754,0.0
5733ea04d058e614000b6596,2,3,0.9341692924499512,0.06583070755004883,0.0
5733ea04d058e614000b6596,2,4,0.8989161849021912,0.10108381509780884,0.0
5733ea04d058e614000b6596,2,5,0.8998464941978455,0.10015350580215454,0.0
5733ea04d058e614000b6596,2,6,0.913626492023468,0.08637350797653198,0.0
5733ea04d058e614000b6596,2,7,0.8962131142616272,0.1037868857383728,0.0
5733ea04d058e614000b6596,2,8,0.8908172845840454,0.10918271541595459,0.0
5733ea04d058e614000b6596,2,9,0.8923673033714294,0.10763269662857056,0.0
5733ea04d058e614000b6596,2,10,0.8945379853248596,0.10546201467514038,0.0
5733ea04d058e614000b6596,2,11,0.9080417156219482,0.09195828437805176,0.0
5733ea04d058e614000b6596,2,12,0.9068034291267395,0.0931965708732605,0.0
5733ea04d058e614000b6596,2,13,0.9222080707550049,0.07779192924499512,0.0
5733ea04d058e614000b6596,2,14,0.9232429265975952,0.07675707340240479,0.0
5733ea04d058e614000b6596,2,15,0.9306519627571106,0.0693480372428894,0.0
5733ea04d058e614000b6596,2,16,0.9341161847114563,0.0658838152885437,0.0
5733ea04d058e614000b6596,2,17,0.9327734708786011,0.06722652912139893,0.0
5733ea04d058e614000b6596,2,18,0.934672474861145,0.06532752513885498,0.0
5733ea04d058e614000b6596,2,19,0.9361655712127686,0.06383442878723145,0.0
5733ea04d058e614000b6596,2,20,0.9348759055137634,0.06512409448623657,0.0
5733ea04d058e614000b6596,2,21,0.9359790682792664,0.06402093172073364,0.0
5733ea04d058e614000b6596,2,22,0.933821439743042,0.06617856025695801,0.0
5733ea04d058e614000b6596,2,23,0.9289271235466003,0.07107287645339966,0.0
5733ea04d058e614000b6596,2,24,0.9380711913108826,0.06192880868911743,0.0
5733ea04d058e614000b6596,2,25,0.9472517967224121,0.05274820327758789,0.0
5733ea04d058e614000b6596,2,26,0.9439932703971863,0.05600672960281372,0.0
5733ea04d058e614000b6596,2,27,0.9494691491127014,0.050530850887298584,0.0
5733ea04d058e614000b6596,2,28,0.9510599970817566,0.04894000291824341,0.0
5733ea04d058e614000b6596,2,29,0.9547027945518494,0.045297205448150635,0.0
5733ea04d058e614000b6596,2,30,0.9597756266593933,0.04022437334060669,0.0
5733ea04d058e614000b6596,2,31,0.9669671654701233,0.03303283452987671,0.0
5733ea04d058e614000b6596,2,32,0.9720323085784912,0.02796769142150879,0.0
5733ea04d058e614000b6596,2,33,0.9742904901504517,0.02570950984954834,0.0
5733ea04d058e614000b6596,2,34,0.9781335592269897,0.021866440773010254,0.0
5733ea04d058e614000b6596,2,35,0.9854573011398315,0.014542698860168457,0.0
5733ea04d058e614000b6596,2,36,0.94645756483078,0.05354243516921997,0.0
5733ea04d058e614000b6596,3,0,0.5095223784446716,0.49047762155532837,0.0
5733ea04d058e614000b6596,3,1,0.8905826210975647,0.1094173789024353,0.0
5733ea04d058e614000b6596,3,2,0.8852322101593018,0.11476778984069824,0.0
5733ea04d058e614000b6596,3,3,0.8703448176383972,0.12965518236160278,0.0
5733ea04d058e614000b6596,3,4,0.828107476234436,0.17189252376556396,0.0
5733ea04d058e614000b6596,3,5,0.8181212544441223,0.18187874555587769,0.0
5733ea04d058e614000b6596,3,6,0.8340327143669128,0.16596728563308716,0.0
5733ea04d058e614000b6596,3,7,0.7991456985473633,0.20085430145263672,0.0
5733ea04d058e614000b6596,3,8,0.7660340666770935,0.2339659333229065,0.0
5733ea04d058e614000b6596,3,9,0.7549260258674622,0.24507397413253784,0.0
5733ea04d058e614000b6596,3,10,0.7582288384437561,0.2417711615562439,0.0
5733ea04d058e614000b6596,3,11,0.8001318573951721,0.19986814260482788,0.0
5733ea04d058e614000b6596,3,12,0.8022248148918152,0.19777518510818481,0.0
5733ea04d058e614000b6596,3,13,0.8403110504150391,0.15968894958496094,0.0
5733ea04d058e614000b6596,3,14,0.8386326432228088,0.16136735677719116,0.0
5733ea04d058e614000b6596,3,15,0.8636988997459412,0.13630110025405884,0.0
5733ea04d058e614000b6596,3,16,0.8658715486526489,0.13412845134735107,0.0
5733ea04d058e614000b6596,3,17,0.8680956959724426,0.13190430402755737,0.0
5733ea04d058e614000b6596,3,18,0.8745403289794922,0.1254596710205078,0.0
5733ea04d058e614000b6596,3,19,0.8825794458389282,0.11742055416107178,0.0
5733ea04d058e614000b6596,3,20,0.8826672434806824,0.11733275651931763,0.0
5733ea04d058e614000b6596,3,21,0.8816892504692078,0.11831074953079224,0.0
5733ea04d058e614000b6596,3,22,0.8811706304550171,0.11882936954498291,0.0
5733ea04d058e614000b6596,3,23,0.8652166128158569,0.13478338718414307,0.0
5733ea04d058e614000b6596,3,24,0.8830125331878662,0.11698746681213379,0.0
5733ea04d058e614000b6596,3,25,0.9143983721733093,0.08560162782669067,0.0
5733ea04d058e614000b6596,3,26,0.9156957864761353,0.08430421352386475,0.0
5733ea04d058e614000b6596,3,27,0.9270840287208557,0.07291597127914429,0.0
5733ea04d058e614000b6596,3,28,0.922935426235199,0.07706457376480103,0.0
5733ea04d058e614000b6596,3,29,0.9298798441886902,0.07012015581130981,0.0
5733ea04d058e614000b6596,3,30,0.937812328338623,0.06218767166137695,0.0
5733ea04d058e614000b6596,3,31,0.94205242395401,0.05794757604598999,0.0
5733ea04d058e614000b6596,3,32,0.9509487152099609,0.04905128479003906,0.0
5733ea04d058e614000b6596,3,33,0.9508671164512634,0.04913288354873657,0.0
5733ea04d058e614000b6596,3,34,0.9517467021942139,0.04825329780578613,0.0
5733ea04d058e614000b6596,3,35,0.9611148238182068,0.03888517618179321,0.0
5733ea04d058e614000b6596,3,36,0.8518410921096802,0.14815890789031982,0.0
57378c9b1c456719005744a9,1,0,0.8658144474029541,0.1341855525970459,0.0
57378c9b1c456719005744a9,1,1,0.9725226163864136,0.027477383613586426,0.0
57378c9b1c456719005744a9,1,2,0.9692178964614868,0.030782103538513184,0.0
57378c9b1c456719005744a9,1,3,0.9683322310447693,0.03166776895523071,0.0
57378c9b1c456719005744a9,1,4,0.9632506966590881,0.036749303340911865,0.0
57378c9b1c456719005744a9,1,5,0.9495740532875061,0.050425946712493896,0.0
57378c9b1c456719005744a9,1,6,0.9584367275238037,0.04156327247619629,0.0
57378c9b1c456719005744a9,1,7,0.9589470624923706,0.041052937507629395,0.0
57378c9b1c456719005744a9,1,8,0.9565522074699402,0.043447792530059814,0.0
57378c9b1c456719005744a9,1,9,0.9596169590950012,0.04038304090499878,0.0
57378c9b1c456719005744a9,1,10,0.9542847275733948,0.045715272426605225,0.0
57378c9b1c456719005744a9,1,11,0.9646079540252686,0.035392045974731445,0.0
57378c9b1c456719005744a9,1,12,0.9627707600593567,0.03722923994064331,0.0
57378c9b1c456719005744a9,1,13,0.9698432683944702,0.030156731605529785,0.0
57378c9b1c456719005744a9,1,14,0.9685911536216736,0.031408846378326416,0.0
57378c9b1c456719005744a9,1,15,0.9718302488327026,0.028169751167297363,0.0
57378c9b1c456719005744a9,1,16,0.9731518030166626,0.026848196983337402,0.0
57378c9b1c456719005744a9,1,17,0.9761780500411987,0.02382194995880127,0.0
57378c9b1c456719005744a9,1,18,0.9756738543510437,0.0243261456489563,0.0
57378c9b1c456719005744a9,1,19,0.9767053723335266,0.02329462766647339,0.0
57378c9b1c456719005744a9,1,20,0.9783152937889099,0.021684706211090088,0.0
57378c9b1c456719005744a9,1,21,0.9796702861785889,0.020329713821411133,0.0
57378c9b1c456719005744a9,1,22,0.9781813025474548,0.021818697452545166,0.0
57378c9b1c456719005744a9,1,23,0.9756158590316772,0.024384140968322754,0.0
57378c9b1c456719005744a9,1,24,0.9786006212234497,0.021399378776550293,0.0
57378c9b1c456719005744a9,1,25,0.980705201625824,0.019294798374176025,0.0
57378c9b1c456719005744a9,1,26,0.9797347187995911,0.020265281200408936,0.0
57378c9b1c456719005744a9,1,27,0.9820685386657715,0.017931461334228516,0.0
57378c9b1c456719005744a9,1,28,0.981635332107544,0.018364667892456055,0.0
57378c9b1c456719005744a9,1,29,0.9816648364067078,0.018335163593292236,0.0
57378c9b1c456719005744a9,1,30,0.9835495948791504,0.01645040512084961,0.0
57378c9b1c456719005744a9,1,31,0.9850983619689941,0.01490163803100586,0.0
57378c9b1c456719005744a9,1,32,0.9859455823898315,0.014054417610168457,0.0
57378c9b1c456719005744a9,1,33,0.983181893825531,0.016818106174468994,0.0
57378c9b1c456719005744a9,1,34,0.9832538366317749,0.016746163368225098,0.0
57378c9b1c456719005744a9,1,35,0.9872497916221619,0.012750208377838135,0.0
57378c9b1c456719005744a9,1,36,0.9640141725540161,0.03598582744598389,0.0
57378c9b1c456719005744a9,2,0,0.7327116131782532,0.2672883868217468,0.0
57378c9b1c456719005744a9,2,1,0.9480758309364319,0.051924169063568115,0.0
57378c9b1c456719005744a9,2,2,0.9395577311515808,0.06044226884841919,0.0
57378c9b1c456719005744a9,2,3,0.9331613779067993,0.06683862209320068,0.0
57378c9b1c456719005744a9,2,4,0.9224856495857239,0.07751435041427612,0.0
57378c9b1c456719005744a9,2,5,0.9115936160087585,0.08840638399124146,0.0
57378c9b1c456719005744a9,2,6,0.9216554164886475,0.07834458351135254,0.0
57378c9b1c456719005744a9,2,7,0.9207379817962646,0.07926201820373535,0.0
57378c9b1c456719005744a9,2,8,0.9133011698722839,0.08669883012771606,0.0
57378c9b1c456719005744a9,2,9,0.9136232137680054,0.08637678623199463,0.0
57378c9b1c456719005744a9,2,10,0.9006445407867432,0.09935545921325684,0.0
57378c9b1c456719005744a9,2,11,0.9162811040878296,0.08371889591217041,0.0
57378c9b1c456719005744a9,2,12,0.9139606952667236,0.08603930473327637,0.0
57378c9b1c456719005744a9,2,13,0.9321075081825256,0.06789249181747437,0.0
57378c9b1c456719005744a9,2,14,0.9287262558937073,0.07127374410629272,0.0
57378c9b1c456719005744a9,2,15,0.9383023381233215,0.06169766187667847,0.0
57378c9b1c456719005744a9,2,16,0.9418829083442688,0.0581170916557312,0.0
57378c9b1c456719005744a9,2,17,0.9469429850578308,0.05305701494216919,0.0
57378c9b1c456719005744a9,2,18,0.945992648601532,0.05400735139846802,0.0
57378c9b1c456719005744a9,2,19,0.9490071535110474,0.05099284648895264,0.0
57378c9b1c456719005744a9,2,20,0.953527569770813,0.04647243022918701,0.0
57378c9b1c456719005744a9,2,21,0.9560160040855408,0.04398399591445923,0.0
57378c9b1c456719005744a9,2,22,0.9541434049606323,0.045856595039367676,0.0
57378c9b1c456719005744a9,2,23,0.9491227269172668,0.050877273082733154,0.0
57378c9b1c456719005744a9,2,24,0.9567658305168152,0.043234169483184814,0.0
57378c9b1c456719005744a9,2,25,0.9658380746841431,0.034161925315856934,0.0
57378c9b1c456719005744a9,2,26,0.9658154249191284,0.03418457508087158,0.0
57378c9b1c456719005744a9,2,27,0.9701479077339172,0.029852092266082764,0.0
57378c9b1c456719005744a9,2,28,0.9693368077278137,0.03066319227218628,0.0
57378c9b1c456719005744a9,2,29,0.9709874987602234,0.02901250123977661,0.0
57378c9b1c456719005744a9,2,30,0.9740456342697144,0.025954365730285645,0.0
57378c9b1c456719005744a9,2,31,0.9757592678070068,0.024240732192993164,0.0
57378c9b1c456719005744a9,2,32,0.9774556159973145,0.022544384002685547,0.0
57378c9b1c456719005744a9,2,33,0.9744388461112976,0.025561153888702393,0.0
57378c9b1c456719005744a9,2,34,0.9732425212860107,0.026757478713989258,0.0
57378c9b1c456719005744a9,2,35,0.9793689250946045,0.020631074905395508,0.0
57378c9b1c456719005744a9,2,36,0.9316745400428772,0.0683254599571228,0.0
57378c9b1c456719005744a9,3,0,0.6211983561515808,0.3788016438484192,0.55
57378c9b1c456719005744a9,3,1,0.9259838461875916,0.07401615381240845,0.55
57378c9b1c456719005744a9,3,2,0.9177389144897461,0.0822610855102539,0.55
57378c9b1c456719005744a9,3,3,0.9057911038398743,0.09420889616012573,0.55
57378c9b1c456719005744a9,3,4,0.8704270720481873,0.12957292795181274,0.55
57378c9b1c456719005744a9,3,5,0.8686000108718872,0.1313999891281128,0.55
57378c9b1c456719005744a9,3,6,0.8807706832885742,0.11922931671142578,0.55
57378c9b1c456719005744a9,3,7,0.8764910101890564,0.1235089898109436,0.55
57378c9b1c456719005744a9,3,8,0.8623290061950684,0.13767099380493164,0.55
57378c9b1c456719005744a9,3,9,0.8577178120613098,0.14228218793869019,0.55
57378c9b1c456719005744a9,3,10,0.8411383032798767,0.1588616967201233,0.55
57378c9b1c456719005744a9,3,11,0.8605601787567139,0.13943982124328613,0.55
57378c9b1c456719005744a9,3,12,0.8586090803146362,0.14139091968536377,0.55
57378c9b1c456719005744a9,3,13,0.886116087436676,0.11388391256332397,0.55
57378c9b1c456719005744a9,3,14,0.8758428692817688,0.1241571307182312,0.55
57378c9b1c456719005744a9,3,15,0.8936091661453247,0.10639083385467529,0.55
57378c9b1c456719005744a9,3,16,0.89922696352005,0.10077303647994995,0.55
57378c9b1c456719005744a9,3,17,0.9083113074302673,0.09168869256973267,0.55
57378c9b1c456719005744a9,3,18,0.9082065224647522,0.0917934775352478,0.55
57378c9b1c456719005744a9,3,19,0.9128484725952148,0.08715152740478516,0.55
57378c9b1c456719005744a9,3,20,0.9203830361366272,0.0796169638633728,0.55
57378c9b1c456719005744a9,3,21,0.9226548075675964,0.07734519243240356,0.55
57378c9b1c456719005744a9,3,22,0.9182424545288086,0.0817575454711914,0.55
57378c9b1c456719005744a9,3,23,0.9111950993537903,0.08880490064620972,0.55
57378c9b1c456719005744a9,3,24,0.9249260425567627,0.0750739574432373,0.55
57378c9b1c456719005744a9,3,25,0.944395899772644,0.05560410022735596,0.55
57378c9b1c456719005744a9,3,26,0.9451842904090881,0.054815709590911865,0.55
57378c9b1c456719005744a9,3,27,0.9528508186340332,0.0471491813659668,0.55
57378c9b1c456719005744a9,3,28,0.9497894644737244,0.050210535526275635,0.55
57378c9b1c456719005744a9,3,29,0.9541149139404297,0.04588508605957031,0.55
57378c9b1c456719005744a9,3,30,0.9571844339370728,0.042815566062927246,0.55
57378c9b1c456719005744a9,3,31,0.9588012099266052,0.041198790073394775,0.55
57378c9b1c456719005744a9,3,32,0.9624280333518982,0.03757196664810181,0.55
57378c9b1c456719005744a9,3,33,0.9572259187698364,0.042774081230163574,0.55
57378c9b1c456719005744a9,3,34,0.9548162221908569,0.045183777809143066,0.55
57378c9b1c456719005744a9,3,35,0.9662681818008423,0.033731818199157715,0.55
57378c9b1c456719005744a9,3,36,0.889762818813324,0.11023718118667603,0.55
