model,model_revision,backend,task,example_id,keyword_strategy,clean_question,context,reference,question_word_count,condition,typo_type,location,severity,actual_severity,severity_achieved,typo_difficulty,mitigation,input_question,corruption_seed,edits,corruption_replicate,actual_char_operations,prediction,em,f1,semantic_correct,accuracy,latency_seconds,error
Qwen/Qwen3-4B,,hf,squad,572fffb404bcaa1900d76ff2,idf,When did rapid warming begin and help vegetation?,"As northwest Europe slowly began to warm up from 22,000 years ago onward, frozen subsoil and expanded alpine glaciers began to thaw and fall-winter snow covers melted in spring. Much of the discharge was routed to the Rhine and its downstream extension. Rapid warming and changes of vegetation, to open forest, began about 13,000 BP. By 9000 BP, Europe was fully forested. With globally shrinking ice-cover, ocean water levels rose and the English Channel and North Sea re-inundated. Meltwater, adding to the ocean and land subsidence, drowned the former coasts of Europe transgressionally.","[""13,000 BP"", ""13,000 BP"", ""13,000 BP""]",8,clean,none,none,0,0,True,none,none,When did rapid warming begin and help vegetation?,,[],,0,"13,000 BP",1.0,1.0,1.0,,2.312398968999787,
Qwen/Qwen3-4B,,hf,squad,5725bd4b38643c19005acc33,idf,How long did it take Johnson to respond to Kennedy?,"On April 20, Kennedy sent a memo to Vice President Lyndon B. Johnson, asking Johnson to look into the status of America's space program, and into programs that could offer NASA the opportunity to catch up. Johnson responded approximately one week later, concluding that ""we are neither making maximum effort nor achieving results necessary if this country is to reach a position of leadership."" His memo concluded that a manned Moon landing was far enough in the future that it was likely the United States would achieve it first.","[""approximately one week"", ""one week"", ""one week"", ""one week"", ""one week""]",10,clean,none,none,0,0,True,none,none,How long did it take Johnson to respond to Kennedy?,,[],,0,One week,1.0,1.0,1.0,,0.7054030499998589,
Qwen/Qwen3-4B,,hf,squad,56e1cbe2cd28a01900c67bae,idf,What measurement of time is used in polynomial time reduction?,"The most commonly used reduction is a polynomial-time reduction. This means that the reduction process takes polynomial time. For example, the problem of squaring an integer can be reduced to the problem of multiplying two integers. This means an algorithm for multiplying two integers can be used to square an integer. Indeed, this can be done by giving the same input to both inputs of the multiplication algorithm. Thus we see that squaring is not more difficult than multiplication, since squaring can be reduced to multiplication.","[""polynomial time"", ""polynomial"", ""polynomial time""]",10,clean,none,none,0,0,True,none,none,What measurement of time is used in polynomial time reduction?,,[],,0,polynomial time,1.0,1.0,1.0,,0.8429140839998581,
Qwen/Qwen3-4B,,hf,squad,5729f39a6aef05140015514d,idf,What is the receptor that killer T cells use to bind to specific antigens that are complexed with the MHC Class 1 receptor of another cell?,"Killer T cells are a sub-group of T cells that kill cells that are infected with viruses (and other pathogens), or are otherwise damaged or dysfunctional. As with B cells, each type of T cell recognizes a different antigen. Killer T cells are activated when their T cell receptor (TCR) binds to this specific antigen in a complex with the MHC Class I receptor of another cell. Recognition of this MHC:antigen complex is aided by a co-receptor on the T cell, called CD8. The T cell then travels throughout the body in search of cells where the MHC I receptors bear this antigen. When an activated T cell contacts such cells, it releases cytotoxins, such as perforin, which form pores in the target cell's plasma membrane, allowing ions, water and toxins to enter. The entry of another toxin called granulysin (a protease) induces the target cell to undergo apoptosis. T cell killing of host cells is particularly important in preventing the replication of viruses. T cell activation is tightly controlled and generally requires a very strong MHC/antigen activation signal, or additional activation signals provided by ""helper"" T cells (see below).","[""T cell receptor (TCR)"", ""T cell receptor"", ""T cell receptor (TCR)""]",25,clean,none,none,0,0,True,none,none,What is the receptor that killer T cells use to bind to specific antigens that are complexed with the MHC Class 1 receptor of another cell?,,[],,0,T cell receptor (TCR),1.0,1.0,1.0,,1.4964374400001361,
Qwen/Qwen3-4B,,hf,squad,571136b8a58dae1900cd6d22,idf,"Along with poppet valve gears, what type of gears utilized separate admission and exhaust valves to give ideal events?","In the 1840s and 50s, there were attempts to overcome this problem by means of various patent valve gears with a separate, variable cutoff expansion valve riding on the back of the main slide valve; the latter usually had fixed or limited cutoff. The combined setup gave a fair approximation of the ideal events, at the expense of increased friction and wear, and the mechanism tended to be complicated. The usual compromise solution has been to provide lap by lengthening rubbing surfaces of the valve in such a way as to overlap the port on the admission side, with the effect that the exhaust side remains open for a longer period after cut-off on the admission side has occurred. This expedient has since been generally considered satisfactory for most purposes and makes possible the use of the simpler Stephenson, Joy and Walschaerts motions. Corliss, and later, poppet valve gears had separate admission and exhaust valves driven by trip mechanisms or cams profiled so as to give ideal events; most of these gears never succeeded outside of the stationary marketplace due to various other issues including leakage and more delicate mechanisms.","[""Corliss"", ""patent valve"", ""Corliss""]",19,clean,none,none,0,0,True,none,none,"Along with poppet valve gears, what type of gears utilized separate admission and exhaust valves to give ideal events?",,[],,0,"Corliss, and later, poppet valve gears.",0.0,0.2857142857142857,1.0,,1.6246401159996822,
Qwen/Qwen3-4B,,hf,squad,56e089ab231d4119001ac285,idf,When was a patent-sharing agreement signed between Westinghouse Electric and General Electric?,"The mid 1890s saw the conglomerate General Electric, backed by financier J. P. Morgan, involved in takeover attempts and patent battles with Westinghouse Electric. Although a patent-sharing agreement was signed between the two companies in 1896 Westinghouse was still cash-strapped from the financial warfare. To secure further loans, Westinghouse was forced to revisit Tesla's AC patent, which bankers considered a financial strain on the company (at that point Westinghouse had paid out an estimated $200,000 in licenses and royalties to Tesla, Brown, and Peck). In 1897, Westinghouse explained his financial difficulties to Tesla in stark terms, saying that if things continue the way they were he would no longer be in control of Westinghouse Electric and Tesla would have to ""deal with the bankers"" to try to collect future royalties. Westinghouse convinced Tesla to release his company from the licensing agreement over Tesla's AC patents in exchange for Westinghouse Electric purchasing the patents for a lump sum payment of $216,000; this provided Westinghouse a break from what, due to alternating current's rapid gain in popularity, had turned out to be an overly generous $2.50 per AC horsepower royalty.","[""1896"", ""1896"", ""1896""]",13,clean,none,none,0,0,True,none,none,When was a patent-sharing agreement signed between Westinghouse Electric and General Electric?,,[],,0,1896,1.0,1.0,1.0,,1.349900999000056,
Qwen/Qwen3-4B,,hf,squad,570d29c2b3d812140066d4c0,idf,How many Victorians are Buddhist?,"About 61.1% of Victorians describe themselves as Christian. Roman Catholics form the single largest religious group in the state with 26.7% of the Victorian population, followed by Anglicans and members of the Uniting Church. Buddhism is the state's largest non-Christian religion, with 168,637 members as of the most recent census. Victoria is also home of 152,775 Muslims and 45,150 Jews. Hinduism is the fastest growing religion. Around 20% of Victorians claim no religion. Amongst those who declare a religious affiliation, church attendance is low.","[""168,637"", ""168,637"", ""168,637""]",5,clean,none,none,0,0,True,none,none,How many Victorians are Buddhist?,,[],,0,"168,637",1.0,1.0,1.0,,1.100031976000082,
Qwen/Qwen3-4B,,hf,squad,57267ebfdd62a815002e872c,idf,Zones in which mountains are built along convergent tectonic plate boundaries are called what?,"Among the most well-known experiments in structural geology are those involving orogenic wedges, which are zones in which mountains are built along convergent tectonic plate boundaries. In the analog versions of these experiments, horizontal layers of sand are pulled along a lower surface into a back stop, which results in realistic-looking patterns of faulting and the growth of a critically tapered (all angles remain the same) orogenic wedge. Numerical models work in the same way as these analog models, though they are often more sophisticated and can include patterns of erosion and uplift in the mountain belt. This helps to show the relationship between erosion and the shape of the mountain range. These studies can also give useful information about pathways for metamorphism through pressure, temperature, space, and time.","[""orogenic wedges"", ""orogenic wedges"", ""orogenic wedges""]",14,clean,none,none,0,0,True,none,none,Zones in which mountains are built along convergent tectonic plate boundaries are called what?,,[],,0,Orogenic wedges.,1.0,1.0,1.0,,1.0830763119997755,
Qwen/Qwen3-4B,,hf,squad,57115e532419e314009555b1,idf,What was compounding seen as being in the locomotive construction industry?,"The adoption of compounding was common for industrial units, for road engines and almost universal for marine engines after 1880; it was not universally popular in railway locomotives where it was often perceived as complicated. This is partly due to the harsh railway operating environment and limited space afforded by the loading gauge (particularly in Britain, where compounding was never common and not employed after 1930). However, although never in the majority, it was popular in many other countries.","[""complicated"", ""complicated"", ""complicated""]",11,clean,none,none,0,0,True,none,none,What was compounding seen as being in the locomotive construction industry?,,[],,0,complicated,1.0,1.0,1.0,,0.6860920389999592,
Qwen/Qwen3-4B,,hf,squad,5726e3c4dd62a815002e9405,idf,What is the origin of clinical pharmacy?,"Pharmacists provide direct patient care services that optimizes the use of medication and promotes health, wellness, and disease prevention. Clinical pharmacists care for patients in all health care settings, but the clinical pharmacy movement initially began inside hospitals and clinics. Clinical pharmacists often collaborate with physicians and other healthcare professionals to improve pharmaceutical care. Clinical pharmacists are now an integral part of the interdisciplinary approach to patient care. They often participate in patient care rounds drug product selection.","[""inside hospitals and clinics"", ""inside hospitals and clinics"", ""the clinical pharmacy movement initially began inside hospitals and clinics""]",7,clean,none,none,0,0,True,none,none,What is the origin of clinical pharmacy?,,[],,0,Clinical pharmacy movement initially began inside hospitals and clinics.,1.0,1.0,1.0,,1.109430002999943,
Qwen/Qwen3-4B,,hf,squad,5725d42a89a1e219009abf58,idf,"Who wrote ""Walking in Fresno?""","In the 1970s, the city was the subject of a song, ""Walking Into Fresno"", written by Hall Of Fame guitarist Bill Aken and recorded by Bob Gallion of the world-famous ""WWVA Jamboree"" radio and television show in Wheeling, West Virginia. Aken, adopted by Mexican movie actress Lupe Mayorga, grew up in the neighboring town of Madera and his song chronicled the hardships faced by the migrant farm workers he saw as a child. Aken also made his first TV appearance playing guitar on the old country-western show at The Fresno Barn.","[""Bill Aken"", ""Bill Aken"", ""Bill Aken""]",5,clean,none,none,0,0,True,none,none,"Who wrote ""Walking in Fresno?""",,[],,0,Bill Aken,1.0,1.0,1.0,,0.8841804839998986,
Qwen/Qwen3-4B,,hf,squad,5728f9342ca10214002dab53,idf,What do some believe about this pronunciation?,"Ludwig Krapf recorded the name as both Kenia and Kegnia believed by most to be a corruption of the Kamba version. Others say that this was—on the contrary—a very precise notation of a correct African pronunciation /ˈkɛnjə/. An 1882 map drawn by Joseph Thompsons, a Scottish geologist and naturalist, indicated Mt. Kenya as Mt. Kenia, 1862. Controversy over the actual meaning of the word Kenya notwithstanding, it is clear that the mountain's name became widely accepted, pars pro toto, as the name of the country.","[""a very precise notation of a correct African pronunciation"", ""precise"", ""precise""]",7,clean,none,none,0,0,True,none,none,What do some believe about this pronunciation?,,[],,0,some believe that this was a very precise notation of a correct African pronunciation /ˈkɛnjə/.,0.0,0.7000000000000001,1.0,,2.0137905560000036,
Qwen/Qwen3-4B,,hf,squad,5725ba5038643c19005acbea,idf,Who was the deputy administrator of NASA in 1960?,"In July 1960, NASA Deputy Administrator Hugh L. Dryden announced the Apollo program to industry representatives at a series of Space Task Group conferences. Preliminary specifications were laid out for a spacecraft with a mission module cabin separate from the command module (piloting and re-entry cabin), and a propulsion and equipment module. On August 30, a feasibility study competition was announced, and on October 25, three study contracts were awarded to General Dynamics/Convair, General Electric, and the Glenn L. Martin Company. Meanwhile, NASA performed its own in-house spacecraft design studies led by Maxime Faget, to serve as a gauge to judge and monitor the three industry designs.","[""Hugh L. Dryden"", ""Maxime Faget"", ""Hugh L. Dryden"", ""Hugh L. Dryden"", ""Hugh L. Dryden""]",8,clean,none,none,0,0,True,none,none,Who was the deputy administrator of NASA in 1960?,,[],,0,Hugh L. Dryden,1.0,1.0,1.0,,1.1487646719997429,
Qwen/Qwen3-4B,,hf,squad,5730cb8df6cb411900e244c2,idf,What is the guidebook for local churches and pastors?,"The Book of Discipline is the guidebook for local churches and pastors and describes in considerable detail the organizational structure of local United Methodist churches. All UM churches must have a board of trustees with at least three members and no more than nine members and it is recommended that no gender should hold more than a 2/3 majority. All churches must also have a nominations committee, a finance committee and a church council or administrative council. Other committees are suggested but not required such as a missions committee, or evangelism or worship committee. Term limits are set for some committees but not for all. The church conference is an annual meeting of all the officers of the church and any interested members. This committee has the exclusive power to set pastors' salaries (compensation packages for tax purposes) and to elect officers to the committees.","[""The Book of Discipline"", ""The Book of Discipline"", ""The Book of Discipline""]",9,clean,none,none,0,0,True,none,none,What is the guidebook for local churches and pastors?,,[],,0,The Book of Discipline,1.0,1.0,1.0,,1.0682621040000413,
Qwen/Qwen3-4B,,hf,squad,5730b10b8ab72b1400f9c69e,idf,Is the UMC pro-life or pro-choice?,"The United Methodist Church upholds the sanctity of human life both of the child and the mother. As a result, the church is ""reluctant to affirm abortion as an acceptable practice,"" and condemns the use of late-term or partial birth abortion except as a medical necessity. The denomination as a whole is committed to ""assist[ing] the ministry of crisis pregnancy centers and pregnancy resource centers that compassionately help women find feasible alternatives to abortion."" Still, the denomination is pro-choice and also ""was a founding member of the Religious Coalition for Reproductive Choice...[and] 2008 General Conference [went] on record in support of the work of the Religious Coalition for Reproductive Choice"".","[""pro-choice"", ""pro-choice"", ""pro-choice""]",8,clean,none,none,0,0,True,none,none,Is the UMC pro-life or pro-choice?,,[],,0,pro-choice,1.0,1.0,1.0,,0.9240927299997566,
Qwen/Qwen3-4B,,hf,squad,5728d5793acd2414000dffb4,idf,Antigone was a play made by whom?,"One of the oldest depictions of civil disobedience is in Sophocles' play Antigone, in which Antigone, one of the daughters of former King of Thebes, Oedipus, defies Creon, the current King of Thebes, who is trying to stop her from giving her brother Polynices a proper burial. She gives a stirring speech in which she tells him that she must obey her conscience rather than human law. She is not at all afraid of the death he threatens her with (and eventually carries out), but she is afraid of how her conscience will smite her if she does not do this.","[""Sophocles"", ""Sophocles"", ""Sophocles"", ""Sophocles"", ""Sophocles""]",7,clean,none,none,0,0,True,none,none,Antigone was a play made by whom?,,[],,0,Sophocles,1.0,1.0,1.0,,0.921867509999629,
Qwen/Qwen3-4B,,hf,squad,572655e5f1498d1400e8dc61,idf,What is the main component of the aboral organ?,"The largest single sensory feature is the aboral organ (at the opposite end from the mouth). Its main component is a statocyst, a balance sensor consisting of a statolith, a solid particle supported on four bundles of cilia, called ""balancers"", that sense its orientation. The statocyst is protected by a transparent dome made of long, immobile cilia. A ctenophore does not automatically try to keep the statolith resting equally on all the balancers. Instead its response is determined by the animal's ""mood"", in other words the overall state of the nervous system. For example, if a ctenophore with trailing tentacles captures prey, it will often put some comb rows into reverse, spinning the mouth towards the prey.","[""a statocyst"", ""statocyst"", ""statocyst""]",9,clean,none,none,0,0,True,none,none,What is the main component of the aboral organ?,,[],,0,statocyst,1.0,1.0,1.0,,0.9307590720000007,
Qwen/Qwen3-4B,,hf,squad,572a12386aef051400155235,idf,Hormones released during sleep support the interaction of T-cells and what species?,"In addition to the negative consequences of sleep deprivation, sleep and the intertwined circadian system have been shown to have strong regulatory effects on immunological functions affecting both the innate and the adaptive immunity. First, during the early slow-wave-sleep stage, a sudden drop in blood levels of cortisol, epinephrine, and norepinephrine induce increased blood levels of the hormones leptin, pituitary growth hormone, and prolactin. These signals induce a pro-inflammatory state through the production of the pro-inflammatory cytokines interleukin-1, interleukin-12, TNF-alpha and IFN-gamma. These cytokines then stimulate immune functions such as immune cells activation, proliferation, and differentiation. It is during this time that undifferentiated, or less differentiated, like naïve and central memory T cells, peak (i.e. during a time of a slowly evolving adaptive immune response). In addition to these effects, the milieu of hormones produced at this time (leptin, pituitary growth hormone, and prolactin) support the interactions between APCs and T-cells, a shift of the Th1/Th2 cytokine balance towards one that supports Th1, an increase in overall Th cell proliferation, and naïve T cell migration to lymph nodes. This milieu is also thought to support the formation of long-lasting immune memory through the initiation of Th1 immune responses.","[""APCs"", ""APCs"", ""APCs""]",13,clean,none,none,0,0,True,none,none,Hormones released during sleep support the interaction of T-cells and what species?,,[],,0,APCs,1.0,1.0,1.0,,1.3120621989996835,
Qwen/Qwen3-4B,,hf,squad,571c97e2dd7acb1400e4c11e,idf,Where does oxygen rank by mass in the planet's biosphere?,"Oxygen is the most abundant chemical element by mass in the Earth's biosphere, air, sea and land. Oxygen is the third most abundant chemical element in the universe, after hydrogen and helium. About 0.9% of the Sun's mass is oxygen. Oxygen constitutes 49.2% of the Earth's crust by mass and is the major component of the world's oceans (88.8% by mass). Oxygen gas is the second most common component of the Earth's atmosphere, taking up 20.8% of its volume and 23.1% of its mass (some 1015 tonnes).[d] Earth is unusual among the planets of the Solar System in having such a high concentration of oxygen gas in its atmosphere: Mars (with 0.1% O
2 by volume) and Venus have far lower concentrations. The O
2 surrounding these other planets is produced solely by ultraviolet radiation impacting oxygen-containing molecules such as carbon dioxide.","[""most abundant"", ""most"", ""most abundant"", ""most abundant"", ""most abundant""]",11,clean,none,none,0,0,True,none,none,Where does oxygen rank by mass in the planet's biosphere?,,[],,0,Most abundant,1.0,1.0,1.0,,1.0884742399998686,
Qwen/Qwen3-4B,,hf,squad,5728ec6a4b864d19001650ae,idf,What type of sentences were the protesters given?,"When the Committee for Non-Violent Action sponsored a protest in August 1957, at the Camp Mercury nuclear test site near Las Vegas, Nevada, 13 of the protesters attempted to enter the test site knowing that they faced arrest. At a pre-arranged announced time, one at a time they stepped across the ""line"" and were immediately arrested. They were put on a bus and taken to the Nye County seat of Tonopah, Nevada, and arraigned for trial before the local Justice of the Peace, that afternoon. A well known civil rights attorney, Francis Heisler, had volunteered to defend the arrested persons, advising them to plead ""nolo contendere"", as an alternative to pleading either guilty or not-guilty. The arrested persons were found ""guilty,"" nevertheless, and given suspended sentences, conditional on their not reentering the test site grounds.[citation needed]","[""suspended sentences"", ""suspended sentences"", ""suspended"", ""suspended"", ""suspended""]",8,clean,none,none,0,0,True,none,none,What type of sentences were the protesters given?,,[],,0,suspended sentences,1.0,1.0,1.0,,1.1376209830000334,
Qwen/Qwen3-4B,,hf,squad,572fffb404bcaa1900d76ff2,idf,When did rapid warming begin and help vegetation?,"As northwest Europe slowly began to warm up from 22,000 years ago onward, frozen subsoil and expanded alpine glaciers began to thaw and fall-winter snow covers melted in spring. Much of the discharge was routed to the Rhine and its downstream extension. Rapid warming and changes of vegetation, to open forest, began about 13,000 BP. By 9000 BP, Europe was fully forested. With globally shrinking ice-cover, ocean water levels rose and the English Channel and North Sea re-inundated. Meltwater, adding to the ocean and land subsidence, drowned the former coasts of Europe transgressionally.","[""13,000 BP"", ""13,000 BP"", ""13,000 BP""]",8,corrupted,keyboard,any,1,1,True,hard,none,When did rapid warming bevim and help vegetation?,42005702.0,"[{""edit_num"": 1, ""old"": ""begin"", ""new"": ""bevim"", ""location"": ""any"", ""typo_type"": ""keyboard"", ""difficulty"": ""hard"", ""word_index"": 4, ""char_indices"": [2, 4], ""operation_count"": 2}]",0.0,2,"13,000 BP",1.0,1.0,1.0,,1.1433867310001915,
Qwen/Qwen3-4B,,hf,squad,5725bd4b38643c19005acc33,idf,How long did it take Johnson to respond to Kennedy?,"On April 20, Kennedy sent a memo to Vice President Lyndon B. Johnson, asking Johnson to look into the status of America's space program, and into programs that could offer NASA the opportunity to catch up. Johnson responded approximately one week later, concluding that ""we are neither making maximum effort nor achieving results necessary if this country is to reach a position of leadership."" His memo concluded that a manned Moon landing was far enough in the future that it was likely the United States would achieve it first.","[""approximately one week"", ""one week"", ""one week"", ""one week"", ""one week""]",10,corrupted,keyboard,any,1,1,True,hard,none,How ponh did it take Johnson to respond to Kennedy?,42015709.0,"[{""edit_num"": 1, ""old"": ""long"", ""new"": ""ponh"", ""location"": ""any"", ""typo_type"": ""keyboard"", ""difficulty"": ""hard"", ""word_index"": 1, ""char_indices"": [0, 3], ""operation_count"": 2}]",0.0,2,one week,1.0,1.0,1.0,,0.7160855499996615,
Qwen/Qwen3-4B,,hf,squad,56e1cbe2cd28a01900c67bae,idf,What measurement of time is used in polynomial time reduction?,"The most commonly used reduction is a polynomial-time reduction. This means that the reduction process takes polynomial time. For example, the problem of squaring an integer can be reduced to the problem of multiplying two integers. This means an algorithm for multiplying two integers can be used to square an integer. Indeed, this can be done by giving the same input to both inputs of the multiplication algorithm. Thus we see that squaring is not more difficult than multiplication, since squaring can be reduced to multiplication.","[""polynomial time"", ""polynomial"", ""polynomial time""]",10,corrupted,keyboard,any,1,1,True,hard,none,What measurement of time is used in popunomial time reduction?,42025716.0,"[{""edit_num"": 1, ""old"": ""polynomial"", ""new"": ""popunomial"", ""location"": ""any"", ""typo_type"": ""keyboard"", ""difficulty"": ""hard"", ""word_index"": 7, ""char_indices"": [2, 3], ""operation_count"": 2}]",0.0,2,polynomial-time,0.0,0.0,1.0,,0.7538736930000596,
Qwen/Qwen3-4B,,hf,squad,5729f39a6aef05140015514d,idf,What is the receptor that killer T cells use to bind to specific antigens that are complexed with the MHC Class 1 receptor of another cell?,"Killer T cells are a sub-group of T cells that kill cells that are infected with viruses (and other pathogens), or are otherwise damaged or dysfunctional. As with B cells, each type of T cell recognizes a different antigen. Killer T cells are activated when their T cell receptor (TCR) binds to this specific antigen in a complex with the MHC Class I receptor of another cell. Recognition of this MHC:antigen complex is aided by a co-receptor on the T cell, called CD8. The T cell then travels throughout the body in search of cells where the MHC I receptors bear this antigen. When an activated T cell contacts such cells, it releases cytotoxins, such as perforin, which form pores in the target cell's plasma membrane, allowing ions, water and toxins to enter. The entry of another toxin called granulysin (a protease) induces the target cell to undergo apoptosis. T cell killing of host cells is particularly important in preventing the replication of viruses. T cell activation is tightly controlled and generally requires a very strong MHC/antigen activation signal, or additional activation signals provided by ""helper"" T cells (see below).","[""T cell receptor (TCR)"", ""T cell receptor"", ""T cell receptor (TCR)""]",25,corrupted,keyboard,any,1,1,True,hard,none,What is the receptor that killer T cells use to bind to specific antigens that are complexed with the MHC Vlazs 1 receptor of another cell?,42035723.0,"[{""edit_num"": 1, ""old"": ""Class"", ""new"": ""Vlazs"", ""location"": ""any"", ""typo_type"": ""keyboard"", ""difficulty"": ""hard"", ""word_index"": 20, ""char_indices"": [0, 3], ""operation_count"": 2}]",0.0,2,T cell receptor (TCR),1.0,1.0,1.0,,1.568698250000125,
Qwen/Qwen3-4B,,hf,squad,571136b8a58dae1900cd6d22,idf,"Along with poppet valve gears, what type of gears utilized separate admission and exhaust valves to give ideal events?","In the 1840s and 50s, there were attempts to overcome this problem by means of various patent valve gears with a separate, variable cutoff expansion valve riding on the back of the main slide valve; the latter usually had fixed or limited cutoff. The combined setup gave a fair approximation of the ideal events, at the expense of increased friction and wear, and the mechanism tended to be complicated. The usual compromise solution has been to provide lap by lengthening rubbing surfaces of the valve in such a way as to overlap the port on the admission side, with the effect that the exhaust side remains open for a longer period after cut-off on the admission side has occurred. This expedient has since been generally considered satisfactory for most purposes and makes possible the use of the simpler Stephenson, Joy and Walschaerts motions. Corliss, and later, poppet valve gears had separate admission and exhaust valves driven by trip mechanisms or cams profiled so as to give ideal events; most of these gears never succeeded outside of the stationary marketplace due to various other issues including leakage and more delicate mechanisms.","[""Corliss"", ""patent valve"", ""Corliss""]",19,corrupted,keyboard,any,1,1,True,hard,none,"Along with poppet valve gears, what type of gears utilized separate adjissuon and exhaust valves to give ideal events?",42045730.0,"[{""edit_num"": 1, ""old"": ""admission"", ""new"": ""adjissuon"", ""location"": ""any"", ""typo_type"": ""keyboard"", ""difficulty"": ""hard"", ""word_index"": 11, ""char_indices"": [2, 6], ""operation_count"": 2}]",0.0,2,Corliss,1.0,1.0,1.0,,1.2407118969999829,
Qwen/Qwen3-4B,,hf,squad,56e089ab231d4119001ac285,idf,When was a patent-sharing agreement signed between Westinghouse Electric and General Electric?,"The mid 1890s saw the conglomerate General Electric, backed by financier J. P. Morgan, involved in takeover attempts and patent battles with Westinghouse Electric. Although a patent-sharing agreement was signed between the two companies in 1896 Westinghouse was still cash-strapped from the financial warfare. To secure further loans, Westinghouse was forced to revisit Tesla's AC patent, which bankers considered a financial strain on the company (at that point Westinghouse had paid out an estimated $200,000 in licenses and royalties to Tesla, Brown, and Peck). In 1897, Westinghouse explained his financial difficulties to Tesla in stark terms, saying that if things continue the way they were he would no longer be in control of Westinghouse Electric and Tesla would have to ""deal with the bankers"" to try to collect future royalties. Westinghouse convinced Tesla to release his company from the licensing agreement over Tesla's AC patents in exchange for Westinghouse Electric purchasing the patents for a lump sum payment of $216,000; this provided Westinghouse a break from what, due to alternating current's rapid gain in popularity, had turned out to be an overly generous $2.50 per AC horsepower royalty.","[""1896"", ""1896"", ""1896""]",13,corrupted,keyboard,any,1,1,True,hard,none,When was a patent-sharing agreement signed between Wdstingnouse Electric and General Electric?,42055737.0,"[{""edit_num"": 1, ""old"": ""Westinghouse"", ""new"": ""Wdstingnouse"", ""location"": ""any"", ""typo_type"": ""keyboard"", ""difficulty"": ""hard"", ""word_index"": 8, ""char_indices"": [1, 7], ""operation_count"": 2}]",0.0,2,1896,1.0,1.0,1.0,,1.491646264999872,
Qwen/Qwen3-4B,,hf,squad,570d29c2b3d812140066d4c0,idf,How many Victorians are Buddhist?,"About 61.1% of Victorians describe themselves as Christian. Roman Catholics form the single largest religious group in the state with 26.7% of the Victorian population, followed by Anglicans and members of the Uniting Church. Buddhism is the state's largest non-Christian religion, with 168,637 members as of the most recent census. Victoria is also home of 152,775 Muslims and 45,150 Jews. Hinduism is the fastest growing religion. Around 20% of Victorians claim no religion. Amongst those who declare a religious affiliation, church attendance is low.","[""168,637"", ""168,637"", ""168,637""]",5,corrupted,keyboard,any,1,1,True,hard,none,How jamy Victorians are Buddhist?,42065744.0,"[{""edit_num"": 1, ""old"": ""many"", ""new"": ""jamy"", ""location"": ""any"", ""typo_type"": ""keyboard"", ""difficulty"": ""hard"", ""word_index"": 1, ""char_indices"": [0, 2], ""operation_count"": 2}]",0.0,2,"168,637",1.0,1.0,1.0,,1.3085087220001697,
Qwen/Qwen3-4B,,hf,squad,57267ebfdd62a815002e872c,idf,Zones in which mountains are built along convergent tectonic plate boundaries are called what?,"Among the most well-known experiments in structural geology are those involving orogenic wedges, which are zones in which mountains are built along convergent tectonic plate boundaries. In the analog versions of these experiments, horizontal layers of sand are pulled along a lower surface into a back stop, which results in realistic-looking patterns of faulting and the growth of a critically tapered (all angles remain the same) orogenic wedge. Numerical models work in the same way as these analog models, though they are often more sophisticated and can include patterns of erosion and uplift in the mountain belt. This helps to show the relationship between erosion and the shape of the mountain range. These studies can also give useful information about pathways for metamorphism through pressure, temperature, space, and time.","[""orogenic wedges"", ""orogenic wedges"", ""orogenic wedges""]",14,corrupted,keyboard,any,1,1,True,hard,none,Zones in which mountains are built alknf convergent tectonic plate boundaries are called what?,42075751.0,"[{""edit_num"": 1, ""old"": ""along"", ""new"": ""alknf"", ""location"": ""any"", ""typo_type"": ""keyboard"", ""difficulty"": ""hard"", ""word_index"": 6, ""char_indices"": [2, 4], ""operation_count"": 2}]",0.0,2,Orogenic wedges.,1.0,1.0,1.0,,1.1319293010001275,
Qwen/Qwen3-4B,,hf,squad,57115e532419e314009555b1,idf,What was compounding seen as being in the locomotive construction industry?,"The adoption of compounding was common for industrial units, for road engines and almost universal for marine engines after 1880; it was not universally popular in railway locomotives where it was often perceived as complicated. This is partly due to the harsh railway operating environment and limited space afforded by the loading gauge (particularly in Britain, where compounding was never common and not employed after 1930). However, although never in the majority, it was popular in many other countries.","[""complicated"", ""complicated"", ""complicated""]",11,corrupted,keyboard,any,1,1,True,hard,none,What was compounding seen as being in the lodomotove construction industry?,42085758.0,"[{""edit_num"": 1, ""old"": ""locomotive"", ""new"": ""lodomotove"", ""location"": ""any"", ""typo_type"": ""keyboard"", ""difficulty"": ""hard"", ""word_index"": 8, ""char_indices"": [2, 7], ""operation_count"": 2}]",0.0,2,complicated,1.0,1.0,1.0,,0.7228977590002614,
Qwen/Qwen3-4B,,hf,squad,5726e3c4dd62a815002e9405,idf,What is the origin of clinical pharmacy?,"Pharmacists provide direct patient care services that optimizes the use of medication and promotes health, wellness, and disease prevention. Clinical pharmacists care for patients in all health care settings, but the clinical pharmacy movement initially began inside hospitals and clinics. Clinical pharmacists often collaborate with physicians and other healthcare professionals to improve pharmaceutical care. Clinical pharmacists are now an integral part of the interdisciplinary approach to patient care. They often participate in patient care rounds drug product selection.","[""inside hospitals and clinics"", ""inside hospitals and clinics"", ""the clinical pharmacy movement initially began inside hospitals and clinics""]",7,corrupted,keyboard,any,1,1,True,hard,none,What is the origin of clibiczl pharmacy?,42095765.0,"[{""edit_num"": 1, ""old"": ""clinical"", ""new"": ""clibiczl"", ""location"": ""any"", ""typo_type"": ""keyboard"", ""difficulty"": ""hard"", ""word_index"": 5, ""char_indices"": [3, 6], ""operation_count"": 2}]",0.0,2,The clinical pharmacy movement initially began inside hospitals and clinics.,1.0,1.0,1.0,,1.2038935059999858,
Qwen/Qwen3-4B,,hf,squad,5725d42a89a1e219009abf58,idf,"Who wrote ""Walking in Fresno?""","In the 1970s, the city was the subject of a song, ""Walking Into Fresno"", written by Hall Of Fame guitarist Bill Aken and recorded by Bob Gallion of the world-famous ""WWVA Jamboree"" radio and television show in Wheeling, West Virginia. Aken, adopted by Mexican movie actress Lupe Mayorga, grew up in the neighboring town of Madera and his song chronicled the hardships faced by the migrant farm workers he saw as a child. Aken also made his first TV appearance playing guitar on the old country-western show at The Fresno Barn.","[""Bill Aken"", ""Bill Aken"", ""Bill Aken""]",5,corrupted,keyboard,any,1,1,True,hard,none,"Who wrote ""Walking in Frssjo?""",42105772.0,"[{""edit_num"": 1, ""old"": ""Fresno"", ""new"": ""Frssjo"", ""location"": ""any"", ""typo_type"": ""keyboard"", ""difficulty"": ""hard"", ""word_index"": 4, ""char_indices"": [2, 4], ""operation_count"": 2}]",0.0,2,Bill Aken,1.0,1.0,1.0,,0.934292798000115,
Qwen/Qwen3-4B,,hf,squad,5728f9342ca10214002dab53,idf,What do some believe about this pronunciation?,"Ludwig Krapf recorded the name as both Kenia and Kegnia believed by most to be a corruption of the Kamba version. Others say that this was—on the contrary—a very precise notation of a correct African pronunciation /ˈkɛnjə/. An 1882 map drawn by Joseph Thompsons, a Scottish geologist and naturalist, indicated Mt. Kenya as Mt. Kenia, 1862. Controversy over the actual meaning of the word Kenya notwithstanding, it is clear that the mountain's name became widely accepted, pars pro toto, as the name of the country.","[""a very precise notation of a correct African pronunciation"", ""precise"", ""precise""]",7,corrupted,keyboard,any,1,1,True,hard,none,What do some believe about this oronumciation?,42115779.0,"[{""edit_num"": 1, ""old"": ""pronunciation"", ""new"": ""oronumciation"", ""location"": ""any"", ""typo_type"": ""keyboard"", ""difficulty"": ""hard"", ""word_index"": 6, ""char_indices"": [0, 5], ""operation_count"": 2}]",0.0,2,Some believe that the name is a corruption of the Kamba version.,0.0,0.125,0.0,,1.52672439700018,
Qwen/Qwen3-4B,,hf,squad,5725ba5038643c19005acbea,idf,Who was the deputy administrator of NASA in 1960?,"In July 1960, NASA Deputy Administrator Hugh L. Dryden announced the Apollo program to industry representatives at a series of Space Task Group conferences. Preliminary specifications were laid out for a spacecraft with a mission module cabin separate from the command module (piloting and re-entry cabin), and a propulsion and equipment module. On August 30, a feasibility study competition was announced, and on October 25, three study contracts were awarded to General Dynamics/Convair, General Electric, and the Glenn L. Martin Company. Meanwhile, NASA performed its own in-house spacecraft design studies led by Maxime Faget, to serve as a gauge to judge and monitor the three industry designs.","[""Hugh L. Dryden"", ""Maxime Faget"", ""Hugh L. Dryden"", ""Hugh L. Dryden"", ""Hugh L. Dryden""]",8,corrupted,keyboard,any,1,1,True,hard,none,Who was the dwpity administrator of NASA in 1960?,42125786.0,"[{""edit_num"": 1, ""old"": ""deputy"", ""new"": ""dwpity"", ""location"": ""any"", ""typo_type"": ""keyboard"", ""difficulty"": ""hard"", ""word_index"": 3, ""char_indices"": [1, 3], ""operation_count"": 2}]",0.0,2,Hugh L. Dryden,1.0,1.0,1.0,,1.0725970369999231,
Qwen/Qwen3-4B,,hf,squad,5730cb8df6cb411900e244c2,idf,What is the guidebook for local churches and pastors?,"The Book of Discipline is the guidebook for local churches and pastors and describes in considerable detail the organizational structure of local United Methodist churches. All UM churches must have a board of trustees with at least three members and no more than nine members and it is recommended that no gender should hold more than a 2/3 majority. All churches must also have a nominations committee, a finance committee and a church council or administrative council. Other committees are suggested but not required such as a missions committee, or evangelism or worship committee. Term limits are set for some committees but not for all. The church conference is an annual meeting of all the officers of the church and any interested members. This committee has the exclusive power to set pastors' salaries (compensation packages for tax purposes) and to elect officers to the committees.","[""The Book of Discipline"", ""The Book of Discipline"", ""The Book of Discipline""]",9,corrupted,keyboard,any,1,1,True,hard,none,What is the guidebook for local chieches and pastors?,42135793.0,"[{""edit_num"": 1, ""old"": ""churches"", ""new"": ""chieches"", ""location"": ""any"", ""typo_type"": ""keyboard"", ""difficulty"": ""hard"", ""word_index"": 6, ""char_indices"": [2, 3], ""operation_count"": 2}]",0.0,2,The Book of Discipline,1.0,1.0,1.0,,1.0366328000000067,
Qwen/Qwen3-4B,,hf,squad,5730b10b8ab72b1400f9c69e,idf,Is the UMC pro-life or pro-choice?,"The United Methodist Church upholds the sanctity of human life both of the child and the mother. As a result, the church is ""reluctant to affirm abortion as an acceptable practice,"" and condemns the use of late-term or partial birth abortion except as a medical necessity. The denomination as a whole is committed to ""assist[ing] the ministry of crisis pregnancy centers and pregnancy resource centers that compassionately help women find feasible alternatives to abortion."" Still, the denomination is pro-choice and also ""was a founding member of the Religious Coalition for Reproductive Choice...[and] 2008 General Conference [went] on record in support of the work of the Religious Coalition for Reproductive Choice"".","[""pro-choice"", ""pro-choice"", ""pro-choice""]",8,corrupted,keyboard,any,1,1,True,hard,none,Is the UMC pro-life or pro-xhojce?,42145800.0,"[{""edit_num"": 1, ""old"": ""choice"", ""new"": ""xhojce"", ""location"": ""any"", ""typo_type"": ""keyboard"", ""difficulty"": ""hard"", ""word_index"": 7, ""char_indices"": [0, 3], ""operation_count"": 2}]",0.0,2,pro-choice,1.0,1.0,1.0,,0.9239936799999668,
Qwen/Qwen3-4B,,hf,squad,5728d5793acd2414000dffb4,idf,Antigone was a play made by whom?,"One of the oldest depictions of civil disobedience is in Sophocles' play Antigone, in which Antigone, one of the daughters of former King of Thebes, Oedipus, defies Creon, the current King of Thebes, who is trying to stop her from giving her brother Polynices a proper burial. She gives a stirring speech in which she tells him that she must obey her conscience rather than human law. She is not at all afraid of the death he threatens her with (and eventually carries out), but she is afraid of how her conscience will smite her if she does not do this.","[""Sophocles"", ""Sophocles"", ""Sophocles"", ""Sophocles"", ""Sophocles""]",7,corrupted,keyboard,any,1,1,True,hard,none,Antigone was a play made by shon?,42155807.0,"[{""edit_num"": 1, ""old"": ""whom"", ""new"": ""shon"", ""location"": ""any"", ""typo_type"": ""keyboard"", ""difficulty"": ""hard"", ""word_index"": 6, ""char_indices"": [0, 3], ""operation_count"": 2}]",0.0,2,No.,0.0,0.0,0.0,,0.8969237690002956,
Qwen/Qwen3-4B,,hf,squad,572655e5f1498d1400e8dc61,idf,What is the main component of the aboral organ?,"The largest single sensory feature is the aboral organ (at the opposite end from the mouth). Its main component is a statocyst, a balance sensor consisting of a statolith, a solid particle supported on four bundles of cilia, called ""balancers"", that sense its orientation. The statocyst is protected by a transparent dome made of long, immobile cilia. A ctenophore does not automatically try to keep the statolith resting equally on all the balancers. Instead its response is determined by the animal's ""mood"", in other words the overall state of the nervous system. For example, if a ctenophore with trailing tentacles captures prey, it will often put some comb rows into reverse, spinning the mouth towards the prey.","[""a statocyst"", ""statocyst"", ""statocyst""]",9,corrupted,keyboard,any,1,1,True,hard,none,What is the main component of the aboral oegqn?,42165814.0,"[{""edit_num"": 1, ""old"": ""organ"", ""new"": ""oegqn"", ""location"": ""any"", ""typo_type"": ""keyboard"", ""difficulty"": ""hard"", ""word_index"": 8, ""char_indices"": [1, 3], ""operation_count"": 2}]",0.0,2,Statocyst,1.0,1.0,1.0,,0.9838809119996768,
Qwen/Qwen3-4B,,hf,squad,572a12386aef051400155235,idf,Hormones released during sleep support the interaction of T-cells and what species?,"In addition to the negative consequences of sleep deprivation, sleep and the intertwined circadian system have been shown to have strong regulatory effects on immunological functions affecting both the innate and the adaptive immunity. First, during the early slow-wave-sleep stage, a sudden drop in blood levels of cortisol, epinephrine, and norepinephrine induce increased blood levels of the hormones leptin, pituitary growth hormone, and prolactin. These signals induce a pro-inflammatory state through the production of the pro-inflammatory cytokines interleukin-1, interleukin-12, TNF-alpha and IFN-gamma. These cytokines then stimulate immune functions such as immune cells activation, proliferation, and differentiation. It is during this time that undifferentiated, or less differentiated, like naïve and central memory T cells, peak (i.e. during a time of a slowly evolving adaptive immune response). In addition to these effects, the milieu of hormones produced at this time (leptin, pituitary growth hormone, and prolactin) support the interactions between APCs and T-cells, a shift of the Th1/Th2 cytokine balance towards one that supports Th1, an increase in overall Th cell proliferation, and naïve T cell migration to lymph nodes. This milieu is also thought to support the formation of long-lasting immune memory through the initiation of Th1 immune responses.","[""APCs"", ""APCs"", ""APCs""]",13,corrupted,keyboard,any,1,1,True,hard,none,Hormones released during dleel support the interaction of T-cells and what species?,42175821.0,"[{""edit_num"": 1, ""old"": ""sleep"", ""new"": ""dleel"", ""location"": ""any"", ""typo_type"": ""keyboard"", ""difficulty"": ""hard"", ""word_index"": 3, ""char_indices"": [0, 4], ""operation_count"": 2}]",0.0,2,APCs,1.0,1.0,1.0,,1.3858077330000924,
Qwen/Qwen3-4B,,hf,squad,571c97e2dd7acb1400e4c11e,idf,Where does oxygen rank by mass in the planet's biosphere?,"Oxygen is the most abundant chemical element by mass in the Earth's biosphere, air, sea and land. Oxygen is the third most abundant chemical element in the universe, after hydrogen and helium. About 0.9% of the Sun's mass is oxygen. Oxygen constitutes 49.2% of the Earth's crust by mass and is the major component of the world's oceans (88.8% by mass). Oxygen gas is the second most common component of the Earth's atmosphere, taking up 20.8% of its volume and 23.1% of its mass (some 1015 tonnes).[d] Earth is unusual among the planets of the Solar System in having such a high concentration of oxygen gas in its atmosphere: Mars (with 0.1% O
2 by volume) and Venus have far lower concentrations. The O
2 surrounding these other planets is produced solely by ultraviolet radiation impacting oxygen-containing molecules such as carbon dioxide.","[""most abundant"", ""most"", ""most abundant"", ""most abundant"", ""most abundant""]",11,corrupted,keyboard,any,1,1,True,hard,none,Where does oxygen rank by mass in the olanrt's biosphere?,42185828.0,"[{""edit_num"": 1, ""old"": ""planet"", ""new"": ""olanrt"", ""location"": ""any"", ""typo_type"": ""keyboard"", ""difficulty"": ""hard"", ""word_index"": 8, ""char_indices"": [0, 4], ""operation_count"": 2}]",0.0,2,Most abundant,1.0,1.0,1.0,,1.1640053020000778,
Qwen/Qwen3-4B,,hf,squad,5728ec6a4b864d19001650ae,idf,What type of sentences were the protesters given?,"When the Committee for Non-Violent Action sponsored a protest in August 1957, at the Camp Mercury nuclear test site near Las Vegas, Nevada, 13 of the protesters attempted to enter the test site knowing that they faced arrest. At a pre-arranged announced time, one at a time they stepped across the ""line"" and were immediately arrested. They were put on a bus and taken to the Nye County seat of Tonopah, Nevada, and arraigned for trial before the local Justice of the Peace, that afternoon. A well known civil rights attorney, Francis Heisler, had volunteered to defend the arrested persons, advising them to plead ""nolo contendere"", as an alternative to pleading either guilty or not-guilty. The arrested persons were found ""guilty,"" nevertheless, and given suspended sentences, conditional on their not reentering the test site grounds.[citation needed]","[""suspended sentences"", ""suspended sentences"", ""suspended"", ""suspended"", ""suspended""]",8,corrupted,keyboard,any,1,1,True,hard,none,What type of sentences sdre the protesters given?,42195835.0,"[{""edit_num"": 1, ""old"": ""were"", ""new"": ""sdre"", ""location"": ""any"", ""typo_type"": ""keyboard"", ""difficulty"": ""hard"", ""word_index"": 4, ""char_indices"": [0, 1], ""operation_count"": 2}]",0.0,2,suspended sentences,1.0,1.0,1.0,,1.2725058629998784,
Qwen/Qwen3-4B,,hf,squad,572fffb404bcaa1900d76ff2,idf,When did rapid warming begin and help vegetation?,"As northwest Europe slowly began to warm up from 22,000 years ago onward, frozen subsoil and expanded alpine glaciers began to thaw and fall-winter snow covers melted in spring. Much of the discharge was routed to the Rhine and its downstream extension. Rapid warming and changes of vegetation, to open forest, began about 13,000 BP. By 9000 BP, Europe was fully forested. With globally shrinking ice-cover, ocean water levels rose and the English Channel and North Sea re-inundated. Meltwater, adding to the ocean and land subsidence, drowned the former coasts of Europe transgressionally.","[""13,000 BP"", ""13,000 BP"", ""13,000 BP""]",8,corrupted,keyboard,any,2,2,True,hard,none,Whrj did rapid warming bevim and help vegetation?,42005702.0,"[{""edit_num"": 1, ""old"": ""begin"", ""new"": ""bevim"", ""location"": ""any"", ""typo_type"": ""keyboard"", ""difficulty"": ""hard"", ""word_index"": 4, ""char_indices"": [2, 4], ""operation_count"": 2}, {""edit_num"": 2, ""old"": ""When"", ""new"": ""Whrj"", ""location"": ""any"", ""typo_type"": ""keyboard"", ""difficulty"": ""hard"", ""word_index"": 0, ""char_indices"": [2, 3], ""operation_count"": 2}]",0.0,4,open forest,0.0,0.0,0.0,,0.9130798260002848,
Qwen/Qwen3-4B,,hf,squad,5725bd4b38643c19005acc33,idf,How long did it take Johnson to respond to Kennedy?,"On April 20, Kennedy sent a memo to Vice President Lyndon B. Johnson, asking Johnson to look into the status of America's space program, and into programs that could offer NASA the opportunity to catch up. Johnson responded approximately one week later, concluding that ""we are neither making maximum effort nor achieving results necessary if this country is to reach a position of leadership."" His memo concluded that a manned Moon landing was far enough in the future that it was likely the United States would achieve it first.","[""approximately one week"", ""one week"", ""one week"", ""one week"", ""one week""]",10,corrupted,keyboard,any,2,2,True,hard,none,How ponh did it take Johnson to respond to Kejnecy?,42015709.0,"[{""edit_num"": 1, ""old"": ""long"", ""new"": ""ponh"", ""location"": ""any"", ""typo_type"": ""keyboard"", ""difficulty"": ""hard"", ""word_index"": 1, ""char_indices"": [0, 3], ""operation_count"": 2}, {""edit_num"": 2, ""old"": ""Kennedy"", ""new"": ""Kejnecy"", ""location"": ""any"", ""typo_type"": ""keyboard"", ""difficulty"": ""hard"", ""word_index"": 9, ""char_indices"": [2, 5], ""operation_count"": 2}]",0.0,4,one week,1.0,1.0,1.0,,0.7338889560001007,
Qwen/Qwen3-4B,,hf,squad,56e1cbe2cd28a01900c67bae,idf,What measurement of time is used in polynomial time reduction?,"The most commonly used reduction is a polynomial-time reduction. This means that the reduction process takes polynomial time. For example, the problem of squaring an integer can be reduced to the problem of multiplying two integers. This means an algorithm for multiplying two integers can be used to square an integer. Indeed, this can be done by giving the same input to both inputs of the multiplication algorithm. Thus we see that squaring is not more difficult than multiplication, since squaring can be reduced to multiplication.","[""polynomial time"", ""polynomial"", ""polynomial time""]",10,corrupted,keyboard,any,2,2,True,hard,none,What measurement of time is used in popunomial ykme reduction?,42025716.0,"[{""edit_num"": 1, ""old"": ""polynomial"", ""new"": ""popunomial"", ""location"": ""any"", ""typo_type"": ""keyboard"", ""difficulty"": ""hard"", ""word_index"": 7, ""char_indices"": [2, 3], ""operation_count"": 2}, {""edit_num"": 2, ""old"": ""time"", ""new"": ""ykme"", ""location"": ""any"", ""typo_type"": ""keyboard"", ""difficulty"": ""hard"", ""word_index"": 8, ""char_indices"": [0, 1], ""operation_count"": 2}]",0.0,4,polynomial-time,0.0,0.0,1.0,,0.7890699119998317,
Qwen/Qwen3-4B,,hf,squad,5729f39a6aef05140015514d,idf,What is the receptor that killer T cells use to bind to specific antigens that are complexed with the MHC Class 1 receptor of another cell?,"Killer T cells are a sub-group of T cells that kill cells that are infected with viruses (and other pathogens), or are otherwise damaged or dysfunctional. As with B cells, each type of T cell recognizes a different antigen. Killer T cells are activated when their T cell receptor (TCR) binds to this specific antigen in a complex with the MHC Class I receptor of another cell. Recognition of this MHC:antigen complex is aided by a co-receptor on the T cell, called CD8. The T cell then travels throughout the body in search of cells where the MHC I receptors bear this antigen. When an activated T cell contacts such cells, it releases cytotoxins, such as perforin, which form pores in the target cell's plasma membrane, allowing ions, water and toxins to enter. The entry of another toxin called granulysin (a protease) induces the target cell to undergo apoptosis. T cell killing of host cells is particularly important in preventing the replication of viruses. T cell activation is tightly controlled and generally requires a very strong MHC/antigen activation signal, or additional activation signals provided by ""helper"" T cells (see below).","[""T cell receptor (TCR)"", ""T cell receptor"", ""T cell receptor (TCR)""]",25,corrupted,keyboard,any,2,2,True,hard,none,What is the receptor that killer T cells use to bind to specific antigens fbat are complexed with the MHC Vlazs 1 receptor of another cell?,42035723.0,"[{""edit_num"": 1, ""old"": ""Class"", ""new"": ""Vlazs"", ""location"": ""any"", ""typo_type"": ""keyboard"", ""difficulty"": ""hard"", ""word_index"": 20, ""char_indices"": [0, 3], ""operation_count"": 2}, {""edit_num"": 2, ""old"": ""that"", ""new"": ""fbat"", ""location"": ""any"", ""typo_type"": ""keyboard"", ""difficulty"": ""hard"", ""word_index"": 14, ""char_indices"": [0, 1], ""operation_count"": 2}]",0.0,4,T cell receptor (TCR),1.0,1.0,1.0,,1.6165815279996423,
Qwen/Qwen3-4B,,hf,squad,571136b8a58dae1900cd6d22,idf,"Along with poppet valve gears, what type of gears utilized separate admission and exhaust valves to give ideal events?","In the 1840s and 50s, there were attempts to overcome this problem by means of various patent valve gears with a separate, variable cutoff expansion valve riding on the back of the main slide valve; the latter usually had fixed or limited cutoff. The combined setup gave a fair approximation of the ideal events, at the expense of increased friction and wear, and the mechanism tended to be complicated. The usual compromise solution has been to provide lap by lengthening rubbing surfaces of the valve in such a way as to overlap the port on the admission side, with the effect that the exhaust side remains open for a longer period after cut-off on the admission side has occurred. This expedient has since been generally considered satisfactory for most purposes and makes possible the use of the simpler Stephenson, Joy and Walschaerts motions. Corliss, and later, poppet valve gears had separate admission and exhaust valves driven by trip mechanisms or cams profiled so as to give ideal events; most of these gears never succeeded outside of the stationary marketplace due to various other issues including leakage and more delicate mechanisms.","[""Corliss"", ""patent valve"", ""Corliss""]",19,corrupted,keyboard,any,2,2,True,hard,none,"Along with poppet valve gears, what type of gears utilized separate adjissuon and exhaust valves to give ideal rvebts?",42045730.0,"[{""edit_num"": 1, ""old"": ""admission"", ""new"": ""adjissuon"", ""location"": ""any"", ""typo_type"": ""keyboard"", ""difficulty"": ""hard"", ""word_index"": 11, ""char_indices"": [2, 6], ""operation_count"": 2}, {""edit_num"": 2, ""old"": ""events"", ""new"": ""rvebts"", ""location"": ""any"", ""typo_type"": ""keyboard"", ""difficulty"": ""hard"", ""word_index"": 18, ""char_indices"": [0, 3], ""operation_count"": 2}]",0.0,4,Corliss,1.0,1.0,1.0,,1.2419492779999928,
Qwen/Qwen3-4B,,hf,squad,56e089ab231d4119001ac285,idf,When was a patent-sharing agreement signed between Westinghouse Electric and General Electric?,"The mid 1890s saw the conglomerate General Electric, backed by financier J. P. Morgan, involved in takeover attempts and patent battles with Westinghouse Electric. Although a patent-sharing agreement was signed between the two companies in 1896 Westinghouse was still cash-strapped from the financial warfare. To secure further loans, Westinghouse was forced to revisit Tesla's AC patent, which bankers considered a financial strain on the company (at that point Westinghouse had paid out an estimated $200,000 in licenses and royalties to Tesla, Brown, and Peck). In 1897, Westinghouse explained his financial difficulties to Tesla in stark terms, saying that if things continue the way they were he would no longer be in control of Westinghouse Electric and Tesla would have to ""deal with the bankers"" to try to collect future royalties. Westinghouse convinced Tesla to release his company from the licensing agreement over Tesla's AC patents in exchange for Westinghouse Electric purchasing the patents for a lump sum payment of $216,000; this provided Westinghouse a break from what, due to alternating current's rapid gain in popularity, had turned out to be an overly generous $2.50 per AC horsepower royalty.","[""1896"", ""1896"", ""1896""]",13,corrupted,keyboard,any,2,2,True,hard,none,When was a patent-sharing agreement signed beteedn Wdstingnouse Electric and General Electric?,42055737.0,"[{""edit_num"": 1, ""old"": ""Westinghouse"", ""new"": ""Wdstingnouse"", ""location"": ""any"", ""typo_type"": ""keyboard"", ""difficulty"": ""hard"", ""word_index"": 8, ""char_indices"": [1, 7], ""operation_count"": 2}, {""edit_num"": 2, ""old"": ""between"", ""new"": ""beteedn"", ""location"": ""any"", ""typo_type"": ""keyboard"", ""difficulty"": ""hard"", ""word_index"": 7, ""char_indices"": [3, 5], ""operation_count"": 2}]",0.0,4,1896,1.0,1.0,1.0,,1.4893095959996572,
Qwen/Qwen3-4B,,hf,squad,570d29c2b3d812140066d4c0,idf,How many Victorians are Buddhist?,"About 61.1% of Victorians describe themselves as Christian. Roman Catholics form the single largest religious group in the state with 26.7% of the Victorian population, followed by Anglicans and members of the Uniting Church. Buddhism is the state's largest non-Christian religion, with 168,637 members as of the most recent census. Victoria is also home of 152,775 Muslims and 45,150 Jews. Hinduism is the fastest growing religion. Around 20% of Victorians claim no religion. Amongst those who declare a religious affiliation, church attendance is low.","[""168,637"", ""168,637"", ""168,637""]",5,corrupted,keyboard,any,2,2,True,hard,none,How jamy Bictprians are Buddhist?,42065744.0,"[{""edit_num"": 1, ""old"": ""many"", ""new"": ""jamy"", ""location"": ""any"", ""typo_type"": ""keyboard"", ""difficulty"": ""hard"", ""word_index"": 1, ""char_indices"": [0, 2], ""operation_count"": 2}, {""edit_num"": 2, ""old"": ""Victorians"", ""new"": ""Bictprians"", ""location"": ""any"", ""typo_type"": ""keyboard"", ""difficulty"": ""hard"", ""word_index"": 2, ""char_indices"": [0, 4], ""operation_count"": 2}]",0.0,4,"168,637",1.0,1.0,1.0,,1.1987627700000303,
Qwen/Qwen3-4B,,hf,squad,57267ebfdd62a815002e872c,idf,Zones in which mountains are built along convergent tectonic plate boundaries are called what?,"Among the most well-known experiments in structural geology are those involving orogenic wedges, which are zones in which mountains are built along convergent tectonic plate boundaries. In the analog versions of these experiments, horizontal layers of sand are pulled along a lower surface into a back stop, which results in realistic-looking patterns of faulting and the growth of a critically tapered (all angles remain the same) orogenic wedge. Numerical models work in the same way as these analog models, though they are often more sophisticated and can include patterns of erosion and uplift in the mountain belt. This helps to show the relationship between erosion and the shape of the mountain range. These studies can also give useful information about pathways for metamorphism through pressure, temperature, space, and time.","[""orogenic wedges"", ""orogenic wedges"", ""orogenic wedges""]",14,corrupted,keyboard,any,2,2,True,hard,none,Zones in which mountains are built alknf convergent tectonic plate boundaries are cqllec what?,42075751.0,"[{""edit_num"": 1, ""old"": ""along"", ""new"": ""alknf"", ""location"": ""any"", ""typo_type"": ""keyboard"", ""difficulty"": ""hard"", ""word_index"": 6, ""char_indices"": [2, 4], ""operation_count"": 2}, {""edit_num"": 2, ""old"": ""called"", ""new"": ""cqllec"", ""location"": ""any"", ""typo_type"": ""keyboard"", ""difficulty"": ""hard"", ""word_index"": 12, ""char_indices"": [1, 5], ""operation_count"": 2}]",0.0,4,orogenic wedges,1.0,1.0,1.0,,1.060212890999992,
Qwen/Qwen3-4B,,hf,squad,57115e532419e314009555b1,idf,What was compounding seen as being in the locomotive construction industry?,"The adoption of compounding was common for industrial units, for road engines and almost universal for marine engines after 1880; it was not universally popular in railway locomotives where it was often perceived as complicated. This is partly due to the harsh railway operating environment and limited space afforded by the loading gauge (particularly in Britain, where compounding was never common and not employed after 1930). However, although never in the majority, it was popular in many other countries.","[""complicated"", ""complicated"", ""complicated""]",11,corrupted,keyboard,any,2,2,True,hard,none,What was compoujdjng seen as being in the lodomotove construction industry?,42085758.0,"[{""edit_num"": 1, ""old"": ""locomotive"", ""new"": ""lodomotove"", ""location"": ""any"", ""typo_type"": ""keyboard"", ""difficulty"": ""hard"", ""word_index"": 8, ""char_indices"": [2, 7], ""operation_count"": 2}, {""edit_num"": 2, ""old"": ""compounding"", ""new"": ""compoujdjng"", ""location"": ""any"", ""typo_type"": ""keyboard"", ""difficulty"": ""hard"", ""word_index"": 2, ""char_indices"": [6, 8], ""operation_count"": 2}]",0.0,4,complicated,1.0,1.0,1.0,,0.7637297880000915,
Qwen/Qwen3-4B,,hf,squad,5726e3c4dd62a815002e9405,idf,What is the origin of clinical pharmacy?,"Pharmacists provide direct patient care services that optimizes the use of medication and promotes health, wellness, and disease prevention. Clinical pharmacists care for patients in all health care settings, but the clinical pharmacy movement initially began inside hospitals and clinics. Clinical pharmacists often collaborate with physicians and other healthcare professionals to improve pharmaceutical care. Clinical pharmacists are now an integral part of the interdisciplinary approach to patient care. They often participate in patient care rounds drug product selection.","[""inside hospitals and clinics"", ""inside hospitals and clinics"", ""the clinical pharmacy movement initially began inside hospitals and clinics""]",7,corrupted,keyboard,any,2,2,True,hard,none,What is the orogih of clibiczl pharmacy?,42095765.0,"[{""edit_num"": 1, ""old"": ""clinical"", ""new"": ""clibiczl"", ""location"": ""any"", ""typo_type"": ""keyboard"", ""difficulty"": ""hard"", ""word_index"": 5, ""char_indices"": [3, 6], ""operation_count"": 2}, {""edit_num"": 2, ""old"": ""origin"", ""new"": ""orogih"", ""location"": ""any"", ""typo_type"": ""keyboard"", ""difficulty"": ""hard"", ""word_index"": 3, ""char_indices"": [2, 5], ""operation_count"": 2}]",0.0,4,hospitals and clinics,0.0,0.8571428571428571,0.0,,0.9939935429997604,
Qwen/Qwen3-4B,,hf,squad,5725d42a89a1e219009abf58,idf,"Who wrote ""Walking in Fresno?""","In the 1970s, the city was the subject of a song, ""Walking Into Fresno"", written by Hall Of Fame guitarist Bill Aken and recorded by Bob Gallion of the world-famous ""WWVA Jamboree"" radio and television show in Wheeling, West Virginia. Aken, adopted by Mexican movie actress Lupe Mayorga, grew up in the neighboring town of Madera and his song chronicled the hardships faced by the migrant farm workers he saw as a child. Aken also made his first TV appearance playing guitar on the old country-western show at The Fresno Barn.","[""Bill Aken"", ""Bill Aken"", ""Bill Aken""]",5,corrupted,keyboard,any,2,2,True,hard,none,"Who wrote ""Wakkibg in Frssjo?""",42105772.0,"[{""edit_num"": 1, ""old"": ""Fresno"", ""new"": ""Frssjo"", ""location"": ""any"", ""typo_type"": ""keyboard"", ""difficulty"": ""hard"", ""word_index"": 4, ""char_indices"": [2, 4], ""operation_count"": 2}, {""edit_num"": 2, ""old"": ""Walking"", ""new"": ""Wakkibg"", ""location"": ""any"", ""typo_type"": ""keyboard"", ""difficulty"": ""hard"", ""word_index"": 2, ""char_indices"": [2, 5], ""operation_count"": 2}]",0.0,4,Bill Aken,1.0,1.0,1.0,,1.0601672960001451,
Qwen/Qwen3-4B,,hf,squad,5728f9342ca10214002dab53,idf,What do some believe about this pronunciation?,"Ludwig Krapf recorded the name as both Kenia and Kegnia believed by most to be a corruption of the Kamba version. Others say that this was—on the contrary—a very precise notation of a correct African pronunciation /ˈkɛnjə/. An 1882 map drawn by Joseph Thompsons, a Scottish geologist and naturalist, indicated Mt. Kenya as Mt. Kenia, 1862. Controversy over the actual meaning of the word Kenya notwithstanding, it is clear that the mountain's name became widely accepted, pars pro toto, as the name of the country.","[""a very precise notation of a correct African pronunciation"", ""precise"", ""precise""]",7,corrupted,keyboard,any,2,2,True,hard,none,What do some believe ablug this oronumciation?,42115779.0,"[{""edit_num"": 1, ""old"": ""pronunciation"", ""new"": ""oronumciation"", ""location"": ""any"", ""typo_type"": ""keyboard"", ""difficulty"": ""hard"", ""word_index"": 6, ""char_indices"": [0, 5], ""operation_count"": 2}, {""edit_num"": 2, ""old"": ""about"", ""new"": ""ablug"", ""location"": ""any"", ""typo_type"": ""keyboard"", ""difficulty"": ""hard"", ""word_index"": 4, ""char_indices"": [2, 4], ""operation_count"": 2}]",0.0,4,corruption of the Kamba version,0.0,0.18181818181818182,0.0,,1.3363172909998866,
Qwen/Qwen3-4B,,hf,squad,5725ba5038643c19005acbea,idf,Who was the deputy administrator of NASA in 1960?,"In July 1960, NASA Deputy Administrator Hugh L. Dryden announced the Apollo program to industry representatives at a series of Space Task Group conferences. Preliminary specifications were laid out for a spacecraft with a mission module cabin separate from the command module (piloting and re-entry cabin), and a propulsion and equipment module. On August 30, a feasibility study competition was announced, and on October 25, three study contracts were awarded to General Dynamics/Convair, General Electric, and the Glenn L. Martin Company. Meanwhile, NASA performed its own in-house spacecraft design studies led by Maxime Faget, to serve as a gauge to judge and monitor the three industry designs.","[""Hugh L. Dryden"", ""Maxime Faget"", ""Hugh L. Dryden"", ""Hugh L. Dryden"", ""Hugh L. Dryden""]",8,corrupted,keyboard,any,2,2,True,hard,none,Who was the dwpity administratpf of NASA in 1960?,42125786.0,"[{""edit_num"": 1, ""old"": ""deputy"", ""new"": ""dwpity"", ""location"": ""any"", ""typo_type"": ""keyboard"", ""difficulty"": ""hard"", ""word_index"": 3, ""char_indices"": [1, 3], ""operation_count"": 2}, {""edit_num"": 2, ""old"": ""administrator"", ""new"": ""administratpf"", ""location"": ""any"", ""typo_type"": ""keyboard"", ""difficulty"": ""hard"", ""word_index"": 4, ""char_indices"": [11, 12], ""operation_count"": 2}]",0.0,4,Hugh L. Dryden,1.0,1.0,1.0,,1.099755818000176,
Qwen/Qwen3-4B,,hf,squad,5730cb8df6cb411900e244c2,idf,What is the guidebook for local churches and pastors?,"The Book of Discipline is the guidebook for local churches and pastors and describes in considerable detail the organizational structure of local United Methodist churches. All UM churches must have a board of trustees with at least three members and no more than nine members and it is recommended that no gender should hold more than a 2/3 majority. All churches must also have a nominations committee, a finance committee and a church council or administrative council. Other committees are suggested but not required such as a missions committee, or evangelism or worship committee. Term limits are set for some committees but not for all. The church conference is an annual meeting of all the officers of the church and any interested members. This committee has the exclusive power to set pastors' salaries (compensation packages for tax purposes) and to elect officers to the committees.","[""The Book of Discipline"", ""The Book of Discipline"", ""The Book of Discipline""]",9,corrupted,keyboard,any,2,2,True,hard,none,Wuaf is the guidebook for local chieches and pastors?,42135793.0,"[{""edit_num"": 1, ""old"": ""churches"", ""new"": ""chieches"", ""location"": ""any"", ""typo_type"": ""keyboard"", ""difficulty"": ""hard"", ""word_index"": 6, ""char_indices"": [2, 3], ""operation_count"": 2}, {""edit_num"": 2, ""old"": ""What"", ""new"": ""Wuaf"", ""location"": ""any"", ""typo_type"": ""keyboard"", ""difficulty"": ""hard"", ""word_index"": 0, ""char_indices"": [1, 3], ""operation_count"": 2}]",0.0,4,The Book of Discipline,1.0,1.0,1.0,,1.0742801450001025,
Qwen/Qwen3-4B,,hf,squad,5730b10b8ab72b1400f9c69e,idf,Is the UMC pro-life or pro-choice?,"The United Methodist Church upholds the sanctity of human life both of the child and the mother. As a result, the church is ""reluctant to affirm abortion as an acceptable practice,"" and condemns the use of late-term or partial birth abortion except as a medical necessity. The denomination as a whole is committed to ""assist[ing] the ministry of crisis pregnancy centers and pregnancy resource centers that compassionately help women find feasible alternatives to abortion."" Still, the denomination is pro-choice and also ""was a founding member of the Religious Coalition for Reproductive Choice...[and] 2008 General Conference [went] on record in support of the work of the Religious Coalition for Reproductive Choice"".","[""pro-choice"", ""pro-choice"", ""pro-choice""]",8,corrupted,keyboard,any,2,2,True,hard,none,Is the UMC pro-okfe or pro-xhojce?,42145800.0,"[{""edit_num"": 1, ""old"": ""choice"", ""new"": ""xhojce"", ""location"": ""any"", ""typo_type"": ""keyboard"", ""difficulty"": ""hard"", ""word_index"": 7, ""char_indices"": [0, 3], ""operation_count"": 2}, {""edit_num"": 2, ""old"": ""life"", ""new"": ""okfe"", ""location"": ""any"", ""typo_type"": ""keyboard"", ""difficulty"": ""hard"", ""word_index"": 4, ""char_indices"": [0, 1], ""operation_count"": 2}]",0.0,4,pro-choice,1.0,1.0,1.0,,0.9569025529999635,
Qwen/Qwen3-4B,,hf,squad,5728d5793acd2414000dffb4,idf,Antigone was a play made by whom?,"One of the oldest depictions of civil disobedience is in Sophocles' play Antigone, in which Antigone, one of the daughters of former King of Thebes, Oedipus, defies Creon, the current King of Thebes, who is trying to stop her from giving her brother Polynices a proper burial. She gives a stirring speech in which she tells him that she must obey her conscience rather than human law. She is not at all afraid of the death he threatens her with (and eventually carries out), but she is afraid of how her conscience will smite her if she does not do this.","[""Sophocles"", ""Sophocles"", ""Sophocles"", ""Sophocles"", ""Sophocles""]",7,corrupted,keyboard,any,2,2,True,hard,none,Anrifone was a play made by shon?,42155807.0,"[{""edit_num"": 1, ""old"": ""whom"", ""new"": ""shon"", ""location"": ""any"", ""typo_type"": ""keyboard"", ""difficulty"": ""hard"", ""word_index"": 6, ""char_indices"": [0, 3], ""operation_count"": 2}, {""edit_num"": 2, ""old"": ""Antigone"", ""new"": ""Anrifone"", ""location"": ""any"", ""typo_type"": ""keyboard"", ""difficulty"": ""hard"", ""word_index"": 0, ""char_indices"": [2, 4], ""operation_count"": 2}]",0.0,4,No.,0.0,0.0,0.0,,0.945452682999985,
Qwen/Qwen3-4B,,hf,squad,572655e5f1498d1400e8dc61,idf,What is the main component of the aboral organ?,"The largest single sensory feature is the aboral organ (at the opposite end from the mouth). Its main component is a statocyst, a balance sensor consisting of a statolith, a solid particle supported on four bundles of cilia, called ""balancers"", that sense its orientation. The statocyst is protected by a transparent dome made of long, immobile cilia. A ctenophore does not automatically try to keep the statolith resting equally on all the balancers. Instead its response is determined by the animal's ""mood"", in other words the overall state of the nervous system. For example, if a ctenophore with trailing tentacles captures prey, it will often put some comb rows into reverse, spinning the mouth towards the prey.","[""a statocyst"", ""statocyst"", ""statocyst""]",9,corrupted,keyboard,any,2,2,True,hard,none,What is the main component of the aborsp oegqn?,42165814.0,"[{""edit_num"": 1, ""old"": ""organ"", ""new"": ""oegqn"", ""location"": ""any"", ""typo_type"": ""keyboard"", ""difficulty"": ""hard"", ""word_index"": 8, ""char_indices"": [1, 3], ""operation_count"": 2}, {""edit_num"": 2, ""old"": ""aboral"", ""new"": ""aborsp"", ""location"": ""any"", ""typo_type"": ""keyboard"", ""difficulty"": ""hard"", ""word_index"": 7, ""char_indices"": [4, 5], ""operation_count"": 2}]",0.0,4,statocyst,1.0,1.0,1.0,,1.0231384680000701,
Qwen/Qwen3-4B,,hf,squad,572a12386aef051400155235,idf,Hormones released during sleep support the interaction of T-cells and what species?,"In addition to the negative consequences of sleep deprivation, sleep and the intertwined circadian system have been shown to have strong regulatory effects on immunological functions affecting both the innate and the adaptive immunity. First, during the early slow-wave-sleep stage, a sudden drop in blood levels of cortisol, epinephrine, and norepinephrine induce increased blood levels of the hormones leptin, pituitary growth hormone, and prolactin. These signals induce a pro-inflammatory state through the production of the pro-inflammatory cytokines interleukin-1, interleukin-12, TNF-alpha and IFN-gamma. These cytokines then stimulate immune functions such as immune cells activation, proliferation, and differentiation. It is during this time that undifferentiated, or less differentiated, like naïve and central memory T cells, peak (i.e. during a time of a slowly evolving adaptive immune response). In addition to these effects, the milieu of hormones produced at this time (leptin, pituitary growth hormone, and prolactin) support the interactions between APCs and T-cells, a shift of the Th1/Th2 cytokine balance towards one that supports Th1, an increase in overall Th cell proliferation, and naïve T cell migration to lymph nodes. This milieu is also thought to support the formation of long-lasting immune memory through the initiation of Th1 immune responses.","[""APCs"", ""APCs"", ""APCs""]",13,corrupted,keyboard,any,2,2,True,hard,none,Hormones released during dleel support the interaction of T-ceolz and what species?,42175821.0,"[{""edit_num"": 1, ""old"": ""sleep"", ""new"": ""dleel"", ""location"": ""any"", ""typo_type"": ""keyboard"", ""difficulty"": ""hard"", ""word_index"": 3, ""char_indices"": [0, 4], ""operation_count"": 2}, {""edit_num"": 2, ""old"": ""cells"", ""new"": ""ceolz"", ""location"": ""any"", ""typo_type"": ""keyboard"", ""difficulty"": ""hard"", ""word_index"": 9, ""char_indices"": [2, 4], ""operation_count"": 2}]",0.0,4,APCs,1.0,1.0,1.0,,1.4199771779999537,
Qwen/Qwen3-4B,,hf,squad,571c97e2dd7acb1400e4c11e,idf,Where does oxygen rank by mass in the planet's biosphere?,"Oxygen is the most abundant chemical element by mass in the Earth's biosphere, air, sea and land. Oxygen is the third most abundant chemical element in the universe, after hydrogen and helium. About 0.9% of the Sun's mass is oxygen. Oxygen constitutes 49.2% of the Earth's crust by mass and is the major component of the world's oceans (88.8% by mass). Oxygen gas is the second most common component of the Earth's atmosphere, taking up 20.8% of its volume and 23.1% of its mass (some 1015 tonnes).[d] Earth is unusual among the planets of the Solar System in having such a high concentration of oxygen gas in its atmosphere: Mars (with 0.1% O
2 by volume) and Venus have far lower concentrations. The O
2 surrounding these other planets is produced solely by ultraviolet radiation impacting oxygen-containing molecules such as carbon dioxide.","[""most abundant"", ""most"", ""most abundant"", ""most abundant"", ""most abundant""]",11,corrupted,keyboard,any,2,2,True,hard,none,Where does oxyhsn rank by mass in the olanrt's biosphere?,42185828.0,"[{""edit_num"": 1, ""old"": ""planet"", ""new"": ""olanrt"", ""location"": ""any"", ""typo_type"": ""keyboard"", ""difficulty"": ""hard"", ""word_index"": 8, ""char_indices"": [0, 4], ""operation_count"": 2}, {""edit_num"": 2, ""old"": ""oxygen"", ""new"": ""oxyhsn"", ""location"": ""any"", ""typo_type"": ""keyboard"", ""difficulty"": ""hard"", ""word_index"": 2, ""char_indices"": [3, 4], ""operation_count"": 2}]",0.0,4,Most abundant,1.0,1.0,1.0,,1.1936210439998831,
Qwen/Qwen3-4B,,hf,squad,5728ec6a4b864d19001650ae,idf,What type of sentences were the protesters given?,"When the Committee for Non-Violent Action sponsored a protest in August 1957, at the Camp Mercury nuclear test site near Las Vegas, Nevada, 13 of the protesters attempted to enter the test site knowing that they faced arrest. At a pre-arranged announced time, one at a time they stepped across the ""line"" and were immediately arrested. They were put on a bus and taken to the Nye County seat of Tonopah, Nevada, and arraigned for trial before the local Justice of the Peace, that afternoon. A well known civil rights attorney, Francis Heisler, had volunteered to defend the arrested persons, advising them to plead ""nolo contendere"", as an alternative to pleading either guilty or not-guilty. The arrested persons were found ""guilty,"" nevertheless, and given suspended sentences, conditional on their not reentering the test site grounds.[citation needed]","[""suspended sentences"", ""suspended sentences"", ""suspended"", ""suspended"", ""suspended""]",8,corrupted,keyboard,any,2,2,True,hard,none,What type of sentences sdre the orotestsrs given?,42195835.0,"[{""edit_num"": 1, ""old"": ""were"", ""new"": ""sdre"", ""location"": ""any"", ""typo_type"": ""keyboard"", ""difficulty"": ""hard"", ""word_index"": 4, ""char_indices"": [0, 1], ""operation_count"": 2}, {""edit_num"": 2, ""old"": ""protesters"", ""new"": ""orotestsrs"", ""location"": ""any"", ""typo_type"": ""keyboard"", ""difficulty"": ""hard"", ""word_index"": 6, ""char_indices"": [0, 7], ""operation_count"": 2}]",0.0,4,suspended sentences,1.0,1.0,1.0,,1.2302615409998907,
Qwen/Qwen3-4B,,hf,squad,572fffb404bcaa1900d76ff2,idf,When did rapid warming begin and help vegetation?,"As northwest Europe slowly began to warm up from 22,000 years ago onward, frozen subsoil and expanded alpine glaciers began to thaw and fall-winter snow covers melted in spring. Much of the discharge was routed to the Rhine and its downstream extension. Rapid warming and changes of vegetation, to open forest, began about 13,000 BP. By 9000 BP, Europe was fully forested. With globally shrinking ice-cover, ocean water levels rose and the English Channel and North Sea re-inundated. Meltwater, adding to the ocean and land subsidence, drowned the former coasts of Europe transgressionally.","[""13,000 BP"", ""13,000 BP"", ""13,000 BP""]",8,corrupted,keyboard,any,3,3,True,hard,none,Whrj did rapid wafking bevim and help vegetation?,42005702.0,"[{""edit_num"": 1, ""old"": ""begin"", ""new"": ""bevim"", ""location"": ""any"", ""typo_type"": ""keyboard"", ""difficulty"": ""hard"", ""word_index"": 4, ""char_indices"": [2, 4], ""operation_count"": 2}, {""edit_num"": 2, ""old"": ""When"", ""new"": ""Whrj"", ""location"": ""any"", ""typo_type"": ""keyboard"", ""difficulty"": ""hard"", ""word_index"": 0, ""char_indices"": [2, 3], ""operation_count"": 2}, {""edit_num"": 3, ""old"": ""warming"", ""new"": ""wafking"", ""location"": ""any"", ""typo_type"": ""keyboard"", ""difficulty"": ""hard"", ""word_index"": 3, ""char_indices"": [2, 3], ""operation_count"": 2}]",0.0,6,Rhine and its downstream extension.,0.0,0.0,0.0,,1.2317505490000258,
Qwen/Qwen3-4B,,hf,squad,5725bd4b38643c19005acc33,idf,How long did it take Johnson to respond to Kennedy?,"On April 20, Kennedy sent a memo to Vice President Lyndon B. Johnson, asking Johnson to look into the status of America's space program, and into programs that could offer NASA the opportunity to catch up. Johnson responded approximately one week later, concluding that ""we are neither making maximum effort nor achieving results necessary if this country is to reach a position of leadership."" His memo concluded that a manned Moon landing was far enough in the future that it was likely the United States would achieve it first.","[""approximately one week"", ""one week"", ""one week"", ""one week"", ""one week""]",10,corrupted,keyboard,any,3,3,True,hard,none,How ponh did it take Johnson to reslonr to Kejnecy?,42015709.0,"[{""edit_num"": 1, ""old"": ""long"", ""new"": ""ponh"", ""location"": ""any"", ""typo_type"": ""keyboard"", ""difficulty"": ""hard"", ""word_index"": 1, ""char_indices"": [0, 3], ""operation_count"": 2}, {""edit_num"": 2, ""old"": ""Kennedy"", ""new"": ""Kejnecy"", ""location"": ""any"", ""typo_type"": ""keyboard"", ""difficulty"": ""hard"", ""word_index"": 9, ""char_indices"": [2, 5], ""operation_count"": 2}, {""edit_num"": 3, ""old"": ""respond"", ""new"": ""reslonr"", ""location"": ""any"", ""typo_type"": ""keyboard"", ""difficulty"": ""hard"", ""word_index"": 7, ""char_indices"": [3, 6], ""operation_count"": 2}]",0.0,6,one week,1.0,1.0,1.0,,0.8224499299999479,
Qwen/Qwen3-4B,,hf,squad,56e1cbe2cd28a01900c67bae,idf,What measurement of time is used in polynomial time reduction?,"The most commonly used reduction is a polynomial-time reduction. This means that the reduction process takes polynomial time. For example, the problem of squaring an integer can be reduced to the problem of multiplying two integers. This means an algorithm for multiplying two integers can be used to square an integer. Indeed, this can be done by giving the same input to both inputs of the multiplication algorithm. Thus we see that squaring is not more difficult than multiplication, since squaring can be reduced to multiplication.","[""polynomial time"", ""polynomial"", ""polynomial time""]",10,corrupted,keyboard,any,3,3,True,hard,none,What measurement of time is used in popunomial ykme rwducrion?,42025716.0,"[{""edit_num"": 1, ""old"": ""polynomial"", ""new"": ""popunomial"", ""location"": ""any"", ""typo_type"": ""keyboard"", ""difficulty"": ""hard"", ""word_index"": 7, ""char_indices"": [2, 3], ""operation_count"": 2}, {""edit_num"": 2, ""old"": ""time"", ""new"": ""ykme"", ""location"": ""any"", ""typo_type"": ""keyboard"", ""difficulty"": ""hard"", ""word_index"": 8, ""char_indices"": [0, 1], ""operation_count"": 2}, {""edit_num"": 3, ""old"": ""reduction"", ""new"": ""rwducrion"", ""location"": ""any"", ""typo_type"": ""keyboard"", ""difficulty"": ""hard"", ""word_index"": 9, ""char_indices"": [1, 5], ""operation_count"": 2}]",0.0,6,polynomial-time,0.0,0.0,1.0,,0.862337407999803,
Qwen/Qwen3-4B,,hf,squad,5729f39a6aef05140015514d,idf,What is the receptor that killer T cells use to bind to specific antigens that are complexed with the MHC Class 1 receptor of another cell?,"Killer T cells are a sub-group of T cells that kill cells that are infected with viruses (and other pathogens), or are otherwise damaged or dysfunctional. As with B cells, each type of T cell recognizes a different antigen. Killer T cells are activated when their T cell receptor (TCR) binds to this specific antigen in a complex with the MHC Class I receptor of another cell. Recognition of this MHC:antigen complex is aided by a co-receptor on the T cell, called CD8. The T cell then travels throughout the body in search of cells where the MHC I receptors bear this antigen. When an activated T cell contacts such cells, it releases cytotoxins, such as perforin, which form pores in the target cell's plasma membrane, allowing ions, water and toxins to enter. The entry of another toxin called granulysin (a protease) induces the target cell to undergo apoptosis. T cell killing of host cells is particularly important in preventing the replication of viruses. T cell activation is tightly controlled and generally requires a very strong MHC/antigen activation signal, or additional activation signals provided by ""helper"" T cells (see below).","[""T cell receptor (TCR)"", ""T cell receptor"", ""T cell receptor (TCR)""]",25,corrupted,keyboard,any,3,3,True,hard,none,What is the receptor that killer T cekks use to bind to specific antigens fbat are complexed with the MHC Vlazs 1 receptor of another cell?,42035723.0,"[{""edit_num"": 1, ""old"": ""Class"", ""new"": ""Vlazs"", ""location"": ""any"", ""typo_type"": ""keyboard"", ""difficulty"": ""hard"", ""word_index"": 20, ""char_indices"": [0, 3], ""operation_count"": 2}, {""edit_num"": 2, ""old"": ""that"", ""new"": ""fbat"", ""location"": ""any"", ""typo_type"": ""keyboard"", ""difficulty"": ""hard"", ""word_index"": 14, ""char_indices"": [0, 1], ""operation_count"": 2}, {""edit_num"": 3, ""old"": ""cells"", ""new"": ""cekks"", ""location"": ""any"", ""typo_type"": ""keyboard"", ""difficulty"": ""hard"", ""word_index"": 7, ""char_indices"": [2, 3], ""operation_count"": 2}]",0.0,6,T cell receptor (TCR),1.0,1.0,1.0,,1.7690049700004238,
Qwen/Qwen3-4B,,hf,squad,571136b8a58dae1900cd6d22,idf,"Along with poppet valve gears, what type of gears utilized separate admission and exhaust valves to give ideal events?","In the 1840s and 50s, there were attempts to overcome this problem by means of various patent valve gears with a separate, variable cutoff expansion valve riding on the back of the main slide valve; the latter usually had fixed or limited cutoff. The combined setup gave a fair approximation of the ideal events, at the expense of increased friction and wear, and the mechanism tended to be complicated. The usual compromise solution has been to provide lap by lengthening rubbing surfaces of the valve in such a way as to overlap the port on the admission side, with the effect that the exhaust side remains open for a longer period after cut-off on the admission side has occurred. This expedient has since been generally considered satisfactory for most purposes and makes possible the use of the simpler Stephenson, Joy and Walschaerts motions. Corliss, and later, poppet valve gears had separate admission and exhaust valves driven by trip mechanisms or cams profiled so as to give ideal events; most of these gears never succeeded outside of the stationary marketplace due to various other issues including leakage and more delicate mechanisms.","[""Corliss"", ""patent valve"", ""Corliss""]",19,corrupted,keyboard,any,3,3,True,hard,none,"Along with poppet valve gesrw, what type of gears utilized separate adjissuon and exhaust valves to give ideal rvebts?",42045730.0,"[{""edit_num"": 1, ""old"": ""admission"", ""new"": ""adjissuon"", ""location"": ""any"", ""typo_type"": ""keyboard"", ""difficulty"": ""hard"", ""word_index"": 11, ""char_indices"": [2, 6], ""operation_count"": 2}, {""edit_num"": 2, ""old"": ""events"", ""new"": ""rvebts"", ""location"": ""any"", ""typo_type"": ""keyboard"", ""difficulty"": ""hard"", ""word_index"": 18, ""char_indices"": [0, 3], ""operation_count"": 2}, {""edit_num"": 3, ""old"": ""gears"", ""new"": ""gesrw"", ""location"": ""any"", ""typo_type"": ""keyboard"", ""difficulty"": ""hard"", ""word_index"": 4, ""char_indices"": [2, 4], ""operation_count"": 2}]",0.0,6,Corliss,1.0,1.0,1.0,,1.2714159229999495,
Qwen/Qwen3-4B,,hf,squad,56e089ab231d4119001ac285,idf,When was a patent-sharing agreement signed between Westinghouse Electric and General Electric?,"The mid 1890s saw the conglomerate General Electric, backed by financier J. P. Morgan, involved in takeover attempts and patent battles with Westinghouse Electric. Although a patent-sharing agreement was signed between the two companies in 1896 Westinghouse was still cash-strapped from the financial warfare. To secure further loans, Westinghouse was forced to revisit Tesla's AC patent, which bankers considered a financial strain on the company (at that point Westinghouse had paid out an estimated $200,000 in licenses and royalties to Tesla, Brown, and Peck). In 1897, Westinghouse explained his financial difficulties to Tesla in stark terms, saying that if things continue the way they were he would no longer be in control of Westinghouse Electric and Tesla would have to ""deal with the bankers"" to try to collect future royalties. Westinghouse convinced Tesla to release his company from the licensing agreement over Tesla's AC patents in exchange for Westinghouse Electric purchasing the patents for a lump sum payment of $216,000; this provided Westinghouse a break from what, due to alternating current's rapid gain in popularity, had turned out to be an overly generous $2.50 per AC horsepower royalty.","[""1896"", ""1896"", ""1896""]",13,corrupted,keyboard,any,3,3,True,hard,none,When was a patent-sharing agreement signed beteedn Wdstingnouse Electric and General Wlevtric?,42055737.0,"[{""edit_num"": 1, ""old"": ""Westinghouse"", ""new"": ""Wdstingnouse"", ""location"": ""any"", ""typo_type"": ""keyboard"", ""difficulty"": ""hard"", ""word_index"": 8, ""char_indices"": [1, 7], ""operation_count"": 2}, {""edit_num"": 2, ""old"": ""between"", ""new"": ""beteedn"", ""location"": ""any"", ""typo_type"": ""keyboard"", ""difficulty"": ""hard"", ""word_index"": 7, ""char_indices"": [3, 5], ""operation_count"": 2}, {""edit_num"": 3, ""old"": ""Electric"", ""new"": ""Wlevtric"", ""location"": ""any"", ""typo_type"": ""keyboard"", ""difficulty"": ""hard"", ""word_index"": 12, ""char_indices"": [0, 3], ""operation_count"": 2}]",0.0,6,1896,1.0,1.0,1.0,,1.5381697759999042,
Qwen/Qwen3-4B,,hf,squad,570d29c2b3d812140066d4c0,idf,How many Victorians are Buddhist?,"About 61.1% of Victorians describe themselves as Christian. Roman Catholics form the single largest religious group in the state with 26.7% of the Victorian population, followed by Anglicans and members of the Uniting Church. Buddhism is the state's largest non-Christian religion, with 168,637 members as of the most recent census. Victoria is also home of 152,775 Muslims and 45,150 Jews. Hinduism is the fastest growing religion. Around 20% of Victorians claim no religion. Amongst those who declare a religious affiliation, church attendance is low.","[""168,637"", ""168,637"", ""168,637""]",5,corrupted,keyboard,any,3,3,True,hard,none,How jamy Bictprians are Gudchist?,42065744.0,"[{""edit_num"": 1, ""old"": ""many"", ""new"": ""jamy"", ""location"": ""any"", ""typo_type"": ""keyboard"", ""difficulty"": ""hard"", ""word_index"": 1, ""char_indices"": [0, 2], ""operation_count"": 2}, {""edit_num"": 2, ""old"": ""Victorians"", ""new"": ""Bictprians"", ""location"": ""any"", ""typo_type"": ""keyboard"", ""difficulty"": ""hard"", ""word_index"": 2, ""char_indices"": [0, 4], ""operation_count"": 2}, {""edit_num"": 3, ""old"": ""Buddhist"", ""new"": ""Gudchist"", ""location"": ""any"", ""typo_type"": ""keyboard"", ""difficulty"": ""hard"", ""word_index"": 4, ""char_indices"": [0, 3], ""operation_count"": 2}]",0.0,6,0,0.0,0.0,0.0,,0.9068178530001205,
Qwen/Qwen3-4B,,hf,squad,57267ebfdd62a815002e872c,idf,Zones in which mountains are built along convergent tectonic plate boundaries are called what?,"Among the most well-known experiments in structural geology are those involving orogenic wedges, which are zones in which mountains are built along convergent tectonic plate boundaries. In the analog versions of these experiments, horizontal layers of sand are pulled along a lower surface into a back stop, which results in realistic-looking patterns of faulting and the growth of a critically tapered (all angles remain the same) orogenic wedge. Numerical models work in the same way as these analog models, though they are often more sophisticated and can include patterns of erosion and uplift in the mountain belt. This helps to show the relationship between erosion and the shape of the mountain range. These studies can also give useful information about pathways for metamorphism through pressure, temperature, space, and time.","[""orogenic wedges"", ""orogenic wedges"", ""orogenic wedges""]",14,corrupted,keyboard,any,3,3,True,hard,none,Zones in which mountains are built alknf convergent tectonic plate boundaries are cqllec ehaf?,42075751.0,"[{""edit_num"": 1, ""old"": ""along"", ""new"": ""alknf"", ""location"": ""any"", ""typo_type"": ""keyboard"", ""difficulty"": ""hard"", ""word_index"": 6, ""char_indices"": [2, 4], ""operation_count"": 2}, {""edit_num"": 2, ""old"": ""called"", ""new"": ""cqllec"", ""location"": ""any"", ""typo_type"": ""keyboard"", ""difficulty"": ""hard"", ""word_index"": 12, ""char_indices"": [1, 5], ""operation_count"": 2}, {""edit_num"": 3, ""old"": ""what"", ""new"": ""ehaf"", ""location"": ""any"", ""typo_type"": ""keyboard"", ""difficulty"": ""hard"", ""word_index"": 13, ""char_indices"": [0, 3], ""operation_count"": 2}]",0.0,6,orogenic wedges,1.0,1.0,1.0,,1.0904095810001309,
Qwen/Qwen3-4B,,hf,squad,57115e532419e314009555b1,idf,What was compounding seen as being in the locomotive construction industry?,"The adoption of compounding was common for industrial units, for road engines and almost universal for marine engines after 1880; it was not universally popular in railway locomotives where it was often perceived as complicated. This is partly due to the harsh railway operating environment and limited space afforded by the loading gauge (particularly in Britain, where compounding was never common and not employed after 1930). However, although never in the majority, it was popular in many other countries.","[""complicated"", ""complicated"", ""complicated""]",11,corrupted,keyboard,any,3,3,True,hard,none,What was compoujdjng seen as being in the lodomotove vonstructiom industry?,42085758.0,"[{""edit_num"": 1, ""old"": ""locomotive"", ""new"": ""lodomotove"", ""location"": ""any"", ""typo_type"": ""keyboard"", ""difficulty"": ""hard"", ""word_index"": 8, ""char_indices"": [2, 7], ""operation_count"": 2}, {""edit_num"": 2, ""old"": ""compounding"", ""new"": ""compoujdjng"", ""location"": ""any"", ""typo_type"": ""keyboard"", ""difficulty"": ""hard"", ""word_index"": 2, ""char_indices"": [6, 8], ""operation_count"": 2}, {""edit_num"": 3, ""old"": ""construction"", ""new"": ""vonstructiom"", ""location"": ""any"", ""typo_type"": ""keyboard"", ""difficulty"": ""hard"", ""word_index"": 9, ""char_indices"": [0, 11], ""operation_count"": 2}]",0.0,6,complicated,1.0,1.0,1.0,,0.7784535199998572,
Qwen/Qwen3-4B,,hf,squad,5726e3c4dd62a815002e9405,idf,What is the origin of clinical pharmacy?,"Pharmacists provide direct patient care services that optimizes the use of medication and promotes health, wellness, and disease prevention. Clinical pharmacists care for patients in all health care settings, but the clinical pharmacy movement initially began inside hospitals and clinics. Clinical pharmacists often collaborate with physicians and other healthcare professionals to improve pharmaceutical care. Clinical pharmacists are now an integral part of the interdisciplinary approach to patient care. They often participate in patient care rounds drug product selection.","[""inside hospitals and clinics"", ""inside hospitals and clinics"", ""the clinical pharmacy movement initially began inside hospitals and clinics""]",7,corrupted,keyboard,any,3,3,True,hard,none,Whwy is the orogih of clibiczl pharmacy?,42095765.0,"[{""edit_num"": 1, ""old"": ""clinical"", ""new"": ""clibiczl"", ""location"": ""any"", ""typo_type"": ""keyboard"", ""difficulty"": ""hard"", ""word_index"": 5, ""char_indices"": [3, 6], ""operation_count"": 2}, {""edit_num"": 2, ""old"": ""origin"", ""new"": ""orogih"", ""location"": ""any"", ""typo_type"": ""keyboard"", ""difficulty"": ""hard"", ""word_index"": 3, ""char_indices"": [2, 5], ""operation_count"": 2}, {""edit_num"": 3, ""old"": ""What"", ""new"": ""Whwy"", ""location"": ""any"", ""typo_type"": ""keyboard"", ""difficulty"": ""hard"", ""word_index"": 0, ""char_indices"": [2, 3], ""operation_count"": 2}]",0.0,6,initially began inside hospitals and clinics.,0.0,0.8,1.0,,1.090300200999991,
Qwen/Qwen3-4B,,hf,squad,5725d42a89a1e219009abf58,idf,"Who wrote ""Walking in Fresno?""","In the 1970s, the city was the subject of a song, ""Walking Into Fresno"", written by Hall Of Fame guitarist Bill Aken and recorded by Bob Gallion of the world-famous ""WWVA Jamboree"" radio and television show in Wheeling, West Virginia. Aken, adopted by Mexican movie actress Lupe Mayorga, grew up in the neighboring town of Madera and his song chronicled the hardships faced by the migrant farm workers he saw as a child. Aken also made his first TV appearance playing guitar on the old country-western show at The Fresno Barn.","[""Bill Aken"", ""Bill Aken"", ""Bill Aken""]",5,corrupted,keyboard,any,3,3,True,hard,none,"Who wrofs ""Wakkibg in Frssjo?""",42105772.0,"[{""edit_num"": 1, ""old"": ""Fresno"", ""new"": ""Frssjo"", ""location"": ""any"", ""typo_type"": ""keyboard"", ""difficulty"": ""hard"", ""word_index"": 4, ""char_indices"": [2, 4], ""operation_count"": 2}, {""edit_num"": 2, ""old"": ""Walking"", ""new"": ""Wakkibg"", ""location"": ""any"", ""typo_type"": ""keyboard"", ""difficulty"": ""hard"", ""word_index"": 2, ""char_indices"": [2, 5], ""operation_count"": 2}, {""edit_num"": 3, ""old"": ""wrote"", ""new"": ""wrofs"", ""location"": ""any"", ""typo_type"": ""keyboard"", ""difficulty"": ""hard"", ""word_index"": 1, ""char_indices"": [3, 4], ""operation_count"": 2}]",0.0,6,Bill Aken,1.0,1.0,1.0,,1.0079531890000908,
Qwen/Qwen3-4B,,hf,squad,5728f9342ca10214002dab53,idf,What do some believe about this pronunciation?,"Ludwig Krapf recorded the name as both Kenia and Kegnia believed by most to be a corruption of the Kamba version. Others say that this was—on the contrary—a very precise notation of a correct African pronunciation /ˈkɛnjə/. An 1882 map drawn by Joseph Thompsons, a Scottish geologist and naturalist, indicated Mt. Kenya as Mt. Kenia, 1862. Controversy over the actual meaning of the word Kenya notwithstanding, it is clear that the mountain's name became widely accepted, pars pro toto, as the name of the country.","[""a very precise notation of a correct African pronunciation"", ""precise"", ""precise""]",7,corrupted,keyboard,any,3,3,True,hard,none,Ehzt do some believe ablug this oronumciation?,42115779.0,"[{""edit_num"": 1, ""old"": ""pronunciation"", ""new"": ""oronumciation"", ""location"": ""any"", ""typo_type"": ""keyboard"", ""difficulty"": ""hard"", ""word_index"": 6, ""char_indices"": [0, 5], ""operation_count"": 2}, {""edit_num"": 2, ""old"": ""about"", ""new"": ""ablug"", ""location"": ""any"", ""typo_type"": ""keyboard"", ""difficulty"": ""hard"", ""word_index"": 4, ""char_indices"": [2, 4], ""operation_count"": 2}, {""edit_num"": 3, ""old"": ""What"", ""new"": ""Ehzt"", ""location"": ""any"", ""typo_type"": ""keyboard"", ""difficulty"": ""hard"", ""word_index"": 0, ""char_indices"": [0, 2], ""operation_count"": 2}]",0.0,6,corruption of the Kamba version,0.0,0.18181818181818182,0.0,,1.2213611259999198,
Qwen/Qwen3-4B,,hf,squad,5725ba5038643c19005acbea,idf,Who was the deputy administrator of NASA in 1960?,"In July 1960, NASA Deputy Administrator Hugh L. Dryden announced the Apollo program to industry representatives at a series of Space Task Group conferences. Preliminary specifications were laid out for a spacecraft with a mission module cabin separate from the command module (piloting and re-entry cabin), and a propulsion and equipment module. On August 30, a feasibility study competition was announced, and on October 25, three study contracts were awarded to General Dynamics/Convair, General Electric, and the Glenn L. Martin Company. Meanwhile, NASA performed its own in-house spacecraft design studies led by Maxime Faget, to serve as a gauge to judge and monitor the three industry designs.","[""Hugh L. Dryden"", ""Maxime Faget"", ""Hugh L. Dryden"", ""Hugh L. Dryden"", ""Hugh L. Dryden""]",8,corrupted,keyboard,any,3,3,True,hard,none,Who was the dwpity administratpf of BASQ in 1960?,42125786.0,"[{""edit_num"": 1, ""old"": ""deputy"", ""new"": ""dwpity"", ""location"": ""any"", ""typo_type"": ""keyboard"", ""difficulty"": ""hard"", ""word_index"": 3, ""char_indices"": [1, 3], ""operation_count"": 2}, {""edit_num"": 2, ""old"": ""administrator"", ""new"": ""administratpf"", ""location"": ""any"", ""typo_type"": ""keyboard"", ""difficulty"": ""hard"", ""word_index"": 4, ""char_indices"": [11, 12], ""operation_count"": 2}, {""edit_num"": 3, ""old"": ""NASA"", ""new"": ""BASQ"", ""location"": ""any"", ""typo_type"": ""keyboard"", ""difficulty"": ""hard"", ""word_index"": 6, ""char_indices"": [0, 3], ""operation_count"": 2}]",0.0,6,Hugh L. Dryden,1.0,1.0,1.0,,1.151976384000136,
Qwen/Qwen3-4B,,hf,squad,5730cb8df6cb411900e244c2,idf,What is the guidebook for local churches and pastors?,"The Book of Discipline is the guidebook for local churches and pastors and describes in considerable detail the organizational structure of local United Methodist churches. All UM churches must have a board of trustees with at least three members and no more than nine members and it is recommended that no gender should hold more than a 2/3 majority. All churches must also have a nominations committee, a finance committee and a church council or administrative council. Other committees are suggested but not required such as a missions committee, or evangelism or worship committee. Term limits are set for some committees but not for all. The church conference is an annual meeting of all the officers of the church and any interested members. This committee has the exclusive power to set pastors' salaries (compensation packages for tax purposes) and to elect officers to the committees.","[""The Book of Discipline"", ""The Book of Discipline"", ""The Book of Discipline""]",9,corrupted,keyboard,any,3,3,True,hard,none,Wuaf is the guidebook for local chieches and lasrors?,42135793.0,"[{""edit_num"": 1, ""old"": ""churches"", ""new"": ""chieches"", ""location"": ""any"", ""typo_type"": ""keyboard"", ""difficulty"": ""hard"", ""word_index"": 6, ""char_indices"": [2, 3], ""operation_count"": 2}, {""edit_num"": 2, ""old"": ""What"", ""new"": ""Wuaf"", ""location"": ""any"", ""typo_type"": ""keyboard"", ""difficulty"": ""hard"", ""word_index"": 0, ""char_indices"": [1, 3], ""operation_count"": 2}, {""edit_num"": 3, ""old"": ""pastors"", ""new"": ""lasrors"", ""location"": ""any"", ""typo_type"": ""keyboard"", ""difficulty"": ""hard"", ""word_index"": 8, ""char_indices"": [0, 3], ""operation_count"": 2}]",0.0,6,The Book of Discipline,1.0,1.0,1.0,,1.1638052009998319,
Qwen/Qwen3-4B,,hf,squad,5730b10b8ab72b1400f9c69e,idf,Is the UMC pro-life or pro-choice?,"The United Methodist Church upholds the sanctity of human life both of the child and the mother. As a result, the church is ""reluctant to affirm abortion as an acceptable practice,"" and condemns the use of late-term or partial birth abortion except as a medical necessity. The denomination as a whole is committed to ""assist[ing] the ministry of crisis pregnancy centers and pregnancy resource centers that compassionately help women find feasible alternatives to abortion."" Still, the denomination is pro-choice and also ""was a founding member of the Religious Coalition for Reproductive Choice...[and] 2008 General Conference [went] on record in support of the work of the Religious Coalition for Reproductive Choice"".","[""pro-choice"", ""pro-choice"", ""pro-choice""]",8,corrupted,keyboard,any,3,2,False,hard,none,Is the UMC pro-okfe or pro-xhojce?,42145800.0,"[{""edit_num"": 1, ""old"": ""choice"", ""new"": ""xhojce"", ""location"": ""any"", ""typo_type"": ""keyboard"", ""difficulty"": ""hard"", ""word_index"": 7, ""char_indices"": [0, 3], ""operation_count"": 2}, {""edit_num"": 2, ""old"": ""life"", ""new"": ""okfe"", ""location"": ""any"", ""typo_type"": ""keyboard"", ""difficulty"": ""hard"", ""word_index"": 4, ""char_indices"": [0, 1], ""operation_count"": 2}]",0.0,4,pro-choice,1.0,1.0,1.0,,1.0020948189999217,
Qwen/Qwen3-4B,,hf,squad,5728d5793acd2414000dffb4,idf,Antigone was a play made by whom?,"One of the oldest depictions of civil disobedience is in Sophocles' play Antigone, in which Antigone, one of the daughters of former King of Thebes, Oedipus, defies Creon, the current King of Thebes, who is trying to stop her from giving her brother Polynices a proper burial. She gives a stirring speech in which she tells him that she must obey her conscience rather than human law. She is not at all afraid of the death he threatens her with (and eventually carries out), but she is afraid of how her conscience will smite her if she does not do this.","[""Sophocles"", ""Sophocles"", ""Sophocles"", ""Sophocles"", ""Sophocles""]",7,corrupted,keyboard,any,3,3,True,hard,none,Anrifone was a play jadd by shon?,42155807.0,"[{""edit_num"": 1, ""old"": ""whom"", ""new"": ""shon"", ""location"": ""any"", ""typo_type"": ""keyboard"", ""difficulty"": ""hard"", ""word_index"": 6, ""char_indices"": [0, 3], ""operation_count"": 2}, {""edit_num"": 2, ""old"": ""Antigone"", ""new"": ""Anrifone"", ""location"": ""any"", ""typo_type"": ""keyboard"", ""difficulty"": ""hard"", ""word_index"": 0, ""char_indices"": [2, 4], ""operation_count"": 2}, {""edit_num"": 3, ""old"": ""made"", ""new"": ""jadd"", ""location"": ""any"", ""typo_type"": ""keyboard"", ""difficulty"": ""hard"", ""word_index"": 4, ""char_indices"": [0, 3], ""operation_count"": 2}]",0.0,6,No.,0.0,0.0,0.0,,1.005012059999899,
Qwen/Qwen3-4B,,hf,squad,572655e5f1498d1400e8dc61,idf,What is the main component of the aboral organ?,"The largest single sensory feature is the aboral organ (at the opposite end from the mouth). Its main component is a statocyst, a balance sensor consisting of a statolith, a solid particle supported on four bundles of cilia, called ""balancers"", that sense its orientation. The statocyst is protected by a transparent dome made of long, immobile cilia. A ctenophore does not automatically try to keep the statolith resting equally on all the balancers. Instead its response is determined by the animal's ""mood"", in other words the overall state of the nervous system. For example, if a ctenophore with trailing tentacles captures prey, it will often put some comb rows into reverse, spinning the mouth towards the prey.","[""a statocyst"", ""statocyst"", ""statocyst""]",9,corrupted,keyboard,any,3,3,True,hard,none,Whwr is the main component of the aborsp oegqn?,42165814.0,"[{""edit_num"": 1, ""old"": ""organ"", ""new"": ""oegqn"", ""location"": ""any"", ""typo_type"": ""keyboard"", ""difficulty"": ""hard"", ""word_index"": 8, ""char_indices"": [1, 3], ""operation_count"": 2}, {""edit_num"": 2, ""old"": ""aboral"", ""new"": ""aborsp"", ""location"": ""any"", ""typo_type"": ""keyboard"", ""difficulty"": ""hard"", ""word_index"": 7, ""char_indices"": [4, 5], ""operation_count"": 2}, {""edit_num"": 3, ""old"": ""What"", ""new"": ""Whwr"", ""location"": ""any"", ""typo_type"": ""keyboard"", ""difficulty"": ""hard"", ""word_index"": 0, ""char_indices"": [2, 3], ""operation_count"": 2}]",0.0,6,statocyst,1.0,1.0,1.0,,1.1024933590001638,
Qwen/Qwen3-4B,,hf,squad,572a12386aef051400155235,idf,Hormones released during sleep support the interaction of T-cells and what species?,"In addition to the negative consequences of sleep deprivation, sleep and the intertwined circadian system have been shown to have strong regulatory effects on immunological functions affecting both the innate and the adaptive immunity. First, during the early slow-wave-sleep stage, a sudden drop in blood levels of cortisol, epinephrine, and norepinephrine induce increased blood levels of the hormones leptin, pituitary growth hormone, and prolactin. These signals induce a pro-inflammatory state through the production of the pro-inflammatory cytokines interleukin-1, interleukin-12, TNF-alpha and IFN-gamma. These cytokines then stimulate immune functions such as immune cells activation, proliferation, and differentiation. It is during this time that undifferentiated, or less differentiated, like naïve and central memory T cells, peak (i.e. during a time of a slowly evolving adaptive immune response). In addition to these effects, the milieu of hormones produced at this time (leptin, pituitary growth hormone, and prolactin) support the interactions between APCs and T-cells, a shift of the Th1/Th2 cytokine balance towards one that supports Th1, an increase in overall Th cell proliferation, and naïve T cell migration to lymph nodes. This milieu is also thought to support the formation of long-lasting immune memory through the initiation of Th1 immune responses.","[""APCs"", ""APCs"", ""APCs""]",13,corrupted,keyboard,any,3,3,True,hard,none,Hormones released during dleel support the interaction of T-ceolz and what spwcids?,42175821.0,"[{""edit_num"": 1, ""old"": ""sleep"", ""new"": ""dleel"", ""location"": ""any"", ""typo_type"": ""keyboard"", ""difficulty"": ""hard"", ""word_index"": 3, ""char_indices"": [0, 4], ""operation_count"": 2}, {""edit_num"": 2, ""old"": ""cells"", ""new"": ""ceolz"", ""location"": ""any"", ""typo_type"": ""keyboard"", ""difficulty"": ""hard"", ""word_index"": 9, ""char_indices"": [2, 4], ""operation_count"": 2}, {""edit_num"": 3, ""old"": ""species"", ""new"": ""spwcids"", ""location"": ""any"", ""typo_type"": ""keyboard"", ""difficulty"": ""hard"", ""word_index"": 12, ""char_indices"": [2, 5], ""operation_count"": 2}]",0.0,6,APCs,1.0,1.0,1.0,,1.4194861830001173,
Qwen/Qwen3-4B,,hf,squad,571c97e2dd7acb1400e4c11e,idf,Where does oxygen rank by mass in the planet's biosphere?,"Oxygen is the most abundant chemical element by mass in the Earth's biosphere, air, sea and land. Oxygen is the third most abundant chemical element in the universe, after hydrogen and helium. About 0.9% of the Sun's mass is oxygen. Oxygen constitutes 49.2% of the Earth's crust by mass and is the major component of the world's oceans (88.8% by mass). Oxygen gas is the second most common component of the Earth's atmosphere, taking up 20.8% of its volume and 23.1% of its mass (some 1015 tonnes).[d] Earth is unusual among the planets of the Solar System in having such a high concentration of oxygen gas in its atmosphere: Mars (with 0.1% O
2 by volume) and Venus have far lower concentrations. The O
2 surrounding these other planets is produced solely by ultraviolet radiation impacting oxygen-containing molecules such as carbon dioxide.","[""most abundant"", ""most"", ""most abundant"", ""most abundant"", ""most abundant""]",11,corrupted,keyboard,any,3,3,True,hard,none,Where does oxyhsn tahk by mass in the olanrt's biosphere?,42185828.0,"[{""edit_num"": 1, ""old"": ""planet"", ""new"": ""olanrt"", ""location"": ""any"", ""typo_type"": ""keyboard"", ""difficulty"": ""hard"", ""word_index"": 8, ""char_indices"": [0, 4], ""operation_count"": 2}, {""edit_num"": 2, ""old"": ""oxygen"", ""new"": ""oxyhsn"", ""location"": ""any"", ""typo_type"": ""keyboard"", ""difficulty"": ""hard"", ""word_index"": 2, ""char_indices"": [3, 4], ""operation_count"": 2}, {""edit_num"": 3, ""old"": ""rank"", ""new"": ""tahk"", ""location"": ""any"", ""typo_type"": ""keyboard"", ""difficulty"": ""hard"", ""word_index"": 3, ""char_indices"": [0, 2], ""operation_count"": 2}]",0.0,6,Earth's biosphere,0.0,0.0,0.0,,1.2945986650001942,
Qwen/Qwen3-4B,,hf,squad,5728ec6a4b864d19001650ae,idf,What type of sentences were the protesters given?,"When the Committee for Non-Violent Action sponsored a protest in August 1957, at the Camp Mercury nuclear test site near Las Vegas, Nevada, 13 of the protesters attempted to enter the test site knowing that they faced arrest. At a pre-arranged announced time, one at a time they stepped across the ""line"" and were immediately arrested. They were put on a bus and taken to the Nye County seat of Tonopah, Nevada, and arraigned for trial before the local Justice of the Peace, that afternoon. A well known civil rights attorney, Francis Heisler, had volunteered to defend the arrested persons, advising them to plead ""nolo contendere"", as an alternative to pleading either guilty or not-guilty. The arrested persons were found ""guilty,"" nevertheless, and given suspended sentences, conditional on their not reentering the test site grounds.[citation needed]","[""suspended sentences"", ""suspended sentences"", ""suspended"", ""suspended"", ""suspended""]",8,corrupted,keyboard,any,3,3,True,hard,none,Abat type of sentences sdre the orotestsrs given?,42195835.0,"[{""edit_num"": 1, ""old"": ""were"", ""new"": ""sdre"", ""location"": ""any"", ""typo_type"": ""keyboard"", ""difficulty"": ""hard"", ""word_index"": 4, ""char_indices"": [0, 1], ""operation_count"": 2}, {""edit_num"": 2, ""old"": ""protesters"", ""new"": ""orotestsrs"", ""location"": ""any"", ""typo_type"": ""keyboard"", ""difficulty"": ""hard"", ""word_index"": 6, ""char_indices"": [0, 7], ""operation_count"": 2}, {""edit_num"": 3, ""old"": ""What"", ""new"": ""Abat"", ""location"": ""any"", ""typo_type"": ""keyboard"", ""difficulty"": ""hard"", ""word_index"": 0, ""char_indices"": [0, 1], ""operation_count"": 2}]",0.0,6,suspended sentences,1.0,1.0,1.0,,1.226952122000057,
Qwen/Qwen3-4B,,hf,squad,572fffb404bcaa1900d76ff2,idf,When did rapid warming begin and help vegetation?,"As northwest Europe slowly began to warm up from 22,000 years ago onward, frozen subsoil and expanded alpine glaciers began to thaw and fall-winter snow covers melted in spring. Much of the discharge was routed to the Rhine and its downstream extension. Rapid warming and changes of vegetation, to open forest, began about 13,000 BP. By 9000 BP, Europe was fully forested. With globally shrinking ice-cover, ocean water levels rose and the English Channel and North Sea re-inundated. Meltwater, adding to the ocean and land subsidence, drowned the former coasts of Europe transgressionally.","[""13,000 BP"", ""13,000 BP"", ""13,000 BP""]",8,corrupted,deletion,any,1,1,True,hard,none,When did rapid warming bei and help vegetation?,42005702.0,"[{""edit_num"": 1, ""old"": ""begin"", ""new"": ""bei"", ""location"": ""any"", ""typo_type"": ""deletion"", ""difficulty"": ""hard"", ""word_index"": 4, ""char_indices"": [2, 4], ""deleted_chars"": [""g"", ""n""], ""operation_count"": 2}]",0.0,2,"13,000 BP",1.0,1.0,1.0,,1.221726444000069,
Qwen/Qwen3-4B,,hf,squad,5725bd4b38643c19005acc33,idf,How long did it take Johnson to respond to Kennedy?,"On April 20, Kennedy sent a memo to Vice President Lyndon B. Johnson, asking Johnson to look into the status of America's space program, and into programs that could offer NASA the opportunity to catch up. Johnson responded approximately one week later, concluding that ""we are neither making maximum effort nor achieving results necessary if this country is to reach a position of leadership."" His memo concluded that a manned Moon landing was far enough in the future that it was likely the United States would achieve it first.","[""approximately one week"", ""one week"", ""one week"", ""one week"", ""one week""]",10,corrupted,deletion,any,1,1,True,hard,none,How on did it take Johnson to respond to Kennedy?,42015709.0,"[{""edit_num"": 1, ""old"": ""long"", ""new"": ""on"", ""location"": ""any"", ""typo_type"": ""deletion"", ""difficulty"": ""hard"", ""word_index"": 1, ""char_indices"": [0, 3], ""deleted_chars"": [""l"", ""g""], ""operation_count"": 2}]",0.0,2,one week later,0.0,0.8,1.0,,0.8044255390000217,
Qwen/Qwen3-4B,,hf,squad,56e1cbe2cd28a01900c67bae,idf,What measurement of time is used in polynomial time reduction?,"The most commonly used reduction is a polynomial-time reduction. This means that the reduction process takes polynomial time. For example, the problem of squaring an integer can be reduced to the problem of multiplying two integers. This means an algorithm for multiplying two integers can be used to square an integer. Indeed, this can be done by giving the same input to both inputs of the multiplication algorithm. Thus we see that squaring is not more difficult than multiplication, since squaring can be reduced to multiplication.","[""polynomial time"", ""polynomial"", ""polynomial time""]",10,corrupted,deletion,any,1,1,True,hard,none,What measurement of time is used in ponomial time reduction?,42025716.0,"[{""edit_num"": 1, ""old"": ""polynomial"", ""new"": ""ponomial"", ""location"": ""any"", ""typo_type"": ""deletion"", ""difficulty"": ""hard"", ""word_index"": 7, ""char_indices"": [2, 3], ""deleted_chars"": [""l"", ""y""], ""operation_count"": 2}]",0.0,2,polynomial time,1.0,1.0,1.0,,0.8145785509996131,
Qwen/Qwen3-4B,,hf,squad,5729f39a6aef05140015514d,idf,What is the receptor that killer T cells use to bind to specific antigens that are complexed with the MHC Class 1 receptor of another cell?,"Killer T cells are a sub-group of T cells that kill cells that are infected with viruses (and other pathogens), or are otherwise damaged or dysfunctional. As with B cells, each type of T cell recognizes a different antigen. Killer T cells are activated when their T cell receptor (TCR) binds to this specific antigen in a complex with the MHC Class I receptor of another cell. Recognition of this MHC:antigen complex is aided by a co-receptor on the T cell, called CD8. The T cell then travels throughout the body in search of cells where the MHC I receptors bear this antigen. When an activated T cell contacts such cells, it releases cytotoxins, such as perforin, which form pores in the target cell's plasma membrane, allowing ions, water and toxins to enter. The entry of another toxin called granulysin (a protease) induces the target cell to undergo apoptosis. T cell killing of host cells is particularly important in preventing the replication of viruses. T cell activation is tightly controlled and generally requires a very strong MHC/antigen activation signal, or additional activation signals provided by ""helper"" T cells (see below).","[""T cell receptor (TCR)"", ""T cell receptor"", ""T cell receptor (TCR)""]",25,corrupted,deletion,any,1,1,True,hard,none,What is the receptor that killer T cells use to bind to specific antigens that are complexed with the MHC las 1 receptor of another cell?,42035723.0,"[{""edit_num"": 1, ""old"": ""Class"", ""new"": ""las"", ""location"": ""any"", ""typo_type"": ""deletion"", ""difficulty"": ""hard"", ""word_index"": 20, ""char_indices"": [0, 3], ""deleted_chars"": [""C"", ""s""], ""operation_count"": 2}]",0.0,2,T cell receptor (TCR),1.0,1.0,1.0,,1.6609517829997458,
Qwen/Qwen3-4B,,hf,squad,571136b8a58dae1900cd6d22,idf,"Along with poppet valve gears, what type of gears utilized separate admission and exhaust valves to give ideal events?","In the 1840s and 50s, there were attempts to overcome this problem by means of various patent valve gears with a separate, variable cutoff expansion valve riding on the back of the main slide valve; the latter usually had fixed or limited cutoff. The combined setup gave a fair approximation of the ideal events, at the expense of increased friction and wear, and the mechanism tended to be complicated. The usual compromise solution has been to provide lap by lengthening rubbing surfaces of the valve in such a way as to overlap the port on the admission side, with the effect that the exhaust side remains open for a longer period after cut-off on the admission side has occurred. This expedient has since been generally considered satisfactory for most purposes and makes possible the use of the simpler Stephenson, Joy and Walschaerts motions. Corliss, and later, poppet valve gears had separate admission and exhaust valves driven by trip mechanisms or cams profiled so as to give ideal events; most of these gears never succeeded outside of the stationary marketplace due to various other issues including leakage and more delicate mechanisms.","[""Corliss"", ""patent valve"", ""Corliss""]",19,corrupted,deletion,any,1,1,True,hard,none,"Along with poppet valve gears, what type of gears utilized separate adisson and exhaust valves to give ideal events?",42045730.0,"[{""edit_num"": 1, ""old"": ""admission"", ""new"": ""adisson"", ""location"": ""any"", ""typo_type"": ""deletion"", ""difficulty"": ""hard"", ""word_index"": 11, ""char_indices"": [2, 6], ""deleted_chars"": [""m"", ""i""], ""operation_count"": 2}]",0.0,2,Corliss,1.0,1.0,1.0,,1.2504215919998387,
Qwen/Qwen3-4B,,hf,squad,56e089ab231d4119001ac285,idf,When was a patent-sharing agreement signed between Westinghouse Electric and General Electric?,"The mid 1890s saw the conglomerate General Electric, backed by financier J. P. Morgan, involved in takeover attempts and patent battles with Westinghouse Electric. Although a patent-sharing agreement was signed between the two companies in 1896 Westinghouse was still cash-strapped from the financial warfare. To secure further loans, Westinghouse was forced to revisit Tesla's AC patent, which bankers considered a financial strain on the company (at that point Westinghouse had paid out an estimated $200,000 in licenses and royalties to Tesla, Brown, and Peck). In 1897, Westinghouse explained his financial difficulties to Tesla in stark terms, saying that if things continue the way they were he would no longer be in control of Westinghouse Electric and Tesla would have to ""deal with the bankers"" to try to collect future royalties. Westinghouse convinced Tesla to release his company from the licensing agreement over Tesla's AC patents in exchange for Westinghouse Electric purchasing the patents for a lump sum payment of $216,000; this provided Westinghouse a break from what, due to alternating current's rapid gain in popularity, had turned out to be an overly generous $2.50 per AC horsepower royalty.","[""1896"", ""1896"", ""1896""]",13,corrupted,deletion,any,1,1,True,hard,none,When was a patent-sharing agreement signed between Wstingouse Electric and General Electric?,42055737.0,"[{""edit_num"": 1, ""old"": ""Westinghouse"", ""new"": ""Wstingouse"", ""location"": ""any"", ""typo_type"": ""deletion"", ""difficulty"": ""hard"", ""word_index"": 8, ""char_indices"": [1, 7], ""deleted_chars"": [""e"", ""h""], ""operation_count"": 2}]",0.0,2,1896,1.0,1.0,1.0,,1.5533158549997097,
Qwen/Qwen3-4B,,hf,squad,570d29c2b3d812140066d4c0,idf,How many Victorians are Buddhist?,"About 61.1% of Victorians describe themselves as Christian. Roman Catholics form the single largest religious group in the state with 26.7% of the Victorian population, followed by Anglicans and members of the Uniting Church. Buddhism is the state's largest non-Christian religion, with 168,637 members as of the most recent census. Victoria is also home of 152,775 Muslims and 45,150 Jews. Hinduism is the fastest growing religion. Around 20% of Victorians claim no religion. Amongst those who declare a religious affiliation, church attendance is low.","[""168,637"", ""168,637"", ""168,637""]",5,corrupted,deletion,any,1,1,True,hard,none,How ay Victorians are Buddhist?,42065744.0,"[{""edit_num"": 1, ""old"": ""many"", ""new"": ""ay"", ""location"": ""any"", ""typo_type"": ""deletion"", ""difficulty"": ""hard"", ""word_index"": 1, ""char_indices"": [0, 2], ""deleted_chars"": [""m"", ""n""], ""operation_count"": 2}]",0.0,2,"168,637",1.0,1.0,1.0,,1.3416766110003664,
Qwen/Qwen3-4B,,hf,squad,57267ebfdd62a815002e872c,idf,Zones in which mountains are built along convergent tectonic plate boundaries are called what?,"Among the most well-known experiments in structural geology are those involving orogenic wedges, which are zones in which mountains are built along convergent tectonic plate boundaries. In the analog versions of these experiments, horizontal layers of sand are pulled along a lower surface into a back stop, which results in realistic-looking patterns of faulting and the growth of a critically tapered (all angles remain the same) orogenic wedge. Numerical models work in the same way as these analog models, though they are often more sophisticated and can include patterns of erosion and uplift in the mountain belt. This helps to show the relationship between erosion and the shape of the mountain range. These studies can also give useful information about pathways for metamorphism through pressure, temperature, space, and time.","[""orogenic wedges"", ""orogenic wedges"", ""orogenic wedges""]",14,corrupted,deletion,any,1,1,True,hard,none,Zones in which mountains are built aln convergent tectonic plate boundaries are called what?,42075751.0,"[{""edit_num"": 1, ""old"": ""along"", ""new"": ""aln"", ""location"": ""any"", ""typo_type"": ""deletion"", ""difficulty"": ""hard"", ""word_index"": 6, ""char_indices"": [2, 4], ""deleted_chars"": [""o"", ""g""], ""operation_count"": 2}]",0.0,2,Orogenic wedges.,1.0,1.0,1.0,,1.362546717999976,
Qwen/Qwen3-4B,,hf,squad,57115e532419e314009555b1,idf,What was compounding seen as being in the locomotive construction industry?,"The adoption of compounding was common for industrial units, for road engines and almost universal for marine engines after 1880; it was not universally popular in railway locomotives where it was often perceived as complicated. This is partly due to the harsh railway operating environment and limited space afforded by the loading gauge (particularly in Britain, where compounding was never common and not employed after 1930). However, although never in the majority, it was popular in many other countries.","[""complicated"", ""complicated"", ""complicated""]",11,corrupted,deletion,any,1,1,True,hard,none,What was compounding seen as being in the loomotve construction industry?,42085758.0,"[{""edit_num"": 1, ""old"": ""locomotive"", ""new"": ""loomotve"", ""location"": ""any"", ""typo_type"": ""deletion"", ""difficulty"": ""hard"", ""word_index"": 8, ""char_indices"": [2, 7], ""deleted_chars"": [""c"", ""i""], ""operation_count"": 2}]",0.0,2,complicated,1.0,1.0,1.0,,0.7551928080001744,
Qwen/Qwen3-4B,,hf,squad,5726e3c4dd62a815002e9405,idf,What is the origin of clinical pharmacy?,"Pharmacists provide direct patient care services that optimizes the use of medication and promotes health, wellness, and disease prevention. Clinical pharmacists care for patients in all health care settings, but the clinical pharmacy movement initially began inside hospitals and clinics. Clinical pharmacists often collaborate with physicians and other healthcare professionals to improve pharmaceutical care. Clinical pharmacists are now an integral part of the interdisciplinary approach to patient care. They often participate in patient care rounds drug product selection.","[""inside hospitals and clinics"", ""inside hospitals and clinics"", ""the clinical pharmacy movement initially began inside hospitals and clinics""]",7,corrupted,deletion,any,1,1,True,hard,none,What is the origin of cliicl pharmacy?,42095765.0,"[{""edit_num"": 1, ""old"": ""clinical"", ""new"": ""cliicl"", ""location"": ""any"", ""typo_type"": ""deletion"", ""difficulty"": ""hard"", ""word_index"": 5, ""char_indices"": [3, 6], ""deleted_chars"": [""n"", ""a""], ""operation_count"": 2}]",0.0,2,hospitals and clinics,0.0,0.8571428571428571,0.0,,0.8979554990000906,
Qwen/Qwen3-4B,,hf,squad,5725d42a89a1e219009abf58,idf,"Who wrote ""Walking in Fresno?""","In the 1970s, the city was the subject of a song, ""Walking Into Fresno"", written by Hall Of Fame guitarist Bill Aken and recorded by Bob Gallion of the world-famous ""WWVA Jamboree"" radio and television show in Wheeling, West Virginia. Aken, adopted by Mexican movie actress Lupe Mayorga, grew up in the neighboring town of Madera and his song chronicled the hardships faced by the migrant farm workers he saw as a child. Aken also made his first TV appearance playing guitar on the old country-western show at The Fresno Barn.","[""Bill Aken"", ""Bill Aken"", ""Bill Aken""]",5,corrupted,deletion,any,1,1,True,hard,none,"Who wrote ""Walking in Frso?""",42105772.0,"[{""edit_num"": 1, ""old"": ""Fresno"", ""new"": ""Frso"", ""location"": ""any"", ""typo_type"": ""deletion"", ""difficulty"": ""hard"", ""word_index"": 4, ""char_indices"": [2, 4], ""deleted_chars"": [""e"", ""n""], ""operation_count"": 2}]",0.0,2,Bill Aken,1.0,1.0,1.0,,0.9758140359999743,
Qwen/Qwen3-4B,,hf,squad,5728f9342ca10214002dab53,idf,What do some believe about this pronunciation?,"Ludwig Krapf recorded the name as both Kenia and Kegnia believed by most to be a corruption of the Kamba version. Others say that this was—on the contrary—a very precise notation of a correct African pronunciation /ˈkɛnjə/. An 1882 map drawn by Joseph Thompsons, a Scottish geologist and naturalist, indicated Mt. Kenya as Mt. Kenia, 1862. Controversy over the actual meaning of the word Kenya notwithstanding, it is clear that the mountain's name became widely accepted, pars pro toto, as the name of the country.","[""a very precise notation of a correct African pronunciation"", ""precise"", ""precise""]",7,corrupted,deletion,any,1,1,True,hard,none,What do some believe about this ronuciation?,42115779.0,"[{""edit_num"": 1, ""old"": ""pronunciation"", ""new"": ""ronuciation"", ""location"": ""any"", ""typo_type"": ""deletion"", ""difficulty"": ""hard"", ""word_index"": 6, ""char_indices"": [0, 5], ""deleted_chars"": [""p"", ""n""], ""operation_count"": 2}]",0.0,2,Some believe that the pronunciation /ˈkɛnjə/ is a correct African pronunciation.,0.0,0.375,0.0,,1.7984841789998427,
Qwen/Qwen3-4B,,hf,squad,5725ba5038643c19005acbea,idf,Who was the deputy administrator of NASA in 1960?,"In July 1960, NASA Deputy Administrator Hugh L. Dryden announced the Apollo program to industry representatives at a series of Space Task Group conferences. Preliminary specifications were laid out for a spacecraft with a mission module cabin separate from the command module (piloting and re-entry cabin), and a propulsion and equipment module. On August 30, a feasibility study competition was announced, and on October 25, three study contracts were awarded to General Dynamics/Convair, General Electric, and the Glenn L. Martin Company. Meanwhile, NASA performed its own in-house spacecraft design studies led by Maxime Faget, to serve as a gauge to judge and monitor the three industry designs.","[""Hugh L. Dryden"", ""Maxime Faget"", ""Hugh L. Dryden"", ""Hugh L. Dryden"", ""Hugh L. Dryden""]",8,corrupted,deletion,any,1,1,True,hard,none,Who was the dpty administrator of NASA in 1960?,42125786.0,"[{""edit_num"": 1, ""old"": ""deputy"", ""new"": ""dpty"", ""location"": ""any"", ""typo_type"": ""deletion"", ""difficulty"": ""hard"", ""word_index"": 3, ""char_indices"": [1, 3], ""deleted_chars"": [""e"", ""u""], ""operation_count"": 2}]",0.0,2,Hugh L. Dryden,1.0,1.0,1.0,,1.0990875140000753,
Qwen/Qwen3-4B,,hf,squad,5730cb8df6cb411900e244c2,idf,What is the guidebook for local churches and pastors?,"The Book of Discipline is the guidebook for local churches and pastors and describes in considerable detail the organizational structure of local United Methodist churches. All UM churches must have a board of trustees with at least three members and no more than nine members and it is recommended that no gender should hold more than a 2/3 majority. All churches must also have a nominations committee, a finance committee and a church council or administrative council. Other committees are suggested but not required such as a missions committee, or evangelism or worship committee. Term limits are set for some committees but not for all. The church conference is an annual meeting of all the officers of the church and any interested members. This committee has the exclusive power to set pastors' salaries (compensation packages for tax purposes) and to elect officers to the committees.","[""The Book of Discipline"", ""The Book of Discipline"", ""The Book of Discipline""]",9,corrupted,deletion,any,1,1,True,hard,none,What is the guidebook for local chches and pastors?,42135793.0,"[{""edit_num"": 1, ""old"": ""churches"", ""new"": ""chches"", ""location"": ""any"", ""typo_type"": ""deletion"", ""difficulty"": ""hard"", ""word_index"": 6, ""char_indices"": [2, 3], ""deleted_chars"": [""u"", ""r""], ""operation_count"": 2}]",0.0,2,The Book of Discipline,1.0,1.0,1.0,,1.0528307469999163,
Qwen/Qwen3-4B,,hf,squad,5730b10b8ab72b1400f9c69e,idf,Is the UMC pro-life or pro-choice?,"The United Methodist Church upholds the sanctity of human life both of the child and the mother. As a result, the church is ""reluctant to affirm abortion as an acceptable practice,"" and condemns the use of late-term or partial birth abortion except as a medical necessity. The denomination as a whole is committed to ""assist[ing] the ministry of crisis pregnancy centers and pregnancy resource centers that compassionately help women find feasible alternatives to abortion."" Still, the denomination is pro-choice and also ""was a founding member of the Religious Coalition for Reproductive Choice...[and] 2008 General Conference [went] on record in support of the work of the Religious Coalition for Reproductive Choice"".","[""pro-choice"", ""pro-choice"", ""pro-choice""]",8,corrupted,deletion,any,1,1,True,hard,none,Is the UMC pro-life or pro-hoce?,42145800.0,"[{""edit_num"": 1, ""old"": ""choice"", ""new"": ""hoce"", ""location"": ""any"", ""typo_type"": ""deletion"", ""difficulty"": ""hard"", ""word_index"": 7, ""char_indices"": [0, 3], ""deleted_chars"": [""c"", ""i""], ""operation_count"": 2}]",0.0,2,pro-choice,1.0,1.0,1.0,,0.9390996659999473,
Qwen/Qwen3-4B,,hf,squad,5728d5793acd2414000dffb4,idf,Antigone was a play made by whom?,"One of the oldest depictions of civil disobedience is in Sophocles' play Antigone, in which Antigone, one of the daughters of former King of Thebes, Oedipus, defies Creon, the current King of Thebes, who is trying to stop her from giving her brother Polynices a proper burial. She gives a stirring speech in which she tells him that she must obey her conscience rather than human law. She is not at all afraid of the death he threatens her with (and eventually carries out), but she is afraid of how her conscience will smite her if she does not do this.","[""Sophocles"", ""Sophocles"", ""Sophocles"", ""Sophocles"", ""Sophocles""]",7,corrupted,deletion,any,1,1,True,hard,none,Antigone was a play made by ho?,42155807.0,"[{""edit_num"": 1, ""old"": ""whom"", ""new"": ""ho"", ""location"": ""any"", ""typo_type"": ""deletion"", ""difficulty"": ""hard"", ""word_index"": 6, ""char_indices"": [0, 3], ""deleted_chars"": [""w"", ""m""], ""operation_count"": 2}]",0.0,2,Sophocles,1.0,1.0,1.0,,0.977768049000133,
Qwen/Qwen3-4B,,hf,squad,572655e5f1498d1400e8dc61,idf,What is the main component of the aboral organ?,"The largest single sensory feature is the aboral organ (at the opposite end from the mouth). Its main component is a statocyst, a balance sensor consisting of a statolith, a solid particle supported on four bundles of cilia, called ""balancers"", that sense its orientation. The statocyst is protected by a transparent dome made of long, immobile cilia. A ctenophore does not automatically try to keep the statolith resting equally on all the balancers. Instead its response is determined by the animal's ""mood"", in other words the overall state of the nervous system. For example, if a ctenophore with trailing tentacles captures prey, it will often put some comb rows into reverse, spinning the mouth towards the prey.","[""a statocyst"", ""statocyst"", ""statocyst""]",9,corrupted,deletion,any,1,1,True,hard,none,What is the main component of the aboral ogn?,42165814.0,"[{""edit_num"": 1, ""old"": ""organ"", ""new"": ""ogn"", ""location"": ""any"", ""typo_type"": ""deletion"", ""difficulty"": ""hard"", ""word_index"": 8, ""char_indices"": [1, 3], ""deleted_chars"": [""r"", ""a""], ""operation_count"": 2}]",0.0,2,Statocyst,1.0,1.0,1.0,,0.9968220159998964,
Qwen/Qwen3-4B,,hf,squad,572a12386aef051400155235,idf,Hormones released during sleep support the interaction of T-cells and what species?,"In addition to the negative consequences of sleep deprivation, sleep and the intertwined circadian system have been shown to have strong regulatory effects on immunological functions affecting both the innate and the adaptive immunity. First, during the early slow-wave-sleep stage, a sudden drop in blood levels of cortisol, epinephrine, and norepinephrine induce increased blood levels of the hormones leptin, pituitary growth hormone, and prolactin. These signals induce a pro-inflammatory state through the production of the pro-inflammatory cytokines interleukin-1, interleukin-12, TNF-alpha and IFN-gamma. These cytokines then stimulate immune functions such as immune cells activation, proliferation, and differentiation. It is during this time that undifferentiated, or less differentiated, like naïve and central memory T cells, peak (i.e. during a time of a slowly evolving adaptive immune response). In addition to these effects, the milieu of hormones produced at this time (leptin, pituitary growth hormone, and prolactin) support the interactions between APCs and T-cells, a shift of the Th1/Th2 cytokine balance towards one that supports Th1, an increase in overall Th cell proliferation, and naïve T cell migration to lymph nodes. This milieu is also thought to support the formation of long-lasting immune memory through the initiation of Th1 immune responses.","[""APCs"", ""APCs"", ""APCs""]",13,corrupted,deletion,any,1,1,True,hard,none,Hormones released during lee support the interaction of T-cells and what species?,42175821.0,"[{""edit_num"": 1, ""old"": ""sleep"", ""new"": ""lee"", ""location"": ""any"", ""typo_type"": ""deletion"", ""difficulty"": ""hard"", ""word_index"": 3, ""char_indices"": [0, 4], ""deleted_chars"": [""s"", ""p""], ""operation_count"": 2}]",0.0,2,APCs,1.0,1.0,1.0,,1.4099021029996948,
Qwen/Qwen3-4B,,hf,squad,571c97e2dd7acb1400e4c11e,idf,Where does oxygen rank by mass in the planet's biosphere?,"Oxygen is the most abundant chemical element by mass in the Earth's biosphere, air, sea and land. Oxygen is the third most abundant chemical element in the universe, after hydrogen and helium. About 0.9% of the Sun's mass is oxygen. Oxygen constitutes 49.2% of the Earth's crust by mass and is the major component of the world's oceans (88.8% by mass). Oxygen gas is the second most common component of the Earth's atmosphere, taking up 20.8% of its volume and 23.1% of its mass (some 1015 tonnes).[d] Earth is unusual among the planets of the Solar System in having such a high concentration of oxygen gas in its atmosphere: Mars (with 0.1% O
2 by volume) and Venus have far lower concentrations. The O
2 surrounding these other planets is produced solely by ultraviolet radiation impacting oxygen-containing molecules such as carbon dioxide.","[""most abundant"", ""most"", ""most abundant"", ""most abundant"", ""most abundant""]",11,corrupted,deletion,any,1,1,True,hard,none,Where does oxygen rank by mass in the lant's biosphere?,42185828.0,"[{""edit_num"": 1, ""old"": ""planet"", ""new"": ""lant"", ""location"": ""any"", ""typo_type"": ""deletion"", ""difficulty"": ""hard"", ""word_index"": 8, ""char_indices"": [0, 4], ""deleted_chars"": [""p"", ""e""], ""operation_count"": 2}]",0.0,2,Most abundant,1.0,1.0,1.0,,1.2107404520002092,
Qwen/Qwen3-4B,,hf,squad,5728ec6a4b864d19001650ae,idf,What type of sentences were the protesters given?,"When the Committee for Non-Violent Action sponsored a protest in August 1957, at the Camp Mercury nuclear test site near Las Vegas, Nevada, 13 of the protesters attempted to enter the test site knowing that they faced arrest. At a pre-arranged announced time, one at a time they stepped across the ""line"" and were immediately arrested. They were put on a bus and taken to the Nye County seat of Tonopah, Nevada, and arraigned for trial before the local Justice of the Peace, that afternoon. A well known civil rights attorney, Francis Heisler, had volunteered to defend the arrested persons, advising them to plead ""nolo contendere"", as an alternative to pleading either guilty or not-guilty. The arrested persons were found ""guilty,"" nevertheless, and given suspended sentences, conditional on their not reentering the test site grounds.[citation needed]","[""suspended sentences"", ""suspended sentences"", ""suspended"", ""suspended"", ""suspended""]",8,corrupted,deletion,any,1,1,True,hard,none,What type of sentences re the protesters given?,42195835.0,"[{""edit_num"": 1, ""old"": ""were"", ""new"": ""re"", ""location"": ""any"", ""typo_type"": ""deletion"", ""difficulty"": ""hard"", ""word_index"": 4, ""char_indices"": [0, 1], ""deleted_chars"": [""w"", ""e""], ""operation_count"": 2}]",0.0,2,suspended sentences,1.0,1.0,1.0,,1.2278833039999881,
Qwen/Qwen3-4B,,hf,squad,572fffb404bcaa1900d76ff2,idf,When did rapid warming begin and help vegetation?,"As northwest Europe slowly began to warm up from 22,000 years ago onward, frozen subsoil and expanded alpine glaciers began to thaw and fall-winter snow covers melted in spring. Much of the discharge was routed to the Rhine and its downstream extension. Rapid warming and changes of vegetation, to open forest, began about 13,000 BP. By 9000 BP, Europe was fully forested. With globally shrinking ice-cover, ocean water levels rose and the English Channel and North Sea re-inundated. Meltwater, adding to the ocean and land subsidence, drowned the former coasts of Europe transgressionally.","[""13,000 BP"", ""13,000 BP"", ""13,000 BP""]",8,corrupted,deletion,any,2,2,True,hard,none,Wh did rapid warming bei and help vegetation?,42005702.0,"[{""edit_num"": 1, ""old"": ""begin"", ""new"": ""bei"", ""location"": ""any"", ""typo_type"": ""deletion"", ""difficulty"": ""hard"", ""word_index"": 4, ""char_indices"": [2, 4], ""deleted_chars"": [""g"", ""n""], ""operation_count"": 2}, {""edit_num"": 2, ""old"": ""When"", ""new"": ""Wh"", ""location"": ""any"", ""typo_type"": ""deletion"", ""difficulty"": ""hard"", ""word_index"": 0, ""char_indices"": [2, 3], ""deleted_chars"": [""e"", ""n""], ""operation_count"": 2}]",0.0,4,"13,000 BP.",1.0,1.0,1.0,,1.3065628559998004,
Qwen/Qwen3-4B,,hf,squad,5725bd4b38643c19005acc33,idf,How long did it take Johnson to respond to Kennedy?,"On April 20, Kennedy sent a memo to Vice President Lyndon B. Johnson, asking Johnson to look into the status of America's space program, and into programs that could offer NASA the opportunity to catch up. Johnson responded approximately one week later, concluding that ""we are neither making maximum effort nor achieving results necessary if this country is to reach a position of leadership."" His memo concluded that a manned Moon landing was far enough in the future that it was likely the United States would achieve it first.","[""approximately one week"", ""one week"", ""one week"", ""one week"", ""one week""]",10,corrupted,deletion,any,2,2,True,hard,none,How on did it take Johnson to respond to Keney?,42015709.0,"[{""edit_num"": 1, ""old"": ""long"", ""new"": ""on"", ""location"": ""any"", ""typo_type"": ""deletion"", ""difficulty"": ""hard"", ""word_index"": 1, ""char_indices"": [0, 3], ""deleted_chars"": [""l"", ""g""], ""operation_count"": 2}, {""edit_num"": 2, ""old"": ""Kennedy"", ""new"": ""Keney"", ""location"": ""any"", ""typo_type"": ""deletion"", ""difficulty"": ""hard"", ""word_index"": 9, ""char_indices"": [2, 5], ""deleted_chars"": [""n"", ""d""], ""operation_count"": 2}]",0.0,4,one week later,0.0,0.8,1.0,,0.7876877389999208,
Qwen/Qwen3-4B,,hf,squad,56e1cbe2cd28a01900c67bae,idf,What measurement of time is used in polynomial time reduction?,"The most commonly used reduction is a polynomial-time reduction. This means that the reduction process takes polynomial time. For example, the problem of squaring an integer can be reduced to the problem of multiplying two integers. This means an algorithm for multiplying two integers can be used to square an integer. Indeed, this can be done by giving the same input to both inputs of the multiplication algorithm. Thus we see that squaring is not more difficult than multiplication, since squaring can be reduced to multiplication.","[""polynomial time"", ""polynomial"", ""polynomial time""]",10,corrupted,deletion,any,2,2,True,hard,none,What measurement of time is used in ponomial me reduction?,42025716.0,"[{""edit_num"": 1, ""old"": ""polynomial"", ""new"": ""ponomial"", ""location"": ""any"", ""typo_type"": ""deletion"", ""difficulty"": ""hard"", ""word_index"": 7, ""char_indices"": [2, 3], ""deleted_chars"": [""l"", ""y""], ""operation_count"": 2}, {""edit_num"": 2, ""old"": ""time"", ""new"": ""me"", ""location"": ""any"", ""typo_type"": ""deletion"", ""difficulty"": ""hard"", ""word_index"": 8, ""char_indices"": [0, 1], ""deleted_chars"": [""t"", ""i""], ""operation_count"": 2}]",0.0,4,polynomial-time,0.0,0.0,1.0,,0.7831936890001998,
Qwen/Qwen3-4B,,hf,squad,5729f39a6aef05140015514d,idf,What is the receptor that killer T cells use to bind to specific antigens that are complexed with the MHC Class 1 receptor of another cell?,"Killer T cells are a sub-group of T cells that kill cells that are infected with viruses (and other pathogens), or are otherwise damaged or dysfunctional. As with B cells, each type of T cell recognizes a different antigen. Killer T cells are activated when their T cell receptor (TCR) binds to this specific antigen in a complex with the MHC Class I receptor of another cell. Recognition of this MHC:antigen complex is aided by a co-receptor on the T cell, called CD8. The T cell then travels throughout the body in search of cells where the MHC I receptors bear this antigen. When an activated T cell contacts such cells, it releases cytotoxins, such as perforin, which form pores in the target cell's plasma membrane, allowing ions, water and toxins to enter. The entry of another toxin called granulysin (a protease) induces the target cell to undergo apoptosis. T cell killing of host cells is particularly important in preventing the replication of viruses. T cell activation is tightly controlled and generally requires a very strong MHC/antigen activation signal, or additional activation signals provided by ""helper"" T cells (see below).","[""T cell receptor (TCR)"", ""T cell receptor"", ""T cell receptor (TCR)""]",25,corrupted,deletion,any,2,2,True,hard,none,What is the receptor that killer T cells use to bind to specific antigens at are complexed with the MHC las 1 receptor of another cell?,42035723.0,"[{""edit_num"": 1, ""old"": ""Class"", ""new"": ""las"", ""location"": ""any"", ""typo_type"": ""deletion"", ""difficulty"": ""hard"", ""word_index"": 20, ""char_indices"": [0, 3], ""deleted_chars"": [""C"", ""s""], ""operation_count"": 2}, {""edit_num"": 2, ""old"": ""that"", ""new"": ""at"", ""location"": ""any"", ""typo_type"": ""deletion"", ""difficulty"": ""hard"", ""word_index"": 14, ""char_indices"": [0, 1], ""deleted_chars"": [""t"", ""h""], ""operation_count"": 2}]",0.0,4,T cell receptor (TCR),1.0,1.0,1.0,,1.6132018459998108,
Qwen/Qwen3-4B,,hf,squad,571136b8a58dae1900cd6d22,idf,"Along with poppet valve gears, what type of gears utilized separate admission and exhaust valves to give ideal events?","In the 1840s and 50s, there were attempts to overcome this problem by means of various patent valve gears with a separate, variable cutoff expansion valve riding on the back of the main slide valve; the latter usually had fixed or limited cutoff. The combined setup gave a fair approximation of the ideal events, at the expense of increased friction and wear, and the mechanism tended to be complicated. The usual compromise solution has been to provide lap by lengthening rubbing surfaces of the valve in such a way as to overlap the port on the admission side, with the effect that the exhaust side remains open for a longer period after cut-off on the admission side has occurred. This expedient has since been generally considered satisfactory for most purposes and makes possible the use of the simpler Stephenson, Joy and Walschaerts motions. Corliss, and later, poppet valve gears had separate admission and exhaust valves driven by trip mechanisms or cams profiled so as to give ideal events; most of these gears never succeeded outside of the stationary marketplace due to various other issues including leakage and more delicate mechanisms.","[""Corliss"", ""patent valve"", ""Corliss""]",19,corrupted,deletion,any,2,2,True,hard,none,"Along with poppet valve gears, what type of gears utilized separate adisson and exhaust valves to give ideal vets?",42045730.0,"[{""edit_num"": 1, ""old"": ""admission"", ""new"": ""adisson"", ""location"": ""any"", ""typo_type"": ""deletion"", ""difficulty"": ""hard"", ""word_index"": 11, ""char_indices"": [2, 6], ""deleted_chars"": [""m"", ""i""], ""operation_count"": 2}, {""edit_num"": 2, ""old"": ""events"", ""new"": ""vets"", ""location"": ""any"", ""typo_type"": ""deletion"", ""difficulty"": ""hard"", ""word_index"": 18, ""char_indices"": [0, 3], ""deleted_chars"": [""e"", ""n""], ""operation_count"": 2}]",0.0,4,Corliss,1.0,1.0,1.0,,1.238642216000244,
Qwen/Qwen3-4B,,hf,squad,56e089ab231d4119001ac285,idf,When was a patent-sharing agreement signed between Westinghouse Electric and General Electric?,"The mid 1890s saw the conglomerate General Electric, backed by financier J. P. Morgan, involved in takeover attempts and patent battles with Westinghouse Electric. Although a patent-sharing agreement was signed between the two companies in 1896 Westinghouse was still cash-strapped from the financial warfare. To secure further loans, Westinghouse was forced to revisit Tesla's AC patent, which bankers considered a financial strain on the company (at that point Westinghouse had paid out an estimated $200,000 in licenses and royalties to Tesla, Brown, and Peck). In 1897, Westinghouse explained his financial difficulties to Tesla in stark terms, saying that if things continue the way they were he would no longer be in control of Westinghouse Electric and Tesla would have to ""deal with the bankers"" to try to collect future royalties. Westinghouse convinced Tesla to release his company from the licensing agreement over Tesla's AC patents in exchange for Westinghouse Electric purchasing the patents for a lump sum payment of $216,000; this provided Westinghouse a break from what, due to alternating current's rapid gain in popularity, had turned out to be an overly generous $2.50 per AC horsepower royalty.","[""1896"", ""1896"", ""1896""]",13,corrupted,deletion,any,2,2,True,hard,none,When was a patent-sharing agreement signed beten Wstingouse Electric and General Electric?,42055737.0,"[{""edit_num"": 1, ""old"": ""Westinghouse"", ""new"": ""Wstingouse"", ""location"": ""any"", ""typo_type"": ""deletion"", ""difficulty"": ""hard"", ""word_index"": 8, ""char_indices"": [1, 7], ""deleted_chars"": [""e"", ""h""], ""operation_count"": 2}, {""edit_num"": 2, ""old"": ""between"", ""new"": ""beten"", ""location"": ""any"", ""typo_type"": ""deletion"", ""difficulty"": ""hard"", ""word_index"": 7, ""char_indices"": [3, 5], ""deleted_chars"": [""w"", ""e""], ""operation_count"": 2}]",0.0,4,1896,1.0,1.0,1.0,,1.4872945769998296,
Qwen/Qwen3-4B,,hf,squad,570d29c2b3d812140066d4c0,idf,How many Victorians are Buddhist?,"About 61.1% of Victorians describe themselves as Christian. Roman Catholics form the single largest religious group in the state with 26.7% of the Victorian population, followed by Anglicans and members of the Uniting Church. Buddhism is the state's largest non-Christian religion, with 168,637 members as of the most recent census. Victoria is also home of 152,775 Muslims and 45,150 Jews. Hinduism is the fastest growing religion. Around 20% of Victorians claim no religion. Amongst those who declare a religious affiliation, church attendance is low.","[""168,637"", ""168,637"", ""168,637""]",5,corrupted,deletion,any,2,2,True,hard,none,How ay ictrians are Buddhist?,42065744.0,"[{""edit_num"": 1, ""old"": ""many"", ""new"": ""ay"", ""location"": ""any"", ""typo_type"": ""deletion"", ""difficulty"": ""hard"", ""word_index"": 1, ""char_indices"": [0, 2], ""deleted_chars"": [""m"", ""n""], ""operation_count"": 2}, {""edit_num"": 2, ""old"": ""Victorians"", ""new"": ""ictrians"", ""location"": ""any"", ""typo_type"": ""deletion"", ""difficulty"": ""hard"", ""word_index"": 2, ""char_indices"": [0, 4], ""deleted_chars"": [""V"", ""o""], ""operation_count"": 2}]",0.0,4,"168,637",1.0,1.0,1.0,,1.2033388919999197,
Qwen/Qwen3-4B,,hf,squad,57267ebfdd62a815002e872c,idf,Zones in which mountains are built along convergent tectonic plate boundaries are called what?,"Among the most well-known experiments in structural geology are those involving orogenic wedges, which are zones in which mountains are built along convergent tectonic plate boundaries. In the analog versions of these experiments, horizontal layers of sand are pulled along a lower surface into a back stop, which results in realistic-looking patterns of faulting and the growth of a critically tapered (all angles remain the same) orogenic wedge. Numerical models work in the same way as these analog models, though they are often more sophisticated and can include patterns of erosion and uplift in the mountain belt. This helps to show the relationship between erosion and the shape of the mountain range. These studies can also give useful information about pathways for metamorphism through pressure, temperature, space, and time.","[""orogenic wedges"", ""orogenic wedges"", ""orogenic wedges""]",14,corrupted,deletion,any,2,2,True,hard,none,Zones in which mountains are built aln convergent tectonic plate boundaries are clle what?,42075751.0,"[{""edit_num"": 1, ""old"": ""along"", ""new"": ""aln"", ""location"": ""any"", ""typo_type"": ""deletion"", ""difficulty"": ""hard"", ""word_index"": 6, ""char_indices"": [2, 4], ""deleted_chars"": [""o"", ""g""], ""operation_count"": 2}, {""edit_num"": 2, ""old"": ""called"", ""new"": ""clle"", ""location"": ""any"", ""typo_type"": ""deletion"", ""difficulty"": ""hard"", ""word_index"": 12, ""char_indices"": [1, 5], ""deleted_chars"": [""a"", ""d""], ""operation_count"": 2}]",0.0,4,Orogenic wedges.,1.0,1.0,1.0,,1.1573640789997626,
Qwen/Qwen3-4B,,hf,squad,57115e532419e314009555b1,idf,What was compounding seen as being in the locomotive construction industry?,"The adoption of compounding was common for industrial units, for road engines and almost universal for marine engines after 1880; it was not universally popular in railway locomotives where it was often perceived as complicated. This is partly due to the harsh railway operating environment and limited space afforded by the loading gauge (particularly in Britain, where compounding was never common and not employed after 1930). However, although never in the majority, it was popular in many other countries.","[""complicated"", ""complicated"", ""complicated""]",11,corrupted,deletion,any,2,2,True,hard,none,What was compoudng seen as being in the loomotve construction industry?,42085758.0,"[{""edit_num"": 1, ""old"": ""locomotive"", ""new"": ""loomotve"", ""location"": ""any"", ""typo_type"": ""deletion"", ""difficulty"": ""hard"", ""word_index"": 8, ""char_indices"": [2, 7], ""deleted_chars"": [""c"", ""i""], ""operation_count"": 2}, {""edit_num"": 2, ""old"": ""compounding"", ""new"": ""compoudng"", ""location"": ""any"", ""typo_type"": ""deletion"", ""difficulty"": ""hard"", ""word_index"": 2, ""char_indices"": [6, 8], ""deleted_chars"": [""n"", ""i""], ""operation_count"": 2}]",0.0,4,complicated,1.0,1.0,1.0,,0.7374553089998699,
Qwen/Qwen3-4B,,hf,squad,5726e3c4dd62a815002e9405,idf,What is the origin of clinical pharmacy?,"Pharmacists provide direct patient care services that optimizes the use of medication and promotes health, wellness, and disease prevention. Clinical pharmacists care for patients in all health care settings, but the clinical pharmacy movement initially began inside hospitals and clinics. Clinical pharmacists often collaborate with physicians and other healthcare professionals to improve pharmaceutical care. Clinical pharmacists are now an integral part of the interdisciplinary approach to patient care. They often participate in patient care rounds drug product selection.","[""inside hospitals and clinics"", ""inside hospitals and clinics"", ""the clinical pharmacy movement initially began inside hospitals and clinics""]",7,corrupted,deletion,any,2,2,True,hard,none,What is the orgi of cliicl pharmacy?,42095765.0,"[{""edit_num"": 1, ""old"": ""clinical"", ""new"": ""cliicl"", ""location"": ""any"", ""typo_type"": ""deletion"", ""difficulty"": ""hard"", ""word_index"": 5, ""char_indices"": [3, 6], ""deleted_chars"": [""n"", ""a""], ""operation_count"": 2}, {""edit_num"": 2, ""old"": ""origin"", ""new"": ""orgi"", ""location"": ""any"", ""typo_type"": ""deletion"", ""difficulty"": ""hard"", ""word_index"": 3, ""char_indices"": [2, 5], ""deleted_chars"": [""i"", ""n""], ""operation_count"": 2}]",0.0,4,hospitals and clinics,0.0,0.8571428571428571,0.0,,1.0085284370002228,
Qwen/Qwen3-4B,,hf,squad,5725d42a89a1e219009abf58,idf,"Who wrote ""Walking in Fresno?""","In the 1970s, the city was the subject of a song, ""Walking Into Fresno"", written by Hall Of Fame guitarist Bill Aken and recorded by Bob Gallion of the world-famous ""WWVA Jamboree"" radio and television show in Wheeling, West Virginia. Aken, adopted by Mexican movie actress Lupe Mayorga, grew up in the neighboring town of Madera and his song chronicled the hardships faced by the migrant farm workers he saw as a child. Aken also made his first TV appearance playing guitar on the old country-western show at The Fresno Barn.","[""Bill Aken"", ""Bill Aken"", ""Bill Aken""]",5,corrupted,deletion,any,2,2,True,hard,none,"Who wrote ""Wakig in Frso?""",42105772.0,"[{""edit_num"": 1, ""old"": ""Fresno"", ""new"": ""Frso"", ""location"": ""any"", ""typo_type"": ""deletion"", ""difficulty"": ""hard"", ""word_index"": 4, ""char_indices"": [2, 4], ""deleted_chars"": [""e"", ""n""], ""operation_count"": 2}, {""edit_num"": 2, ""old"": ""Walking"", ""new"": ""Wakig"", ""location"": ""any"", ""typo_type"": ""deletion"", ""difficulty"": ""hard"", ""word_index"": 2, ""char_indices"": [2, 5], ""deleted_chars"": [""l"", ""n""], ""operation_count"": 2}]",0.0,4,Bill Aken,1.0,1.0,1.0,,1.0499743089999356,
Qwen/Qwen3-4B,,hf,squad,5728f9342ca10214002dab53,idf,What do some believe about this pronunciation?,"Ludwig Krapf recorded the name as both Kenia and Kegnia believed by most to be a corruption of the Kamba version. Others say that this was—on the contrary—a very precise notation of a correct African pronunciation /ˈkɛnjə/. An 1882 map drawn by Joseph Thompsons, a Scottish geologist and naturalist, indicated Mt. Kenya as Mt. Kenia, 1862. Controversy over the actual meaning of the word Kenya notwithstanding, it is clear that the mountain's name became widely accepted, pars pro toto, as the name of the country.","[""a very precise notation of a correct African pronunciation"", ""precise"", ""precise""]",7,corrupted,deletion,any,2,2,True,hard,none,What do some believe abu this ronuciation?,42115779.0,"[{""edit_num"": 1, ""old"": ""pronunciation"", ""new"": ""ronuciation"", ""location"": ""any"", ""typo_type"": ""deletion"", ""difficulty"": ""hard"", ""word_index"": 6, ""char_indices"": [0, 5], ""deleted_chars"": [""p"", ""n""], ""operation_count"": 2}, {""edit_num"": 2, ""old"": ""about"", ""new"": ""abu"", ""location"": ""any"", ""typo_type"": ""deletion"", ""difficulty"": ""hard"", ""word_index"": 4, ""char_indices"": [2, 4], ""deleted_chars"": [""o"", ""t""], ""operation_count"": 2}]",0.0,4,corruption of the Kamba version,0.0,0.18181818181818182,0.0,,1.3052768570000808,
Qwen/Qwen3-4B,,hf,squad,5725ba5038643c19005acbea,idf,Who was the deputy administrator of NASA in 1960?,"In July 1960, NASA Deputy Administrator Hugh L. Dryden announced the Apollo program to industry representatives at a series of Space Task Group conferences. Preliminary specifications were laid out for a spacecraft with a mission module cabin separate from the command module (piloting and re-entry cabin), and a propulsion and equipment module. On August 30, a feasibility study competition was announced, and on October 25, three study contracts were awarded to General Dynamics/Convair, General Electric, and the Glenn L. Martin Company. Meanwhile, NASA performed its own in-house spacecraft design studies led by Maxime Faget, to serve as a gauge to judge and monitor the three industry designs.","[""Hugh L. Dryden"", ""Maxime Faget"", ""Hugh L. Dryden"", ""Hugh L. Dryden"", ""Hugh L. Dryden""]",8,corrupted,deletion,any,2,2,True,hard,none,Who was the dpty administrat of NASA in 1960?,42125786.0,"[{""edit_num"": 1, ""old"": ""deputy"", ""new"": ""dpty"", ""location"": ""any"", ""typo_type"": ""deletion"", ""difficulty"": ""hard"", ""word_index"": 3, ""char_indices"": [1, 3], ""deleted_chars"": [""e"", ""u""], ""operation_count"": 2}, {""edit_num"": 2, ""old"": ""administrator"", ""new"": ""administrat"", ""location"": ""any"", ""typo_type"": ""deletion"", ""difficulty"": ""hard"", ""word_index"": 4, ""char_indices"": [11, 12], ""deleted_chars"": [""o"", ""r""], ""operation_count"": 2}]",0.0,4,Hugh L. Dryden,1.0,1.0,1.0,,1.2098047419999602,
Qwen/Qwen3-4B,,hf,squad,5730cb8df6cb411900e244c2,idf,What is the guidebook for local churches and pastors?,"The Book of Discipline is the guidebook for local churches and pastors and describes in considerable detail the organizational structure of local United Methodist churches. All UM churches must have a board of trustees with at least three members and no more than nine members and it is recommended that no gender should hold more than a 2/3 majority. All churches must also have a nominations committee, a finance committee and a church council or administrative council. Other committees are suggested but not required such as a missions committee, or evangelism or worship committee. Term limits are set for some committees but not for all. The church conference is an annual meeting of all the officers of the church and any interested members. This committee has the exclusive power to set pastors' salaries (compensation packages for tax purposes) and to elect officers to the committees.","[""The Book of Discipline"", ""The Book of Discipline"", ""The Book of Discipline""]",9,corrupted,deletion,any,2,2,True,hard,none,Wa is the guidebook for local chches and pastors?,42135793.0,"[{""edit_num"": 1, ""old"": ""churches"", ""new"": ""chches"", ""location"": ""any"", ""typo_type"": ""deletion"", ""difficulty"": ""hard"", ""word_index"": 6, ""char_indices"": [2, 3], ""deleted_chars"": [""u"", ""r""], ""operation_count"": 2}, {""edit_num"": 2, ""old"": ""What"", ""new"": ""Wa"", ""location"": ""any"", ""typo_type"": ""deletion"", ""difficulty"": ""hard"", ""word_index"": 0, ""char_indices"": [1, 3], ""deleted_chars"": [""h"", ""t""], ""operation_count"": 2}]",0.0,4,The Book of Discipline,1.0,1.0,1.0,,1.0519501580001815,
Qwen/Qwen3-4B,,hf,squad,5730b10b8ab72b1400f9c69e,idf,Is the UMC pro-life or pro-choice?,"The United Methodist Church upholds the sanctity of human life both of the child and the mother. As a result, the church is ""reluctant to affirm abortion as an acceptable practice,"" and condemns the use of late-term or partial birth abortion except as a medical necessity. The denomination as a whole is committed to ""assist[ing] the ministry of crisis pregnancy centers and pregnancy resource centers that compassionately help women find feasible alternatives to abortion."" Still, the denomination is pro-choice and also ""was a founding member of the Religious Coalition for Reproductive Choice...[and] 2008 General Conference [went] on record in support of the work of the Religious Coalition for Reproductive Choice"".","[""pro-choice"", ""pro-choice"", ""pro-choice""]",8,corrupted,deletion,any,2,2,True,hard,none,Is the UMC pro-fe or pro-hoce?,42145800.0,"[{""edit_num"": 1, ""old"": ""choice"", ""new"": ""hoce"", ""location"": ""any"", ""typo_type"": ""deletion"", ""difficulty"": ""hard"", ""word_index"": 7, ""char_indices"": [0, 3], ""deleted_chars"": [""c"", ""i""], ""operation_count"": 2}, {""edit_num"": 2, ""old"": ""life"", ""new"": ""fe"", ""location"": ""any"", ""typo_type"": ""deletion"", ""difficulty"": ""hard"", ""word_index"": 4, ""char_indices"": [0, 1], ""deleted_chars"": [""l"", ""i""], ""operation_count"": 2}]",0.0,4,pro-choice,1.0,1.0,1.0,,0.9415511449997211,
Qwen/Qwen3-4B,,hf,squad,5728d5793acd2414000dffb4,idf,Antigone was a play made by whom?,"One of the oldest depictions of civil disobedience is in Sophocles' play Antigone, in which Antigone, one of the daughters of former King of Thebes, Oedipus, defies Creon, the current King of Thebes, who is trying to stop her from giving her brother Polynices a proper burial. She gives a stirring speech in which she tells him that she must obey her conscience rather than human law. She is not at all afraid of the death he threatens her with (and eventually carries out), but she is afraid of how her conscience will smite her if she does not do this.","[""Sophocles"", ""Sophocles"", ""Sophocles"", ""Sophocles"", ""Sophocles""]",7,corrupted,deletion,any,2,2,True,hard,none,Anione was a play made by ho?,42155807.0,"[{""edit_num"": 1, ""old"": ""whom"", ""new"": ""ho"", ""location"": ""any"", ""typo_type"": ""deletion"", ""difficulty"": ""hard"", ""word_index"": 6, ""char_indices"": [0, 3], ""deleted_chars"": [""w"", ""m""], ""operation_count"": 2}, {""edit_num"": 2, ""old"": ""Antigone"", ""new"": ""Anione"", ""location"": ""any"", ""typo_type"": ""deletion"", ""difficulty"": ""hard"", ""word_index"": 0, ""char_indices"": [2, 4], ""deleted_chars"": [""t"", ""g""], ""operation_count"": 2}]",0.0,4,Sophocles,1.0,1.0,1.0,,0.9708044369999698,
Qwen/Qwen3-4B,,hf,squad,572655e5f1498d1400e8dc61,idf,What is the main component of the aboral organ?,"The largest single sensory feature is the aboral organ (at the opposite end from the mouth). Its main component is a statocyst, a balance sensor consisting of a statolith, a solid particle supported on four bundles of cilia, called ""balancers"", that sense its orientation. The statocyst is protected by a transparent dome made of long, immobile cilia. A ctenophore does not automatically try to keep the statolith resting equally on all the balancers. Instead its response is determined by the animal's ""mood"", in other words the overall state of the nervous system. For example, if a ctenophore with trailing tentacles captures prey, it will often put some comb rows into reverse, spinning the mouth towards the prey.","[""a statocyst"", ""statocyst"", ""statocyst""]",9,corrupted,deletion,any,2,2,True,hard,none,What is the main component of the abor ogn?,42165814.0,"[{""edit_num"": 1, ""old"": ""organ"", ""new"": ""ogn"", ""location"": ""any"", ""typo_type"": ""deletion"", ""difficulty"": ""hard"", ""word_index"": 8, ""char_indices"": [1, 3], ""deleted_chars"": [""r"", ""a""], ""operation_count"": 2}, {""edit_num"": 2, ""old"": ""aboral"", ""new"": ""abor"", ""location"": ""any"", ""typo_type"": ""deletion"", ""difficulty"": ""hard"", ""word_index"": 7, ""char_indices"": [4, 5], ""deleted_chars"": [""a"", ""l""], ""operation_count"": 2}]",0.0,4,statocyst,1.0,1.0,1.0,,0.9964599730001282,
Qwen/Qwen3-4B,,hf,squad,572a12386aef051400155235,idf,Hormones released during sleep support the interaction of T-cells and what species?,"In addition to the negative consequences of sleep deprivation, sleep and the intertwined circadian system have been shown to have strong regulatory effects on immunological functions affecting both the innate and the adaptive immunity. First, during the early slow-wave-sleep stage, a sudden drop in blood levels of cortisol, epinephrine, and norepinephrine induce increased blood levels of the hormones leptin, pituitary growth hormone, and prolactin. These signals induce a pro-inflammatory state through the production of the pro-inflammatory cytokines interleukin-1, interleukin-12, TNF-alpha and IFN-gamma. These cytokines then stimulate immune functions such as immune cells activation, proliferation, and differentiation. It is during this time that undifferentiated, or less differentiated, like naïve and central memory T cells, peak (i.e. during a time of a slowly evolving adaptive immune response). In addition to these effects, the milieu of hormones produced at this time (leptin, pituitary growth hormone, and prolactin) support the interactions between APCs and T-cells, a shift of the Th1/Th2 cytokine balance towards one that supports Th1, an increase in overall Th cell proliferation, and naïve T cell migration to lymph nodes. This milieu is also thought to support the formation of long-lasting immune memory through the initiation of Th1 immune responses.","[""APCs"", ""APCs"", ""APCs""]",13,corrupted,deletion,any,2,2,True,hard,none,Hormones released during lee support the interaction of T-cel and what species?,42175821.0,"[{""edit_num"": 1, ""old"": ""sleep"", ""new"": ""lee"", ""location"": ""any"", ""typo_type"": ""deletion"", ""difficulty"": ""hard"", ""word_index"": 3, ""char_indices"": [0, 4], ""deleted_chars"": [""s"", ""p""], ""operation_count"": 2}, {""edit_num"": 2, ""old"": ""cells"", ""new"": ""cel"", ""location"": ""any"", ""typo_type"": ""deletion"", ""difficulty"": ""hard"", ""word_index"": 9, ""char_indices"": [2, 4], ""deleted_chars"": [""l"", ""s""], ""operation_count"": 2}]",0.0,4,APCs,1.0,1.0,1.0,,1.3802494000001388,
Qwen/Qwen3-4B,,hf,squad,571c97e2dd7acb1400e4c11e,idf,Where does oxygen rank by mass in the planet's biosphere?,"Oxygen is the most abundant chemical element by mass in the Earth's biosphere, air, sea and land. Oxygen is the third most abundant chemical element in the universe, after hydrogen and helium. About 0.9% of the Sun's mass is oxygen. Oxygen constitutes 49.2% of the Earth's crust by mass and is the major component of the world's oceans (88.8% by mass). Oxygen gas is the second most common component of the Earth's atmosphere, taking up 20.8% of its volume and 23.1% of its mass (some 1015 tonnes).[d] Earth is unusual among the planets of the Solar System in having such a high concentration of oxygen gas in its atmosphere: Mars (with 0.1% O
2 by volume) and Venus have far lower concentrations. The O
2 surrounding these other planets is produced solely by ultraviolet radiation impacting oxygen-containing molecules such as carbon dioxide.","[""most abundant"", ""most"", ""most abundant"", ""most abundant"", ""most abundant""]",11,corrupted,deletion,any,2,2,True,hard,none,Where does oxyn rank by mass in the lant's biosphere?,42185828.0,"[{""edit_num"": 1, ""old"": ""planet"", ""new"": ""lant"", ""location"": ""any"", ""typo_type"": ""deletion"", ""difficulty"": ""hard"", ""word_index"": 8, ""char_indices"": [0, 4], ""deleted_chars"": [""p"", ""e""], ""operation_count"": 2}, {""edit_num"": 2, ""old"": ""oxygen"", ""new"": ""oxyn"", ""location"": ""any"", ""typo_type"": ""deletion"", ""difficulty"": ""hard"", ""word_index"": 2, ""char_indices"": [3, 4], ""deleted_chars"": [""g"", ""e""], ""operation_count"": 2}]",0.0,4,Most abundant,1.0,1.0,1.0,,1.1669917229996827,
Qwen/Qwen3-4B,,hf,squad,5728ec6a4b864d19001650ae,idf,What type of sentences were the protesters given?,"When the Committee for Non-Violent Action sponsored a protest in August 1957, at the Camp Mercury nuclear test site near Las Vegas, Nevada, 13 of the protesters attempted to enter the test site knowing that they faced arrest. At a pre-arranged announced time, one at a time they stepped across the ""line"" and were immediately arrested. They were put on a bus and taken to the Nye County seat of Tonopah, Nevada, and arraigned for trial before the local Justice of the Peace, that afternoon. A well known civil rights attorney, Francis Heisler, had volunteered to defend the arrested persons, advising them to plead ""nolo contendere"", as an alternative to pleading either guilty or not-guilty. The arrested persons were found ""guilty,"" nevertheless, and given suspended sentences, conditional on their not reentering the test site grounds.[citation needed]","[""suspended sentences"", ""suspended sentences"", ""suspended"", ""suspended"", ""suspended""]",8,corrupted,deletion,any,2,2,True,hard,none,What type of sentences re the rotestrs given?,42195835.0,"[{""edit_num"": 1, ""old"": ""were"", ""new"": ""re"", ""location"": ""any"", ""typo_type"": ""deletion"", ""difficulty"": ""hard"", ""word_index"": 4, ""char_indices"": [0, 1], ""deleted_chars"": [""w"", ""e""], ""operation_count"": 2}, {""edit_num"": 2, ""old"": ""protesters"", ""new"": ""rotestrs"", ""location"": ""any"", ""typo_type"": ""deletion"", ""difficulty"": ""hard"", ""word_index"": 6, ""char_indices"": [0, 7], ""deleted_chars"": [""p"", ""e""], ""operation_count"": 2}]",0.0,4,suspended sentences,1.0,1.0,1.0,,1.1983050510002613,
Qwen/Qwen3-4B,,hf,squad,572fffb404bcaa1900d76ff2,idf,When did rapid warming begin and help vegetation?,"As northwest Europe slowly began to warm up from 22,000 years ago onward, frozen subsoil and expanded alpine glaciers began to thaw and fall-winter snow covers melted in spring. Much of the discharge was routed to the Rhine and its downstream extension. Rapid warming and changes of vegetation, to open forest, began about 13,000 BP. By 9000 BP, Europe was fully forested. With globally shrinking ice-cover, ocean water levels rose and the English Channel and North Sea re-inundated. Meltwater, adding to the ocean and land subsidence, drowned the former coasts of Europe transgressionally.","[""13,000 BP"", ""13,000 BP"", ""13,000 BP""]",8,corrupted,deletion,any,3,3,True,hard,none,Wh did rapid waing bei and help vegetation?,42005702.0,"[{""edit_num"": 1, ""old"": ""begin"", ""new"": ""bei"", ""location"": ""any"", ""typo_type"": ""deletion"", ""difficulty"": ""hard"", ""word_index"": 4, ""char_indices"": [2, 4], ""deleted_chars"": [""g"", ""n""], ""operation_count"": 2}, {""edit_num"": 2, ""old"": ""When"", ""new"": ""Wh"", ""location"": ""any"", ""typo_type"": ""deletion"", ""difficulty"": ""hard"", ""word_index"": 0, ""char_indices"": [2, 3], ""deleted_chars"": [""e"", ""n""], ""operation_count"": 2}, {""edit_num"": 3, ""old"": ""warming"", ""new"": ""waing"", ""location"": ""any"", ""typo_type"": ""deletion"", ""difficulty"": ""hard"", ""word_index"": 3, ""char_indices"": [2, 3], ""deleted_chars"": [""r"", ""m""], ""operation_count"": 2}]",0.0,6,"13,000 BP",1.0,1.0,1.0,,1.2103207770001063,
Qwen/Qwen3-4B,,hf,squad,5725bd4b38643c19005acc33,idf,How long did it take Johnson to respond to Kennedy?,"On April 20, Kennedy sent a memo to Vice President Lyndon B. Johnson, asking Johnson to look into the status of America's space program, and into programs that could offer NASA the opportunity to catch up. Johnson responded approximately one week later, concluding that ""we are neither making maximum effort nor achieving results necessary if this country is to reach a position of leadership."" His memo concluded that a manned Moon landing was far enough in the future that it was likely the United States would achieve it first.","[""approximately one week"", ""one week"", ""one week"", ""one week"", ""one week""]",10,corrupted,deletion,any,3,3,True,hard,none,How on did it take Johnson to reson to Keney?,42015709.0,"[{""edit_num"": 1, ""old"": ""long"", ""new"": ""on"", ""location"": ""any"", ""typo_type"": ""deletion"", ""difficulty"": ""hard"", ""word_index"": 1, ""char_indices"": [0, 3], ""deleted_chars"": [""l"", ""g""], ""operation_count"": 2}, {""edit_num"": 2, ""old"": ""Kennedy"", ""new"": ""Keney"", ""location"": ""any"", ""typo_type"": ""deletion"", ""difficulty"": ""hard"", ""word_index"": 9, ""char_indices"": [2, 5], ""deleted_chars"": [""n"", ""d""], ""operation_count"": 2}, {""edit_num"": 3, ""old"": ""respond"", ""new"": ""reson"", ""location"": ""any"", ""typo_type"": ""deletion"", ""difficulty"": ""hard"", ""word_index"": 7, ""char_indices"": [3, 6], ""deleted_chars"": [""p"", ""d""], ""operation_count"": 2}]",0.0,6,one week,1.0,1.0,1.0,,0.741004415000134,
Qwen/Qwen3-4B,,hf,squad,56e1cbe2cd28a01900c67bae,idf,What measurement of time is used in polynomial time reduction?,"The most commonly used reduction is a polynomial-time reduction. This means that the reduction process takes polynomial time. For example, the problem of squaring an integer can be reduced to the problem of multiplying two integers. This means an algorithm for multiplying two integers can be used to square an integer. Indeed, this can be done by giving the same input to both inputs of the multiplication algorithm. Thus we see that squaring is not more difficult than multiplication, since squaring can be reduced to multiplication.","[""polynomial time"", ""polynomial"", ""polynomial time""]",10,corrupted,deletion,any,3,3,True,hard,none,What measurement of time is used in ponomial me rducion?,42025716.0,"[{""edit_num"": 1, ""old"": ""polynomial"", ""new"": ""ponomial"", ""location"": ""any"", ""typo_type"": ""deletion"", ""difficulty"": ""hard"", ""word_index"": 7, ""char_indices"": [2, 3], ""deleted_chars"": [""l"", ""y""], ""operation_count"": 2}, {""edit_num"": 2, ""old"": ""time"", ""new"": ""me"", ""location"": ""any"", ""typo_type"": ""deletion"", ""difficulty"": ""hard"", ""word_index"": 8, ""char_indices"": [0, 1], ""deleted_chars"": [""t"", ""i""], ""operation_count"": 2}, {""edit_num"": 3, ""old"": ""reduction"", ""new"": ""rducion"", ""location"": ""any"", ""typo_type"": ""deletion"", ""difficulty"": ""hard"", ""word_index"": 9, ""char_indices"": [1, 5], ""deleted_chars"": [""e"", ""t""], ""operation_count"": 2}]",0.0,6,polynomial-time,0.0,0.0,1.0,,0.8422561699999278,
Qwen/Qwen3-4B,,hf,squad,5729f39a6aef05140015514d,idf,What is the receptor that killer T cells use to bind to specific antigens that are complexed with the MHC Class 1 receptor of another cell?,"Killer T cells are a sub-group of T cells that kill cells that are infected with viruses (and other pathogens), or are otherwise damaged or dysfunctional. As with B cells, each type of T cell recognizes a different antigen. Killer T cells are activated when their T cell receptor (TCR) binds to this specific antigen in a complex with the MHC Class I receptor of another cell. Recognition of this MHC:antigen complex is aided by a co-receptor on the T cell, called CD8. The T cell then travels throughout the body in search of cells where the MHC I receptors bear this antigen. When an activated T cell contacts such cells, it releases cytotoxins, such as perforin, which form pores in the target cell's plasma membrane, allowing ions, water and toxins to enter. The entry of another toxin called granulysin (a protease) induces the target cell to undergo apoptosis. T cell killing of host cells is particularly important in preventing the replication of viruses. T cell activation is tightly controlled and generally requires a very strong MHC/antigen activation signal, or additional activation signals provided by ""helper"" T cells (see below).","[""T cell receptor (TCR)"", ""T cell receptor"", ""T cell receptor (TCR)""]",25,corrupted,deletion,any,3,3,True,hard,none,What is the receptor that killer T ces use to bind to specific antigens at are complexed with the MHC las 1 receptor of another cell?,42035723.0,"[{""edit_num"": 1, ""old"": ""Class"", ""new"": ""las"", ""location"": ""any"", ""typo_type"": ""deletion"", ""difficulty"": ""hard"", ""word_index"": 20, ""char_indices"": [0, 3], ""deleted_chars"": [""C"", ""s""], ""operation_count"": 2}, {""edit_num"": 2, ""old"": ""that"", ""new"": ""at"", ""location"": ""any"", ""typo_type"": ""deletion"", ""difficulty"": ""hard"", ""word_index"": 14, ""char_indices"": [0, 1], ""deleted_chars"": [""t"", ""h""], ""operation_count"": 2}, {""edit_num"": 3, ""old"": ""cells"", ""new"": ""ces"", ""location"": ""any"", ""typo_type"": ""deletion"", ""difficulty"": ""hard"", ""word_index"": 7, ""char_indices"": [2, 3], ""deleted_chars"": [""l"", ""l""], ""operation_count"": 2}]",0.0,6,T cell receptor (TCR),1.0,1.0,1.0,,1.7463068590000148,
Qwen/Qwen3-4B,,hf,squad,571136b8a58dae1900cd6d22,idf,"Along with poppet valve gears, what type of gears utilized separate admission and exhaust valves to give ideal events?","In the 1840s and 50s, there were attempts to overcome this problem by means of various patent valve gears with a separate, variable cutoff expansion valve riding on the back of the main slide valve; the latter usually had fixed or limited cutoff. The combined setup gave a fair approximation of the ideal events, at the expense of increased friction and wear, and the mechanism tended to be complicated. The usual compromise solution has been to provide lap by lengthening rubbing surfaces of the valve in such a way as to overlap the port on the admission side, with the effect that the exhaust side remains open for a longer period after cut-off on the admission side has occurred. This expedient has since been generally considered satisfactory for most purposes and makes possible the use of the simpler Stephenson, Joy and Walschaerts motions. Corliss, and later, poppet valve gears had separate admission and exhaust valves driven by trip mechanisms or cams profiled so as to give ideal events; most of these gears never succeeded outside of the stationary marketplace due to various other issues including leakage and more delicate mechanisms.","[""Corliss"", ""patent valve"", ""Corliss""]",19,corrupted,deletion,any,3,3,True,hard,none,"Along with poppet valve ger, what type of gears utilized separate adisson and exhaust valves to give ideal vets?",42045730.0,"[{""edit_num"": 1, ""old"": ""admission"", ""new"": ""adisson"", ""location"": ""any"", ""typo_type"": ""deletion"", ""difficulty"": ""hard"", ""word_index"": 11, ""char_indices"": [2, 6], ""deleted_chars"": [""m"", ""i""], ""operation_count"": 2}, {""edit_num"": 2, ""old"": ""events"", ""new"": ""vets"", ""location"": ""any"", ""typo_type"": ""deletion"", ""difficulty"": ""hard"", ""word_index"": 18, ""char_indices"": [0, 3], ""deleted_chars"": [""e"", ""n""], ""operation_count"": 2}, {""edit_num"": 3, ""old"": ""gears"", ""new"": ""ger"", ""location"": ""any"", ""typo_type"": ""deletion"", ""difficulty"": ""hard"", ""word_index"": 4, ""char_indices"": [2, 4], ""deleted_chars"": [""a"", ""s""], ""operation_count"": 2}]",0.0,6,"Stephenson, Joy and Walschaerts motions.",0.0,0.0,0.0,,1.8629005709999547,
Qwen/Qwen3-4B,,hf,squad,56e089ab231d4119001ac285,idf,When was a patent-sharing agreement signed between Westinghouse Electric and General Electric?,"The mid 1890s saw the conglomerate General Electric, backed by financier J. P. Morgan, involved in takeover attempts and patent battles with Westinghouse Electric. Although a patent-sharing agreement was signed between the two companies in 1896 Westinghouse was still cash-strapped from the financial warfare. To secure further loans, Westinghouse was forced to revisit Tesla's AC patent, which bankers considered a financial strain on the company (at that point Westinghouse had paid out an estimated $200,000 in licenses and royalties to Tesla, Brown, and Peck). In 1897, Westinghouse explained his financial difficulties to Tesla in stark terms, saying that if things continue the way they were he would no longer be in control of Westinghouse Electric and Tesla would have to ""deal with the bankers"" to try to collect future royalties. Westinghouse convinced Tesla to release his company from the licensing agreement over Tesla's AC patents in exchange for Westinghouse Electric purchasing the patents for a lump sum payment of $216,000; this provided Westinghouse a break from what, due to alternating current's rapid gain in popularity, had turned out to be an overly generous $2.50 per AC horsepower royalty.","[""1896"", ""1896"", ""1896""]",13,corrupted,deletion,any,3,3,True,hard,none,When was a patent-sharing agreement signed beten Wstingouse Electric and General letric?,42055737.0,"[{""edit_num"": 1, ""old"": ""Westinghouse"", ""new"": ""Wstingouse"", ""location"": ""any"", ""typo_type"": ""deletion"", ""difficulty"": ""hard"", ""word_index"": 8, ""char_indices"": [1, 7], ""deleted_chars"": [""e"", ""h""], ""operation_count"": 2}, {""edit_num"": 2, ""old"": ""between"", ""new"": ""beten"", ""location"": ""any"", ""typo_type"": ""deletion"", ""difficulty"": ""hard"", ""word_index"": 7, ""char_indices"": [3, 5], ""deleted_chars"": [""w"", ""e""], ""operation_count"": 2}, {""edit_num"": 3, ""old"": ""Electric"", ""new"": ""letric"", ""location"": ""any"", ""typo_type"": ""deletion"", ""difficulty"": ""hard"", ""word_index"": 12, ""char_indices"": [0, 3], ""deleted_chars"": [""E"", ""c""], ""operation_count"": 2}]",0.0,6,1896,1.0,1.0,1.0,,1.4798298689997864,
Qwen/Qwen3-4B,,hf,squad,570d29c2b3d812140066d4c0,idf,How many Victorians are Buddhist?,"About 61.1% of Victorians describe themselves as Christian. Roman Catholics form the single largest religious group in the state with 26.7% of the Victorian population, followed by Anglicans and members of the Uniting Church. Buddhism is the state's largest non-Christian religion, with 168,637 members as of the most recent census. Victoria is also home of 152,775 Muslims and 45,150 Jews. Hinduism is the fastest growing religion. Around 20% of Victorians claim no religion. Amongst those who declare a religious affiliation, church attendance is low.","[""168,637"", ""168,637"", ""168,637""]",5,corrupted,deletion,any,3,3,True,hard,none,How ay ictrians are udhist?,42065744.0,"[{""edit_num"": 1, ""old"": ""many"", ""new"": ""ay"", ""location"": ""any"", ""typo_type"": ""deletion"", ""difficulty"": ""hard"", ""word_index"": 1, ""char_indices"": [0, 2], ""deleted_chars"": [""m"", ""n""], ""operation_count"": 2}, {""edit_num"": 2, ""old"": ""Victorians"", ""new"": ""ictrians"", ""location"": ""any"", ""typo_type"": ""deletion"", ""difficulty"": ""hard"", ""word_index"": 2, ""char_indices"": [0, 4], ""deleted_chars"": [""V"", ""o""], ""operation_count"": 2}, {""edit_num"": 3, ""old"": ""Buddhist"", ""new"": ""udhist"", ""location"": ""any"", ""typo_type"": ""deletion"", ""difficulty"": ""hard"", ""word_index"": 4, ""char_indices"": [0, 3], ""deleted_chars"": [""B"", ""d""], ""operation_count"": 2}]",0.0,6,"168,637",1.0,1.0,1.0,,1.208343146000061,
Qwen/Qwen3-4B,,hf,squad,57267ebfdd62a815002e872c,idf,Zones in which mountains are built along convergent tectonic plate boundaries are called what?,"Among the most well-known experiments in structural geology are those involving orogenic wedges, which are zones in which mountains are built along convergent tectonic plate boundaries. In the analog versions of these experiments, horizontal layers of sand are pulled along a lower surface into a back stop, which results in realistic-looking patterns of faulting and the growth of a critically tapered (all angles remain the same) orogenic wedge. Numerical models work in the same way as these analog models, though they are often more sophisticated and can include patterns of erosion and uplift in the mountain belt. This helps to show the relationship between erosion and the shape of the mountain range. These studies can also give useful information about pathways for metamorphism through pressure, temperature, space, and time.","[""orogenic wedges"", ""orogenic wedges"", ""orogenic wedges""]",14,corrupted,deletion,any,3,3,True,hard,none,Zones in which mountains are built aln convergent tectonic plate boundaries are clle ha?,42075751.0,"[{""edit_num"": 1, ""old"": ""along"", ""new"": ""aln"", ""location"": ""any"", ""typo_type"": ""deletion"", ""difficulty"": ""hard"", ""word_index"": 6, ""char_indices"": [2, 4], ""deleted_chars"": [""o"", ""g""], ""operation_count"": 2}, {""edit_num"": 2, ""old"": ""called"", ""new"": ""clle"", ""location"": ""any"", ""typo_type"": ""deletion"", ""difficulty"": ""hard"", ""word_index"": 12, ""char_indices"": [1, 5], ""deleted_chars"": [""a"", ""d""], ""operation_count"": 2}, {""edit_num"": 3, ""old"": ""what"", ""new"": ""ha"", ""location"": ""any"", ""typo_type"": ""deletion"", ""difficulty"": ""hard"", ""word_index"": 13, ""char_indices"": [0, 3], ""deleted_chars"": [""w"", ""t""], ""operation_count"": 2}]",0.0,6,orogenic wedges,1.0,1.0,1.0,,1.0679587149998042,
Qwen/Qwen3-4B,,hf,squad,57115e532419e314009555b1,idf,What was compounding seen as being in the locomotive construction industry?,"The adoption of compounding was common for industrial units, for road engines and almost universal for marine engines after 1880; it was not universally popular in railway locomotives where it was often perceived as complicated. This is partly due to the harsh railway operating environment and limited space afforded by the loading gauge (particularly in Britain, where compounding was never common and not employed after 1930). However, although never in the majority, it was popular in many other countries.","[""complicated"", ""complicated"", ""complicated""]",11,corrupted,deletion,any,3,3,True,hard,none,What was compoudng seen as being in the loomotve onstructio industry?,42085758.0,"[{""edit_num"": 1, ""old"": ""locomotive"", ""new"": ""loomotve"", ""location"": ""any"", ""typo_type"": ""deletion"", ""difficulty"": ""hard"", ""word_index"": 8, ""char_indices"": [2, 7], ""deleted_chars"": [""c"", ""i""], ""operation_count"": 2}, {""edit_num"": 2, ""old"": ""compounding"", ""new"": ""compoudng"", ""location"": ""any"", ""typo_type"": ""deletion"", ""difficulty"": ""hard"", ""word_index"": 2, ""char_indices"": [6, 8], ""deleted_chars"": [""n"", ""i""], ""operation_count"": 2}, {""edit_num"": 3, ""old"": ""construction"", ""new"": ""onstructio"", ""location"": ""any"", ""typo_type"": ""deletion"", ""difficulty"": ""hard"", ""word_index"": 9, ""char_indices"": [0, 11], ""deleted_chars"": [""c"", ""n""], ""operation_count"": 2}]",0.0,6,complicated,1.0,1.0,1.0,,0.7528904720002174,
Qwen/Qwen3-4B,,hf,squad,5726e3c4dd62a815002e9405,idf,What is the origin of clinical pharmacy?,"Pharmacists provide direct patient care services that optimizes the use of medication and promotes health, wellness, and disease prevention. Clinical pharmacists care for patients in all health care settings, but the clinical pharmacy movement initially began inside hospitals and clinics. Clinical pharmacists often collaborate with physicians and other healthcare professionals to improve pharmaceutical care. Clinical pharmacists are now an integral part of the interdisciplinary approach to patient care. They often participate in patient care rounds drug product selection.","[""inside hospitals and clinics"", ""inside hospitals and clinics"", ""the clinical pharmacy movement initially began inside hospitals and clinics""]",7,corrupted,deletion,any,3,3,True,hard,none,Wh is the orgi of cliicl pharmacy?,42095765.0,"[{""edit_num"": 1, ""old"": ""clinical"", ""new"": ""cliicl"", ""location"": ""any"", ""typo_type"": ""deletion"", ""difficulty"": ""hard"", ""word_index"": 5, ""char_indices"": [3, 6], ""deleted_chars"": [""n"", ""a""], ""operation_count"": 2}, {""edit_num"": 2, ""old"": ""origin"", ""new"": ""orgi"", ""location"": ""any"", ""typo_type"": ""deletion"", ""difficulty"": ""hard"", ""word_index"": 3, ""char_indices"": [2, 5], ""deleted_chars"": [""i"", ""n""], ""operation_count"": 2}, {""edit_num"": 3, ""old"": ""What"", ""new"": ""Wh"", ""location"": ""any"", ""typo_type"": ""deletion"", ""difficulty"": ""hard"", ""word_index"": 0, ""char_indices"": [2, 3], ""deleted_chars"": [""a"", ""t""], ""operation_count"": 2}]",0.0,6,hospitals and clinics,0.0,0.8571428571428571,0.0,,0.9194708780000838,
Qwen/Qwen3-4B,,hf,squad,5725d42a89a1e219009abf58,idf,"Who wrote ""Walking in Fresno?""","In the 1970s, the city was the subject of a song, ""Walking Into Fresno"", written by Hall Of Fame guitarist Bill Aken and recorded by Bob Gallion of the world-famous ""WWVA Jamboree"" radio and television show in Wheeling, West Virginia. Aken, adopted by Mexican movie actress Lupe Mayorga, grew up in the neighboring town of Madera and his song chronicled the hardships faced by the migrant farm workers he saw as a child. Aken also made his first TV appearance playing guitar on the old country-western show at The Fresno Barn.","[""Bill Aken"", ""Bill Aken"", ""Bill Aken""]",5,corrupted,deletion,any,3,3,True,hard,none,"Who wro ""Wakig in Frso?""",42105772.0,"[{""edit_num"": 1, ""old"": ""Fresno"", ""new"": ""Frso"", ""location"": ""any"", ""typo_type"": ""deletion"", ""difficulty"": ""hard"", ""word_index"": 4, ""char_indices"": [2, 4], ""deleted_chars"": [""e"", ""n""], ""operation_count"": 2}, {""edit_num"": 2, ""old"": ""Walking"", ""new"": ""Wakig"", ""location"": ""any"", ""typo_type"": ""deletion"", ""difficulty"": ""hard"", ""word_index"": 2, ""char_indices"": [2, 5], ""deleted_chars"": [""l"", ""n""], ""operation_count"": 2}, {""edit_num"": 3, ""old"": ""wrote"", ""new"": ""wro"", ""location"": ""any"", ""typo_type"": ""deletion"", ""difficulty"": ""hard"", ""word_index"": 1, ""char_indices"": [3, 4], ""deleted_chars"": [""t"", ""e""], ""operation_count"": 2}]",0.0,6,Bill Aken,1.0,1.0,1.0,,0.9937279870000566,
Qwen/Qwen3-4B,,hf,squad,5728f9342ca10214002dab53,idf,What do some believe about this pronunciation?,"Ludwig Krapf recorded the name as both Kenia and Kegnia believed by most to be a corruption of the Kamba version. Others say that this was—on the contrary—a very precise notation of a correct African pronunciation /ˈkɛnjə/. An 1882 map drawn by Joseph Thompsons, a Scottish geologist and naturalist, indicated Mt. Kenya as Mt. Kenia, 1862. Controversy over the actual meaning of the word Kenya notwithstanding, it is clear that the mountain's name became widely accepted, pars pro toto, as the name of the country.","[""a very precise notation of a correct African pronunciation"", ""precise"", ""precise""]",7,corrupted,deletion,any,3,3,True,hard,none,ht do some believe abu this ronuciation?,42115779.0,"[{""edit_num"": 1, ""old"": ""pronunciation"", ""new"": ""ronuciation"", ""location"": ""any"", ""typo_type"": ""deletion"", ""difficulty"": ""hard"", ""word_index"": 6, ""char_indices"": [0, 5], ""deleted_chars"": [""p"", ""n""], ""operation_count"": 2}, {""edit_num"": 2, ""old"": ""about"", ""new"": ""abu"", ""location"": ""any"", ""typo_type"": ""deletion"", ""difficulty"": ""hard"", ""word_index"": 4, ""char_indices"": [2, 4], ""deleted_chars"": [""o"", ""t""], ""operation_count"": 2}, {""edit_num"": 3, ""old"": ""What"", ""new"": ""ht"", ""location"": ""any"", ""typo_type"": ""deletion"", ""difficulty"": ""hard"", ""word_index"": 0, ""char_indices"": [0, 2], ""deleted_chars"": [""W"", ""a""], ""operation_count"": 2}]",0.0,6,corruption of the Kamba version,0.0,0.18181818181818182,0.0,,1.2360896570003206,
Qwen/Qwen3-4B,,hf,squad,5725ba5038643c19005acbea,idf,Who was the deputy administrator of NASA in 1960?,"In July 1960, NASA Deputy Administrator Hugh L. Dryden announced the Apollo program to industry representatives at a series of Space Task Group conferences. Preliminary specifications were laid out for a spacecraft with a mission module cabin separate from the command module (piloting and re-entry cabin), and a propulsion and equipment module. On August 30, a feasibility study competition was announced, and on October 25, three study contracts were awarded to General Dynamics/Convair, General Electric, and the Glenn L. Martin Company. Meanwhile, NASA performed its own in-house spacecraft design studies led by Maxime Faget, to serve as a gauge to judge and monitor the three industry designs.","[""Hugh L. Dryden"", ""Maxime Faget"", ""Hugh L. Dryden"", ""Hugh L. Dryden"", ""Hugh L. Dryden""]",8,corrupted,deletion,any,3,3,True,hard,none,Who was the dpty administrat of AS in 1960?,42125786.0,"[{""edit_num"": 1, ""old"": ""deputy"", ""new"": ""dpty"", ""location"": ""any"", ""typo_type"": ""deletion"", ""difficulty"": ""hard"", ""word_index"": 3, ""char_indices"": [1, 3], ""deleted_chars"": [""e"", ""u""], ""operation_count"": 2}, {""edit_num"": 2, ""old"": ""administrator"", ""new"": ""administrat"", ""location"": ""any"", ""typo_type"": ""deletion"", ""difficulty"": ""hard"", ""word_index"": 4, ""char_indices"": [11, 12], ""deleted_chars"": [""o"", ""r""], ""operation_count"": 2}, {""edit_num"": 3, ""old"": ""NASA"", ""new"": ""AS"", ""location"": ""any"", ""typo_type"": ""deletion"", ""difficulty"": ""hard"", ""word_index"": 6, ""char_indices"": [0, 3], ""deleted_chars"": [""N"", ""A""], ""operation_count"": 2}]",0.0,6,Hugh L. Dryden,1.0,1.0,1.0,,1.1106276519999483,
Qwen/Qwen3-4B,,hf,squad,5730cb8df6cb411900e244c2,idf,What is the guidebook for local churches and pastors?,"The Book of Discipline is the guidebook for local churches and pastors and describes in considerable detail the organizational structure of local United Methodist churches. All UM churches must have a board of trustees with at least three members and no more than nine members and it is recommended that no gender should hold more than a 2/3 majority. All churches must also have a nominations committee, a finance committee and a church council or administrative council. Other committees are suggested but not required such as a missions committee, or evangelism or worship committee. Term limits are set for some committees but not for all. The church conference is an annual meeting of all the officers of the church and any interested members. This committee has the exclusive power to set pastors' salaries (compensation packages for tax purposes) and to elect officers to the committees.","[""The Book of Discipline"", ""The Book of Discipline"", ""The Book of Discipline""]",9,corrupted,deletion,any,3,3,True,hard,none,Wa is the guidebook for local chches and asors?,42135793.0,"[{""edit_num"": 1, ""old"": ""churches"", ""new"": ""chches"", ""location"": ""any"", ""typo_type"": ""deletion"", ""difficulty"": ""hard"", ""word_index"": 6, ""char_indices"": [2, 3], ""deleted_chars"": [""u"", ""r""], ""operation_count"": 2}, {""edit_num"": 2, ""old"": ""What"", ""new"": ""Wa"", ""location"": ""any"", ""typo_type"": ""deletion"", ""difficulty"": ""hard"", ""word_index"": 0, ""char_indices"": [1, 3], ""deleted_chars"": [""h"", ""t""], ""operation_count"": 2}, {""edit_num"": 3, ""old"": ""pastors"", ""new"": ""asors"", ""location"": ""any"", ""typo_type"": ""deletion"", ""difficulty"": ""hard"", ""word_index"": 8, ""char_indices"": [0, 3], ""deleted_chars"": [""p"", ""t""], ""operation_count"": 2}]",0.0,6,The Book of Discipline,1.0,1.0,1.0,,1.1620814549996794,
Qwen/Qwen3-4B,,hf,squad,5730b10b8ab72b1400f9c69e,idf,Is the UMC pro-life or pro-choice?,"The United Methodist Church upholds the sanctity of human life both of the child and the mother. As a result, the church is ""reluctant to affirm abortion as an acceptable practice,"" and condemns the use of late-term or partial birth abortion except as a medical necessity. The denomination as a whole is committed to ""assist[ing] the ministry of crisis pregnancy centers and pregnancy resource centers that compassionately help women find feasible alternatives to abortion."" Still, the denomination is pro-choice and also ""was a founding member of the Religious Coalition for Reproductive Choice...[and] 2008 General Conference [went] on record in support of the work of the Religious Coalition for Reproductive Choice"".","[""pro-choice"", ""pro-choice"", ""pro-choice""]",8,corrupted,deletion,any,3,2,False,hard,none,Is the UMC pro-fe or pro-hoce?,42145800.0,"[{""edit_num"": 1, ""old"": ""choice"", ""new"": ""hoce"", ""location"": ""any"", ""typo_type"": ""deletion"", ""difficulty"": ""hard"", ""word_index"": 7, ""char_indices"": [0, 3], ""deleted_chars"": [""c"", ""i""], ""operation_count"": 2}, {""edit_num"": 2, ""old"": ""life"", ""new"": ""fe"", ""location"": ""any"", ""typo_type"": ""deletion"", ""difficulty"": ""hard"", ""word_index"": 4, ""char_indices"": [0, 1], ""deleted_chars"": [""l"", ""i""], ""operation_count"": 2}]",0.0,4,pro-choice,1.0,1.0,1.0,,0.9740707470000416,
Qwen/Qwen3-4B,,hf,squad,5728d5793acd2414000dffb4,idf,Antigone was a play made by whom?,"One of the oldest depictions of civil disobedience is in Sophocles' play Antigone, in which Antigone, one of the daughters of former King of Thebes, Oedipus, defies Creon, the current King of Thebes, who is trying to stop her from giving her brother Polynices a proper burial. She gives a stirring speech in which she tells him that she must obey her conscience rather than human law. She is not at all afraid of the death he threatens her with (and eventually carries out), but she is afraid of how her conscience will smite her if she does not do this.","[""Sophocles"", ""Sophocles"", ""Sophocles"", ""Sophocles"", ""Sophocles""]",7,corrupted,deletion,any,3,3,True,hard,none,Anione was a play ad by ho?,42155807.0,"[{""edit_num"": 1, ""old"": ""whom"", ""new"": ""ho"", ""location"": ""any"", ""typo_type"": ""deletion"", ""difficulty"": ""hard"", ""word_index"": 6, ""char_indices"": [0, 3], ""deleted_chars"": [""w"", ""m""], ""operation_count"": 2}, {""edit_num"": 2, ""old"": ""Antigone"", ""new"": ""Anione"", ""location"": ""any"", ""typo_type"": ""deletion"", ""difficulty"": ""hard"", ""word_index"": 0, ""char_indices"": [2, 4], ""deleted_chars"": [""t"", ""g""], ""operation_count"": 2}, {""edit_num"": 3, ""old"": ""made"", ""new"": ""ad"", ""location"": ""any"", ""typo_type"": ""deletion"", ""difficulty"": ""hard"", ""word_index"": 4, ""char_indices"": [0, 3], ""deleted_chars"": [""m"", ""e""], ""operation_count"": 2}]",0.0,6,Antigone,0.0,0.0,0.0,,1.0325380050003332,
Qwen/Qwen3-4B,,hf,squad,572655e5f1498d1400e8dc61,idf,What is the main component of the aboral organ?,"The largest single sensory feature is the aboral organ (at the opposite end from the mouth). Its main component is a statocyst, a balance sensor consisting of a statolith, a solid particle supported on four bundles of cilia, called ""balancers"", that sense its orientation. The statocyst is protected by a transparent dome made of long, immobile cilia. A ctenophore does not automatically try to keep the statolith resting equally on all the balancers. Instead its response is determined by the animal's ""mood"", in other words the overall state of the nervous system. For example, if a ctenophore with trailing tentacles captures prey, it will often put some comb rows into reverse, spinning the mouth towards the prey.","[""a statocyst"", ""statocyst"", ""statocyst""]",9,corrupted,deletion,any,3,3,True,hard,none,Wh is the main component of the abor ogn?,42165814.0,"[{""edit_num"": 1, ""old"": ""organ"", ""new"": ""ogn"", ""location"": ""any"", ""typo_type"": ""deletion"", ""difficulty"": ""hard"", ""word_index"": 8, ""char_indices"": [1, 3], ""deleted_chars"": [""r"", ""a""], ""operation_count"": 2}, {""edit_num"": 2, ""old"": ""aboral"", ""new"": ""abor"", ""location"": ""any"", ""typo_type"": ""deletion"", ""difficulty"": ""hard"", ""word_index"": 7, ""char_indices"": [4, 5], ""deleted_chars"": [""a"", ""l""], ""operation_count"": 2}, {""edit_num"": 3, ""old"": ""What"", ""new"": ""Wh"", ""location"": ""any"", ""typo_type"": ""deletion"", ""difficulty"": ""hard"", ""word_index"": 0, ""char_indices"": [2, 3], ""deleted_chars"": [""a"", ""t""], ""operation_count"": 2}]",0.0,6,statocyst,1.0,1.0,1.0,,1.0503434279999055,
Qwen/Qwen3-4B,,hf,squad,572a12386aef051400155235,idf,Hormones released during sleep support the interaction of T-cells and what species?,"In addition to the negative consequences of sleep deprivation, sleep and the intertwined circadian system have been shown to have strong regulatory effects on immunological functions affecting both the innate and the adaptive immunity. First, during the early slow-wave-sleep stage, a sudden drop in blood levels of cortisol, epinephrine, and norepinephrine induce increased blood levels of the hormones leptin, pituitary growth hormone, and prolactin. These signals induce a pro-inflammatory state through the production of the pro-inflammatory cytokines interleukin-1, interleukin-12, TNF-alpha and IFN-gamma. These cytokines then stimulate immune functions such as immune cells activation, proliferation, and differentiation. It is during this time that undifferentiated, or less differentiated, like naïve and central memory T cells, peak (i.e. during a time of a slowly evolving adaptive immune response). In addition to these effects, the milieu of hormones produced at this time (leptin, pituitary growth hormone, and prolactin) support the interactions between APCs and T-cells, a shift of the Th1/Th2 cytokine balance towards one that supports Th1, an increase in overall Th cell proliferation, and naïve T cell migration to lymph nodes. This milieu is also thought to support the formation of long-lasting immune memory through the initiation of Th1 immune responses.","[""APCs"", ""APCs"", ""APCs""]",13,corrupted,deletion,any,3,3,True,hard,none,Hormones released during lee support the interaction of T-cel and what spcis?,42175821.0,"[{""edit_num"": 1, ""old"": ""sleep"", ""new"": ""lee"", ""location"": ""any"", ""typo_type"": ""deletion"", ""difficulty"": ""hard"", ""word_index"": 3, ""char_indices"": [0, 4], ""deleted_chars"": [""s"", ""p""], ""operation_count"": 2}, {""edit_num"": 2, ""old"": ""cells"", ""new"": ""cel"", ""location"": ""any"", ""typo_type"": ""deletion"", ""difficulty"": ""hard"", ""word_index"": 9, ""char_indices"": [2, 4], ""deleted_chars"": [""l"", ""s""], ""operation_count"": 2}, {""edit_num"": 3, ""old"": ""species"", ""new"": ""spcis"", ""location"": ""any"", ""typo_type"": ""deletion"", ""difficulty"": ""hard"", ""word_index"": 12, ""char_indices"": [2, 5], ""deleted_chars"": [""e"", ""e""], ""operation_count"": 2}]",0.0,6,APCs,1.0,1.0,1.0,,1.390644684000108,
Qwen/Qwen3-4B,,hf,squad,571c97e2dd7acb1400e4c11e,idf,Where does oxygen rank by mass in the planet's biosphere?,"Oxygen is the most abundant chemical element by mass in the Earth's biosphere, air, sea and land. Oxygen is the third most abundant chemical element in the universe, after hydrogen and helium. About 0.9% of the Sun's mass is oxygen. Oxygen constitutes 49.2% of the Earth's crust by mass and is the major component of the world's oceans (88.8% by mass). Oxygen gas is the second most common component of the Earth's atmosphere, taking up 20.8% of its volume and 23.1% of its mass (some 1015 tonnes).[d] Earth is unusual among the planets of the Solar System in having such a high concentration of oxygen gas in its atmosphere: Mars (with 0.1% O
2 by volume) and Venus have far lower concentrations. The O
2 surrounding these other planets is produced solely by ultraviolet radiation impacting oxygen-containing molecules such as carbon dioxide.","[""most abundant"", ""most"", ""most abundant"", ""most abundant"", ""most abundant""]",11,corrupted,deletion,any,3,3,True,hard,none,Where does oxyn ak by mass in the lant's biosphere?,42185828.0,"[{""edit_num"": 1, ""old"": ""planet"", ""new"": ""lant"", ""location"": ""any"", ""typo_type"": ""deletion"", ""difficulty"": ""hard"", ""word_index"": 8, ""char_indices"": [0, 4], ""deleted_chars"": [""p"", ""e""], ""operation_count"": 2}, {""edit_num"": 2, ""old"": ""oxygen"", ""new"": ""oxyn"", ""location"": ""any"", ""typo_type"": ""deletion"", ""difficulty"": ""hard"", ""word_index"": 2, ""char_indices"": [3, 4], ""deleted_chars"": [""g"", ""e""], ""operation_count"": 2}, {""edit_num"": 3, ""old"": ""rank"", ""new"": ""ak"", ""location"": ""any"", ""typo_type"": ""deletion"", ""difficulty"": ""hard"", ""word_index"": 3, ""char_indices"": [0, 2], ""deleted_chars"": [""r"", ""n""], ""operation_count"": 2}]",0.0,6,Earth's biosphere,0.0,0.0,0.0,,1.2887362649998977,
Qwen/Qwen3-4B,,hf,squad,5728ec6a4b864d19001650ae,idf,What type of sentences were the protesters given?,"When the Committee for Non-Violent Action sponsored a protest in August 1957, at the Camp Mercury nuclear test site near Las Vegas, Nevada, 13 of the protesters attempted to enter the test site knowing that they faced arrest. At a pre-arranged announced time, one at a time they stepped across the ""line"" and were immediately arrested. They were put on a bus and taken to the Nye County seat of Tonopah, Nevada, and arraigned for trial before the local Justice of the Peace, that afternoon. A well known civil rights attorney, Francis Heisler, had volunteered to defend the arrested persons, advising them to plead ""nolo contendere"", as an alternative to pleading either guilty or not-guilty. The arrested persons were found ""guilty,"" nevertheless, and given suspended sentences, conditional on their not reentering the test site grounds.[citation needed]","[""suspended sentences"", ""suspended sentences"", ""suspended"", ""suspended"", ""suspended""]",8,corrupted,deletion,any,3,3,True,hard,none,at type of sentences re the rotestrs given?,42195835.0,"[{""edit_num"": 1, ""old"": ""were"", ""new"": ""re"", ""location"": ""any"", ""typo_type"": ""deletion"", ""difficulty"": ""hard"", ""word_index"": 4, ""char_indices"": [0, 1], ""deleted_chars"": [""w"", ""e""], ""operation_count"": 2}, {""edit_num"": 2, ""old"": ""protesters"", ""new"": ""rotestrs"", ""location"": ""any"", ""typo_type"": ""deletion"", ""difficulty"": ""hard"", ""word_index"": 6, ""char_indices"": [0, 7], ""deleted_chars"": [""p"", ""e""], ""operation_count"": 2}, {""edit_num"": 3, ""old"": ""What"", ""new"": ""at"", ""location"": ""any"", ""typo_type"": ""deletion"", ""difficulty"": ""hard"", ""word_index"": 0, ""char_indices"": [0, 1], ""deleted_chars"": [""W"", ""h""], ""operation_count"": 2}]",0.0,6,suspended sentences,1.0,1.0,1.0,,1.2258555069997783,
Qwen/Qwen3-4B,,hf,squad,572fffb404bcaa1900d76ff2,idf,When did rapid warming begin and help vegetation?,"As northwest Europe slowly began to warm up from 22,000 years ago onward, frozen subsoil and expanded alpine glaciers began to thaw and fall-winter snow covers melted in spring. Much of the discharge was routed to the Rhine and its downstream extension. Rapid warming and changes of vegetation, to open forest, began about 13,000 BP. By 9000 BP, Europe was fully forested. With globally shrinking ice-cover, ocean water levels rose and the English Channel and North Sea re-inundated. Meltwater, adding to the ocean and land subsidence, drowned the former coasts of Europe transgressionally.","[""13,000 BP"", ""13,000 BP"", ""13,000 BP""]",8,corrupted,transposition,any,1,1,True,hard,none,When did rapid warming bgeni and help vegetation?,42005702.0,"[{""edit_num"": 1, ""old"": ""begin"", ""new"": ""bgeni"", ""location"": ""any"", ""typo_type"": ""transposition"", ""difficulty"": ""hard"", ""word_index"": 4, ""char_indices"": [1, 3], ""operation_count"": 2}]",0.0,2,"13,000 BP",1.0,1.0,1.0,,1.2225805210000544,
Qwen/Qwen3-4B,,hf,squad,5725bd4b38643c19005acc33,idf,How long did it take Johnson to respond to Kennedy?,"On April 20, Kennedy sent a memo to Vice President Lyndon B. Johnson, asking Johnson to look into the status of America's space program, and into programs that could offer NASA the opportunity to catch up. Johnson responded approximately one week later, concluding that ""we are neither making maximum effort nor achieving results necessary if this country is to reach a position of leadership."" His memo concluded that a manned Moon landing was far enough in the future that it was likely the United States would achieve it first.","[""approximately one week"", ""one week"", ""one week"", ""one week"", ""one week""]",10,corrupted,transposition,any,1,1,True,hard,none,How olgn did it take Johnson to respond to Kennedy?,42015709.0,"[{""edit_num"": 1, ""old"": ""long"", ""new"": ""olgn"", ""location"": ""any"", ""typo_type"": ""transposition"", ""difficulty"": ""hard"", ""word_index"": 1, ""char_indices"": [0, 2], ""operation_count"": 2}]",0.0,2,one week,1.0,1.0,1.0,,0.766443027999685,
Qwen/Qwen3-4B,,hf,squad,56e1cbe2cd28a01900c67bae,idf,What measurement of time is used in polynomial time reduction?,"The most commonly used reduction is a polynomial-time reduction. This means that the reduction process takes polynomial time. For example, the problem of squaring an integer can be reduced to the problem of multiplying two integers. This means an algorithm for multiplying two integers can be used to square an integer. Indeed, this can be done by giving the same input to both inputs of the multiplication algorithm. Thus we see that squaring is not more difficult than multiplication, since squaring can be reduced to multiplication.","[""polynomial time"", ""polynomial"", ""polynomial time""]",10,corrupted,transposition,any,1,1,True,hard,none,What measurement of time is used in ploynomail time reduction?,42025716.0,"[{""edit_num"": 1, ""old"": ""polynomial"", ""new"": ""ploynomail"", ""location"": ""any"", ""typo_type"": ""transposition"", ""difficulty"": ""hard"", ""word_index"": 7, ""char_indices"": [1, 7], ""operation_count"": 2}]",0.0,2,polynomial time,1.0,1.0,1.0,,0.8079672740000206,
Qwen/Qwen3-4B,,hf,squad,5729f39a6aef05140015514d,idf,What is the receptor that killer T cells use to bind to specific antigens that are complexed with the MHC Class 1 receptor of another cell?,"Killer T cells are a sub-group of T cells that kill cells that are infected with viruses (and other pathogens), or are otherwise damaged or dysfunctional. As with B cells, each type of T cell recognizes a different antigen. Killer T cells are activated when their T cell receptor (TCR) binds to this specific antigen in a complex with the MHC Class I receptor of another cell. Recognition of this MHC:antigen complex is aided by a co-receptor on the T cell, called CD8. The T cell then travels throughout the body in search of cells where the MHC I receptors bear this antigen. When an activated T cell contacts such cells, it releases cytotoxins, such as perforin, which form pores in the target cell's plasma membrane, allowing ions, water and toxins to enter. The entry of another toxin called granulysin (a protease) induces the target cell to undergo apoptosis. T cell killing of host cells is particularly important in preventing the replication of viruses. T cell activation is tightly controlled and generally requires a very strong MHC/antigen activation signal, or additional activation signals provided by ""helper"" T cells (see below).","[""T cell receptor (TCR)"", ""T cell receptor"", ""T cell receptor (TCR)""]",25,corrupted,transposition,any,1,1,True,hard,none,What is the receptor that killer T cells use to bind to specific antigens that are complexed with the MHC lCsas 1 receptor of another cell?,42035723.0,"[{""edit_num"": 1, ""old"": ""Class"", ""new"": ""lCsas"", ""location"": ""any"", ""typo_type"": ""transposition"", ""difficulty"": ""hard"", ""word_index"": 20, ""char_indices"": [0, 2], ""operation_count"": 2}]",0.0,2,T cell receptor (TCR),1.0,1.0,1.0,,1.6396148720000383,
Qwen/Qwen3-4B,,hf,squad,571136b8a58dae1900cd6d22,idf,"Along with poppet valve gears, what type of gears utilized separate admission and exhaust valves to give ideal events?","In the 1840s and 50s, there were attempts to overcome this problem by means of various patent valve gears with a separate, variable cutoff expansion valve riding on the back of the main slide valve; the latter usually had fixed or limited cutoff. The combined setup gave a fair approximation of the ideal events, at the expense of increased friction and wear, and the mechanism tended to be complicated. The usual compromise solution has been to provide lap by lengthening rubbing surfaces of the valve in such a way as to overlap the port on the admission side, with the effect that the exhaust side remains open for a longer period after cut-off on the admission side has occurred. This expedient has since been generally considered satisfactory for most purposes and makes possible the use of the simpler Stephenson, Joy and Walschaerts motions. Corliss, and later, poppet valve gears had separate admission and exhaust valves driven by trip mechanisms or cams profiled so as to give ideal events; most of these gears never succeeded outside of the stationary marketplace due to various other issues including leakage and more delicate mechanisms.","[""Corliss"", ""patent valve"", ""Corliss""]",19,corrupted,transposition,any,1,1,True,hard,none,"Along with poppet valve gears, what type of gears utilized separate daimssion and exhaust valves to give ideal events?",42045730.0,"[{""edit_num"": 1, ""old"": ""admission"", ""new"": ""daimssion"", ""location"": ""any"", ""typo_type"": ""transposition"", ""difficulty"": ""hard"", ""word_index"": 11, ""char_indices"": [0, 2], ""operation_count"": 2}]",0.0,2,Corliss,1.0,1.0,1.0,,1.2588563760000397,
Qwen/Qwen3-4B,,hf,squad,56e089ab231d4119001ac285,idf,When was a patent-sharing agreement signed between Westinghouse Electric and General Electric?,"The mid 1890s saw the conglomerate General Electric, backed by financier J. P. Morgan, involved in takeover attempts and patent battles with Westinghouse Electric. Although a patent-sharing agreement was signed between the two companies in 1896 Westinghouse was still cash-strapped from the financial warfare. To secure further loans, Westinghouse was forced to revisit Tesla's AC patent, which bankers considered a financial strain on the company (at that point Westinghouse had paid out an estimated $200,000 in licenses and royalties to Tesla, Brown, and Peck). In 1897, Westinghouse explained his financial difficulties to Tesla in stark terms, saying that if things continue the way they were he would no longer be in control of Westinghouse Electric and Tesla would have to ""deal with the bankers"" to try to collect future royalties. Westinghouse convinced Tesla to release his company from the licensing agreement over Tesla's AC patents in exchange for Westinghouse Electric purchasing the patents for a lump sum payment of $216,000; this provided Westinghouse a break from what, due to alternating current's rapid gain in popularity, had turned out to be an overly generous $2.50 per AC horsepower royalty.","[""1896"", ""1896"", ""1896""]",13,corrupted,transposition,any,1,1,True,hard,none,When was a patent-sharing agreement signed between Wesitnghuose Electric and General Electric?,42055737.0,"[{""edit_num"": 1, ""old"": ""Westinghouse"", ""new"": ""Wesitnghuose"", ""location"": ""any"", ""typo_type"": ""transposition"", ""difficulty"": ""hard"", ""word_index"": 8, ""char_indices"": [3, 8], ""operation_count"": 2}]",0.0,2,1896,1.0,1.0,1.0,,1.5693522919996212,
Qwen/Qwen3-4B,,hf,squad,570d29c2b3d812140066d4c0,idf,How many Victorians are Buddhist?,"About 61.1% of Victorians describe themselves as Christian. Roman Catholics form the single largest religious group in the state with 26.7% of the Victorian population, followed by Anglicans and members of the Uniting Church. Buddhism is the state's largest non-Christian religion, with 168,637 members as of the most recent census. Victoria is also home of 152,775 Muslims and 45,150 Jews. Hinduism is the fastest growing religion. Around 20% of Victorians claim no religion. Amongst those who declare a religious affiliation, church attendance is low.","[""168,637"", ""168,637"", ""168,637""]",5,corrupted,transposition,any,1,1,True,hard,none,How amyn Victorians are Buddhist?,42065744.0,"[{""edit_num"": 1, ""old"": ""many"", ""new"": ""amyn"", ""location"": ""any"", ""typo_type"": ""transposition"", ""difficulty"": ""hard"", ""word_index"": 1, ""char_indices"": [0, 2], ""operation_count"": 2}]",0.0,2,"168,637",1.0,1.0,1.0,,1.3345949569998083,
Qwen/Qwen3-4B,,hf,squad,57267ebfdd62a815002e872c,idf,Zones in which mountains are built along convergent tectonic plate boundaries are called what?,"Among the most well-known experiments in structural geology are those involving orogenic wedges, which are zones in which mountains are built along convergent tectonic plate boundaries. In the analog versions of these experiments, horizontal layers of sand are pulled along a lower surface into a back stop, which results in realistic-looking patterns of faulting and the growth of a critically tapered (all angles remain the same) orogenic wedge. Numerical models work in the same way as these analog models, though they are often more sophisticated and can include patterns of erosion and uplift in the mountain belt. This helps to show the relationship between erosion and the shape of the mountain range. These studies can also give useful information about pathways for metamorphism through pressure, temperature, space, and time.","[""orogenic wedges"", ""orogenic wedges"", ""orogenic wedges""]",14,corrupted,transposition,any,1,1,True,hard,none,Zones in which mountains are built laogn convergent tectonic plate boundaries are called what?,42075751.0,"[{""edit_num"": 1, ""old"": ""along"", ""new"": ""laogn"", ""location"": ""any"", ""typo_type"": ""transposition"", ""difficulty"": ""hard"", ""word_index"": 6, ""char_indices"": [0, 3], ""operation_count"": 2}]",0.0,2,Orogenic wedges.,1.0,1.0,1.0,,1.2974655699999857,
Qwen/Qwen3-4B,,hf,squad,57115e532419e314009555b1,idf,What was compounding seen as being in the locomotive construction industry?,"The adoption of compounding was common for industrial units, for road engines and almost universal for marine engines after 1880; it was not universally popular in railway locomotives where it was often perceived as complicated. This is partly due to the harsh railway operating environment and limited space afforded by the loading gauge (particularly in Britain, where compounding was never common and not employed after 1930). However, although never in the majority, it was popular in many other countries.","[""complicated"", ""complicated"", ""complicated""]",11,corrupted,transposition,any,1,1,True,hard,none,What was compounding seen as being in the olcomotiev construction industry?,42085758.0,"[{""edit_num"": 1, ""old"": ""locomotive"", ""new"": ""olcomotiev"", ""location"": ""any"", ""typo_type"": ""transposition"", ""difficulty"": ""hard"", ""word_index"": 8, ""char_indices"": [0, 8], ""operation_count"": 2}]",0.0,2,complicated,1.0,1.0,1.0,,0.7484922769999685,
Qwen/Qwen3-4B,,hf,squad,5726e3c4dd62a815002e9405,idf,What is the origin of clinical pharmacy?,"Pharmacists provide direct patient care services that optimizes the use of medication and promotes health, wellness, and disease prevention. Clinical pharmacists care for patients in all health care settings, but the clinical pharmacy movement initially began inside hospitals and clinics. Clinical pharmacists often collaborate with physicians and other healthcare professionals to improve pharmaceutical care. Clinical pharmacists are now an integral part of the interdisciplinary approach to patient care. They often participate in patient care rounds drug product selection.","[""inside hospitals and clinics"", ""inside hospitals and clinics"", ""the clinical pharmacy movement initially began inside hospitals and clinics""]",7,corrupted,transposition,any,1,1,True,hard,none,What is the origin of clincila pharmacy?,42095765.0,"[{""edit_num"": 1, ""old"": ""clinical"", ""new"": ""clincila"", ""location"": ""any"", ""typo_type"": ""transposition"", ""difficulty"": ""hard"", ""word_index"": 5, ""char_indices"": [4, 6], ""operation_count"": 2}]",0.0,2,hospitals and clinics,0.0,0.8571428571428571,0.0,,0.9200139519998629,
Qwen/Qwen3-4B,,hf,squad,5725d42a89a1e219009abf58,idf,"Who wrote ""Walking in Fresno?""","In the 1970s, the city was the subject of a song, ""Walking Into Fresno"", written by Hall Of Fame guitarist Bill Aken and recorded by Bob Gallion of the world-famous ""WWVA Jamboree"" radio and television show in Wheeling, West Virginia. Aken, adopted by Mexican movie actress Lupe Mayorga, grew up in the neighboring town of Madera and his song chronicled the hardships faced by the migrant farm workers he saw as a child. Aken also made his first TV appearance playing guitar on the old country-western show at The Fresno Barn.","[""Bill Aken"", ""Bill Aken"", ""Bill Aken""]",5,corrupted,transposition,any,1,1,True,hard,none,"Who wrote ""Walking in Ferson?""",42105772.0,"[{""edit_num"": 1, ""old"": ""Fresno"", ""new"": ""Ferson"", ""location"": ""any"", ""typo_type"": ""transposition"", ""difficulty"": ""hard"", ""word_index"": 4, ""char_indices"": [1, 4], ""operation_count"": 2}]",0.0,2,Bill Aken,1.0,1.0,1.0,,0.9888967799997772,
Qwen/Qwen3-4B,,hf,squad,5728f9342ca10214002dab53,idf,What do some believe about this pronunciation?,"Ludwig Krapf recorded the name as both Kenia and Kegnia believed by most to be a corruption of the Kamba version. Others say that this was—on the contrary—a very precise notation of a correct African pronunciation /ˈkɛnjə/. An 1882 map drawn by Joseph Thompsons, a Scottish geologist and naturalist, indicated Mt. Kenya as Mt. Kenia, 1862. Controversy over the actual meaning of the word Kenya notwithstanding, it is clear that the mountain's name became widely accepted, pars pro toto, as the name of the country.","[""a very precise notation of a correct African pronunciation"", ""precise"", ""precise""]",7,corrupted,transposition,any,1,1,True,hard,none,What do some believe about this pronuncaiiton?,42115779.0,"[{""edit_num"": 1, ""old"": ""pronunciation"", ""new"": ""pronuncaiiton"", ""location"": ""any"", ""typo_type"": ""transposition"", ""difficulty"": ""hard"", ""word_index"": 6, ""char_indices"": [7, 9], ""operation_count"": 2}]",0.0,2,some believe that this was a very precise notation of a correct African pronunciation /ˈkɛnjə/.,0.0,0.7000000000000001,1.0,,1.9799012759999641,
Qwen/Qwen3-4B,,hf,squad,5725ba5038643c19005acbea,idf,Who was the deputy administrator of NASA in 1960?,"In July 1960, NASA Deputy Administrator Hugh L. Dryden announced the Apollo program to industry representatives at a series of Space Task Group conferences. Preliminary specifications were laid out for a spacecraft with a mission module cabin separate from the command module (piloting and re-entry cabin), and a propulsion and equipment module. On August 30, a feasibility study competition was announced, and on October 25, three study contracts were awarded to General Dynamics/Convair, General Electric, and the Glenn L. Martin Company. Meanwhile, NASA performed its own in-house spacecraft design studies led by Maxime Faget, to serve as a gauge to judge and monitor the three industry designs.","[""Hugh L. Dryden"", ""Maxime Faget"", ""Hugh L. Dryden"", ""Hugh L. Dryden"", ""Hugh L. Dryden""]",8,corrupted,transposition,any,1,1,True,hard,none,Who was the edpuyt administrator of NASA in 1960?,42125786.0,"[{""edit_num"": 1, ""old"": ""deputy"", ""new"": ""edpuyt"", ""location"": ""any"", ""typo_type"": ""transposition"", ""difficulty"": ""hard"", ""word_index"": 3, ""char_indices"": [0, 4], ""operation_count"": 2}]",0.0,2,Hugh L. Dryden,1.0,1.0,1.0,,1.129563913000311,
Qwen/Qwen3-4B,,hf,squad,5730cb8df6cb411900e244c2,idf,What is the guidebook for local churches and pastors?,"The Book of Discipline is the guidebook for local churches and pastors and describes in considerable detail the organizational structure of local United Methodist churches. All UM churches must have a board of trustees with at least three members and no more than nine members and it is recommended that no gender should hold more than a 2/3 majority. All churches must also have a nominations committee, a finance committee and a church council or administrative council. Other committees are suggested but not required such as a missions committee, or evangelism or worship committee. Term limits are set for some committees but not for all. The church conference is an annual meeting of all the officers of the church and any interested members. This committee has the exclusive power to set pastors' salaries (compensation packages for tax purposes) and to elect officers to the committees.","[""The Book of Discipline"", ""The Book of Discipline"", ""The Book of Discipline""]",9,corrupted,transposition,any,1,1,True,hard,none,What is the guidebook for local hcurcehs and pastors?,42135793.0,"[{""edit_num"": 1, ""old"": ""churches"", ""new"": ""hcurcehs"", ""location"": ""any"", ""typo_type"": ""transposition"", ""difficulty"": ""hard"", ""word_index"": 6, ""char_indices"": [0, 5], ""operation_count"": 2}]",0.0,2,The Book of Discipline,1.0,1.0,1.0,,1.0882778689997394,
Qwen/Qwen3-4B,,hf,squad,5730b10b8ab72b1400f9c69e,idf,Is the UMC pro-life or pro-choice?,"The United Methodist Church upholds the sanctity of human life both of the child and the mother. As a result, the church is ""reluctant to affirm abortion as an acceptable practice,"" and condemns the use of late-term or partial birth abortion except as a medical necessity. The denomination as a whole is committed to ""assist[ing] the ministry of crisis pregnancy centers and pregnancy resource centers that compassionately help women find feasible alternatives to abortion."" Still, the denomination is pro-choice and also ""was a founding member of the Religious Coalition for Reproductive Choice...[and] 2008 General Conference [went] on record in support of the work of the Religious Coalition for Reproductive Choice"".","[""pro-choice"", ""pro-choice"", ""pro-choice""]",8,corrupted,transposition,any,1,1,True,hard,none,Is the UMC pro-life or pro-cohiec?,42145800.0,"[{""edit_num"": 1, ""old"": ""choice"", ""new"": ""cohiec"", ""location"": ""any"", ""typo_type"": ""transposition"", ""difficulty"": ""hard"", ""word_index"": 7, ""char_indices"": [1, 4], ""operation_count"": 2}]",0.0,2,pro-choice,1.0,1.0,1.0,,0.9504224219999742,
Qwen/Qwen3-4B,,hf,squad,5728d5793acd2414000dffb4,idf,Antigone was a play made by whom?,"One of the oldest depictions of civil disobedience is in Sophocles' play Antigone, in which Antigone, one of the daughters of former King of Thebes, Oedipus, defies Creon, the current King of Thebes, who is trying to stop her from giving her brother Polynices a proper burial. She gives a stirring speech in which she tells him that she must obey her conscience rather than human law. She is not at all afraid of the death he threatens her with (and eventually carries out), but she is afraid of how her conscience will smite her if she does not do this.","[""Sophocles"", ""Sophocles"", ""Sophocles"", ""Sophocles"", ""Sophocles""]",7,corrupted,transposition,any,1,1,True,hard,none,Antigone was a play made by hwmo?,42155807.0,"[{""edit_num"": 1, ""old"": ""whom"", ""new"": ""hwmo"", ""location"": ""any"", ""typo_type"": ""transposition"", ""difficulty"": ""hard"", ""word_index"": 6, ""char_indices"": [0, 2], ""operation_count"": 2}]",0.0,2,Sophocles,1.0,1.0,1.0,,1.0140624830000888,
Qwen/Qwen3-4B,,hf,squad,572655e5f1498d1400e8dc61,idf,What is the main component of the aboral organ?,"The largest single sensory feature is the aboral organ (at the opposite end from the mouth). Its main component is a statocyst, a balance sensor consisting of a statolith, a solid particle supported on four bundles of cilia, called ""balancers"", that sense its orientation. The statocyst is protected by a transparent dome made of long, immobile cilia. A ctenophore does not automatically try to keep the statolith resting equally on all the balancers. Instead its response is determined by the animal's ""mood"", in other words the overall state of the nervous system. For example, if a ctenophore with trailing tentacles captures prey, it will often put some comb rows into reverse, spinning the mouth towards the prey.","[""a statocyst"", ""statocyst"", ""statocyst""]",9,corrupted,transposition,any,1,1,True,hard,none,What is the main component of the aboral ogrna?,42165814.0,"[{""edit_num"": 1, ""old"": ""organ"", ""new"": ""ogrna"", ""location"": ""any"", ""typo_type"": ""transposition"", ""difficulty"": ""hard"", ""word_index"": 8, ""char_indices"": [1, 3], ""operation_count"": 2}]",0.0,2,Statocyst,1.0,1.0,1.0,,1.029738832000021,
Qwen/Qwen3-4B,,hf,squad,572a12386aef051400155235,idf,Hormones released during sleep support the interaction of T-cells and what species?,"In addition to the negative consequences of sleep deprivation, sleep and the intertwined circadian system have been shown to have strong regulatory effects on immunological functions affecting both the innate and the adaptive immunity. First, during the early slow-wave-sleep stage, a sudden drop in blood levels of cortisol, epinephrine, and norepinephrine induce increased blood levels of the hormones leptin, pituitary growth hormone, and prolactin. These signals induce a pro-inflammatory state through the production of the pro-inflammatory cytokines interleukin-1, interleukin-12, TNF-alpha and IFN-gamma. These cytokines then stimulate immune functions such as immune cells activation, proliferation, and differentiation. It is during this time that undifferentiated, or less differentiated, like naïve and central memory T cells, peak (i.e. during a time of a slowly evolving adaptive immune response). In addition to these effects, the milieu of hormones produced at this time (leptin, pituitary growth hormone, and prolactin) support the interactions between APCs and T-cells, a shift of the Th1/Th2 cytokine balance towards one that supports Th1, an increase in overall Th cell proliferation, and naïve T cell migration to lymph nodes. This milieu is also thought to support the formation of long-lasting immune memory through the initiation of Th1 immune responses.","[""APCs"", ""APCs"", ""APCs""]",13,corrupted,transposition,any,1,1,True,hard,none,Hormones released during selpe support the interaction of T-cells and what species?,42175821.0,"[{""edit_num"": 1, ""old"": ""sleep"", ""new"": ""selpe"", ""location"": ""any"", ""typo_type"": ""transposition"", ""difficulty"": ""hard"", ""word_index"": 3, ""char_indices"": [1, 3], ""operation_count"": 2}]",0.0,2,APCs,1.0,1.0,1.0,,1.4199421640000764,
Qwen/Qwen3-4B,,hf,squad,571c97e2dd7acb1400e4c11e,idf,Where does oxygen rank by mass in the planet's biosphere?,"Oxygen is the most abundant chemical element by mass in the Earth's biosphere, air, sea and land. Oxygen is the third most abundant chemical element in the universe, after hydrogen and helium. About 0.9% of the Sun's mass is oxygen. Oxygen constitutes 49.2% of the Earth's crust by mass and is the major component of the world's oceans (88.8% by mass). Oxygen gas is the second most common component of the Earth's atmosphere, taking up 20.8% of its volume and 23.1% of its mass (some 1015 tonnes).[d] Earth is unusual among the planets of the Solar System in having such a high concentration of oxygen gas in its atmosphere: Mars (with 0.1% O
2 by volume) and Venus have far lower concentrations. The O
2 surrounding these other planets is produced solely by ultraviolet radiation impacting oxygen-containing molecules such as carbon dioxide.","[""most abundant"", ""most"", ""most abundant"", ""most abundant"", ""most abundant""]",11,corrupted,transposition,any,1,1,True,hard,none,Where does oxygen rank by mass in the lpnaet's biosphere?,42185828.0,"[{""edit_num"": 1, ""old"": ""planet"", ""new"": ""lpnaet"", ""location"": ""any"", ""typo_type"": ""transposition"", ""difficulty"": ""hard"", ""word_index"": 8, ""char_indices"": [0, 2], ""operation_count"": 2}]",0.0,2,Most abundant,1.0,1.0,1.0,,1.2010843220000424,
Qwen/Qwen3-4B,,hf,squad,5728ec6a4b864d19001650ae,idf,What type of sentences were the protesters given?,"When the Committee for Non-Violent Action sponsored a protest in August 1957, at the Camp Mercury nuclear test site near Las Vegas, Nevada, 13 of the protesters attempted to enter the test site knowing that they faced arrest. At a pre-arranged announced time, one at a time they stepped across the ""line"" and were immediately arrested. They were put on a bus and taken to the Nye County seat of Tonopah, Nevada, and arraigned for trial before the local Justice of the Peace, that afternoon. A well known civil rights attorney, Francis Heisler, had volunteered to defend the arrested persons, advising them to plead ""nolo contendere"", as an alternative to pleading either guilty or not-guilty. The arrested persons were found ""guilty,"" nevertheless, and given suspended sentences, conditional on their not reentering the test site grounds.[citation needed]","[""suspended sentences"", ""suspended sentences"", ""suspended"", ""suspended"", ""suspended""]",8,corrupted,transposition,any,1,1,True,hard,none,What type of sentences ewer the protesters given?,42195835.0,"[{""edit_num"": 1, ""old"": ""were"", ""new"": ""ewer"", ""location"": ""any"", ""typo_type"": ""transposition"", ""difficulty"": ""hard"", ""word_index"": 4, ""char_indices"": [0, 2], ""operation_count"": 2}]",0.0,2,suspended sentences,1.0,1.0,1.0,,1.2599028209997414,
Qwen/Qwen3-4B,,hf,squad,572fffb404bcaa1900d76ff2,idf,When did rapid warming begin and help vegetation?,"As northwest Europe slowly began to warm up from 22,000 years ago onward, frozen subsoil and expanded alpine glaciers began to thaw and fall-winter snow covers melted in spring. Much of the discharge was routed to the Rhine and its downstream extension. Rapid warming and changes of vegetation, to open forest, began about 13,000 BP. By 9000 BP, Europe was fully forested. With globally shrinking ice-cover, ocean water levels rose and the English Channel and North Sea re-inundated. Meltwater, adding to the ocean and land subsidence, drowned the former coasts of Europe transgressionally.","[""13,000 BP"", ""13,000 BP"", ""13,000 BP""]",8,corrupted,transposition,any,2,2,True,hard,none,hWne did rapid warming bgeni and help vegetation?,42005702.0,"[{""edit_num"": 1, ""old"": ""begin"", ""new"": ""bgeni"", ""location"": ""any"", ""typo_type"": ""transposition"", ""difficulty"": ""hard"", ""word_index"": 4, ""char_indices"": [1, 3], ""operation_count"": 2}, {""edit_num"": 2, ""old"": ""When"", ""new"": ""hWne"", ""location"": ""any"", ""typo_type"": ""transposition"", ""difficulty"": ""hard"", ""word_index"": 0, ""char_indices"": [0, 2], ""operation_count"": 2}]",0.0,4,"13,000 BP.",1.0,1.0,1.0,,1.2632378710000012,
Qwen/Qwen3-4B,,hf,squad,5725bd4b38643c19005acc33,idf,How long did it take Johnson to respond to Kennedy?,"On April 20, Kennedy sent a memo to Vice President Lyndon B. Johnson, asking Johnson to look into the status of America's space program, and into programs that could offer NASA the opportunity to catch up. Johnson responded approximately one week later, concluding that ""we are neither making maximum effort nor achieving results necessary if this country is to reach a position of leadership."" His memo concluded that a manned Moon landing was far enough in the future that it was likely the United States would achieve it first.","[""approximately one week"", ""one week"", ""one week"", ""one week"", ""one week""]",10,corrupted,transposition,any,2,2,True,hard,none,How olgn did it take Johnson to respond to eKnendy?,42015709.0,"[{""edit_num"": 1, ""old"": ""long"", ""new"": ""olgn"", ""location"": ""any"", ""typo_type"": ""transposition"", ""difficulty"": ""hard"", ""word_index"": 1, ""char_indices"": [0, 2], ""operation_count"": 2}, {""edit_num"": 2, ""old"": ""Kennedy"", ""new"": ""eKnendy"", ""location"": ""any"", ""typo_type"": ""transposition"", ""difficulty"": ""hard"", ""word_index"": 9, ""char_indices"": [0, 3], ""operation_count"": 2}]",0.0,4,one week,1.0,1.0,1.0,,0.7586135709998416,
Qwen/Qwen3-4B,,hf,squad,56e1cbe2cd28a01900c67bae,idf,What measurement of time is used in polynomial time reduction?,"The most commonly used reduction is a polynomial-time reduction. This means that the reduction process takes polynomial time. For example, the problem of squaring an integer can be reduced to the problem of multiplying two integers. This means an algorithm for multiplying two integers can be used to square an integer. Indeed, this can be done by giving the same input to both inputs of the multiplication algorithm. Thus we see that squaring is not more difficult than multiplication, since squaring can be reduced to multiplication.","[""polynomial time"", ""polynomial"", ""polynomial time""]",10,corrupted,transposition,any,2,2,True,hard,none,What measurement of time is used in ploynomail item reduction?,42025716.0,"[{""edit_num"": 1, ""old"": ""polynomial"", ""new"": ""ploynomail"", ""location"": ""any"", ""typo_type"": ""transposition"", ""difficulty"": ""hard"", ""word_index"": 7, ""char_indices"": [1, 7], ""operation_count"": 2}, {""edit_num"": 2, ""old"": ""time"", ""new"": ""item"", ""location"": ""any"", ""typo_type"": ""transposition"", ""difficulty"": ""hard"", ""word_index"": 8, ""char_indices"": [0, 2], ""operation_count"": 2}]",0.0,4,polynomial-time,0.0,0.0,1.0,,0.8091905760002192,
Qwen/Qwen3-4B,,hf,squad,5729f39a6aef05140015514d,idf,What is the receptor that killer T cells use to bind to specific antigens that are complexed with the MHC Class 1 receptor of another cell?,"Killer T cells are a sub-group of T cells that kill cells that are infected with viruses (and other pathogens), or are otherwise damaged or dysfunctional. As with B cells, each type of T cell recognizes a different antigen. Killer T cells are activated when their T cell receptor (TCR) binds to this specific antigen in a complex with the MHC Class I receptor of another cell. Recognition of this MHC:antigen complex is aided by a co-receptor on the T cell, called CD8. The T cell then travels throughout the body in search of cells where the MHC I receptors bear this antigen. When an activated T cell contacts such cells, it releases cytotoxins, such as perforin, which form pores in the target cell's plasma membrane, allowing ions, water and toxins to enter. The entry of another toxin called granulysin (a protease) induces the target cell to undergo apoptosis. T cell killing of host cells is particularly important in preventing the replication of viruses. T cell activation is tightly controlled and generally requires a very strong MHC/antigen activation signal, or additional activation signals provided by ""helper"" T cells (see below).","[""T cell receptor (TCR)"", ""T cell receptor"", ""T cell receptor (TCR)""]",25,corrupted,transposition,any,2,2,True,hard,none,What is the receptor that killer T cells use to bind to specific antigens htta are complexed with the MHC lCsas 1 receptor of another cell?,42035723.0,"[{""edit_num"": 1, ""old"": ""Class"", ""new"": ""lCsas"", ""location"": ""any"", ""typo_type"": ""transposition"", ""difficulty"": ""hard"", ""word_index"": 20, ""char_indices"": [0, 2], ""operation_count"": 2}, {""edit_num"": 2, ""old"": ""that"", ""new"": ""htta"", ""location"": ""any"", ""typo_type"": ""transposition"", ""difficulty"": ""hard"", ""word_index"": 14, ""char_indices"": [0, 2], ""operation_count"": 2}]",0.0,4,T cell receptor (TCR),1.0,1.0,1.0,,1.6481843890001073,
Qwen/Qwen3-4B,,hf,squad,571136b8a58dae1900cd6d22,idf,"Along with poppet valve gears, what type of gears utilized separate admission and exhaust valves to give ideal events?","In the 1840s and 50s, there were attempts to overcome this problem by means of various patent valve gears with a separate, variable cutoff expansion valve riding on the back of the main slide valve; the latter usually had fixed or limited cutoff. The combined setup gave a fair approximation of the ideal events, at the expense of increased friction and wear, and the mechanism tended to be complicated. The usual compromise solution has been to provide lap by lengthening rubbing surfaces of the valve in such a way as to overlap the port on the admission side, with the effect that the exhaust side remains open for a longer period after cut-off on the admission side has occurred. This expedient has since been generally considered satisfactory for most purposes and makes possible the use of the simpler Stephenson, Joy and Walschaerts motions. Corliss, and later, poppet valve gears had separate admission and exhaust valves driven by trip mechanisms or cams profiled so as to give ideal events; most of these gears never succeeded outside of the stationary marketplace due to various other issues including leakage and more delicate mechanisms.","[""Corliss"", ""patent valve"", ""Corliss""]",19,corrupted,transposition,any,2,2,True,hard,none,"Along with poppet valve gears, what type of gears utilized separate daimssion and exhaust valves to give ideal evnest?",42045730.0,"[{""edit_num"": 1, ""old"": ""admission"", ""new"": ""daimssion"", ""location"": ""any"", ""typo_type"": ""transposition"", ""difficulty"": ""hard"", ""word_index"": 11, ""char_indices"": [0, 2], ""operation_count"": 2}, {""edit_num"": 2, ""old"": ""events"", ""new"": ""evnest"", ""location"": ""any"", ""typo_type"": ""transposition"", ""difficulty"": ""hard"", ""word_index"": 18, ""char_indices"": [2, 4], ""operation_count"": 2}]",0.0,4,Corliss,1.0,1.0,1.0,,1.243596948999766,
Qwen/Qwen3-4B,,hf,squad,56e089ab231d4119001ac285,idf,When was a patent-sharing agreement signed between Westinghouse Electric and General Electric?,"The mid 1890s saw the conglomerate General Electric, backed by financier J. P. Morgan, involved in takeover attempts and patent battles with Westinghouse Electric. Although a patent-sharing agreement was signed between the two companies in 1896 Westinghouse was still cash-strapped from the financial warfare. To secure further loans, Westinghouse was forced to revisit Tesla's AC patent, which bankers considered a financial strain on the company (at that point Westinghouse had paid out an estimated $200,000 in licenses and royalties to Tesla, Brown, and Peck). In 1897, Westinghouse explained his financial difficulties to Tesla in stark terms, saying that if things continue the way they were he would no longer be in control of Westinghouse Electric and Tesla would have to ""deal with the bankers"" to try to collect future royalties. Westinghouse convinced Tesla to release his company from the licensing agreement over Tesla's AC patents in exchange for Westinghouse Electric purchasing the patents for a lump sum payment of $216,000; this provided Westinghouse a break from what, due to alternating current's rapid gain in popularity, had turned out to be an overly generous $2.50 per AC horsepower royalty.","[""1896"", ""1896"", ""1896""]",13,corrupted,transposition,any,2,2,True,hard,none,When was a patent-sharing agreement signed btewene Wesitnghuose Electric and General Electric?,42055737.0,"[{""edit_num"": 1, ""old"": ""Westinghouse"", ""new"": ""Wesitnghuose"", ""location"": ""any"", ""typo_type"": ""transposition"", ""difficulty"": ""hard"", ""word_index"": 8, ""char_indices"": [3, 8], ""operation_count"": 2}, {""edit_num"": 2, ""old"": ""between"", ""new"": ""btewene"", ""location"": ""any"", ""typo_type"": ""transposition"", ""difficulty"": ""hard"", ""word_index"": 7, ""char_indices"": [1, 5], ""operation_count"": 2}]",0.0,4,1896,1.0,1.0,1.0,,1.500881305999883,
Qwen/Qwen3-4B,,hf,squad,570d29c2b3d812140066d4c0,idf,How many Victorians are Buddhist?,"About 61.1% of Victorians describe themselves as Christian. Roman Catholics form the single largest religious group in the state with 26.7% of the Victorian population, followed by Anglicans and members of the Uniting Church. Buddhism is the state's largest non-Christian religion, with 168,637 members as of the most recent census. Victoria is also home of 152,775 Muslims and 45,150 Jews. Hinduism is the fastest growing religion. Around 20% of Victorians claim no religion. Amongst those who declare a religious affiliation, church attendance is low.","[""168,637"", ""168,637"", ""168,637""]",5,corrupted,transposition,any,2,2,True,hard,none,How amyn Victoirnas are Buddhist?,42065744.0,"[{""edit_num"": 1, ""old"": ""many"", ""new"": ""amyn"", ""location"": ""any"", ""typo_type"": ""transposition"", ""difficulty"": ""hard"", ""word_index"": 1, ""char_indices"": [0, 2], ""operation_count"": 2}, {""edit_num"": 2, ""old"": ""Victorians"", ""new"": ""Victoirnas"", ""location"": ""any"", ""typo_type"": ""transposition"", ""difficulty"": ""hard"", ""word_index"": 2, ""char_indices"": [5, 7], ""operation_count"": 2}]",0.0,4,"168,637",1.0,1.0,1.0,,1.1959530469998754,
Qwen/Qwen3-4B,,hf,squad,57267ebfdd62a815002e872c,idf,Zones in which mountains are built along convergent tectonic plate boundaries are called what?,"Among the most well-known experiments in structural geology are those involving orogenic wedges, which are zones in which mountains are built along convergent tectonic plate boundaries. In the analog versions of these experiments, horizontal layers of sand are pulled along a lower surface into a back stop, which results in realistic-looking patterns of faulting and the growth of a critically tapered (all angles remain the same) orogenic wedge. Numerical models work in the same way as these analog models, though they are often more sophisticated and can include patterns of erosion and uplift in the mountain belt. This helps to show the relationship between erosion and the shape of the mountain range. These studies can also give useful information about pathways for metamorphism through pressure, temperature, space, and time.","[""orogenic wedges"", ""orogenic wedges"", ""orogenic wedges""]",14,corrupted,transposition,any,2,2,True,hard,none,Zones in which mountains are built laogn convergent tectonic plate boundaries are acllde what?,42075751.0,"[{""edit_num"": 1, ""old"": ""along"", ""new"": ""laogn"", ""location"": ""any"", ""typo_type"": ""transposition"", ""difficulty"": ""hard"", ""word_index"": 6, ""char_indices"": [0, 3], ""operation_count"": 2}, {""edit_num"": 2, ""old"": ""called"", ""new"": ""acllde"", ""location"": ""any"", ""typo_type"": ""transposition"", ""difficulty"": ""hard"", ""word_index"": 12, ""char_indices"": [0, 4], ""operation_count"": 2}]",0.0,4,orogenic wedges,1.0,1.0,1.0,,1.0680821340001785,
Qwen/Qwen3-4B,,hf,squad,57115e532419e314009555b1,idf,What was compounding seen as being in the locomotive construction industry?,"The adoption of compounding was common for industrial units, for road engines and almost universal for marine engines after 1880; it was not universally popular in railway locomotives where it was often perceived as complicated. This is partly due to the harsh railway operating environment and limited space afforded by the loading gauge (particularly in Britain, where compounding was never common and not employed after 1930). However, although never in the majority, it was popular in many other countries.","[""complicated"", ""complicated"", ""complicated""]",11,corrupted,transposition,any,2,2,True,hard,none,What was copmounidng seen as being in the olcomotiev construction industry?,42085758.0,"[{""edit_num"": 1, ""old"": ""locomotive"", ""new"": ""olcomotiev"", ""location"": ""any"", ""typo_type"": ""transposition"", ""difficulty"": ""hard"", ""word_index"": 8, ""char_indices"": [0, 8], ""operation_count"": 2}, {""edit_num"": 2, ""old"": ""compounding"", ""new"": ""copmounidng"", ""location"": ""any"", ""typo_type"": ""transposition"", ""difficulty"": ""hard"", ""word_index"": 2, ""char_indices"": [2, 7], ""operation_count"": 2}]",0.0,4,complicated,1.0,1.0,1.0,,0.7515954760001478,
Qwen/Qwen3-4B,,hf,squad,5726e3c4dd62a815002e9405,idf,What is the origin of clinical pharmacy?,"Pharmacists provide direct patient care services that optimizes the use of medication and promotes health, wellness, and disease prevention. Clinical pharmacists care for patients in all health care settings, but the clinical pharmacy movement initially began inside hospitals and clinics. Clinical pharmacists often collaborate with physicians and other healthcare professionals to improve pharmaceutical care. Clinical pharmacists are now an integral part of the interdisciplinary approach to patient care. They often participate in patient care rounds drug product selection.","[""inside hospitals and clinics"", ""inside hospitals and clinics"", ""the clinical pharmacy movement initially began inside hospitals and clinics""]",7,corrupted,transposition,any,2,2,True,hard,none,What is the orgini of clincila pharmacy?,42095765.0,"[{""edit_num"": 1, ""old"": ""clinical"", ""new"": ""clincila"", ""location"": ""any"", ""typo_type"": ""transposition"", ""difficulty"": ""hard"", ""word_index"": 5, ""char_indices"": [4, 6], ""operation_count"": 2}, {""edit_num"": 2, ""old"": ""origin"", ""new"": ""orgini"", ""location"": ""any"", ""typo_type"": ""transposition"", ""difficulty"": ""hard"", ""word_index"": 3, ""char_indices"": [2, 4], ""operation_count"": 2}]",0.0,4,hospitals and clinics,0.0,0.8571428571428571,0.0,,0.9931202459997621,
Qwen/Qwen3-4B,,hf,squad,5725d42a89a1e219009abf58,idf,"Who wrote ""Walking in Fresno?""","In the 1970s, the city was the subject of a song, ""Walking Into Fresno"", written by Hall Of Fame guitarist Bill Aken and recorded by Bob Gallion of the world-famous ""WWVA Jamboree"" radio and television show in Wheeling, West Virginia. Aken, adopted by Mexican movie actress Lupe Mayorga, grew up in the neighboring town of Madera and his song chronicled the hardships faced by the migrant farm workers he saw as a child. Aken also made his first TV appearance playing guitar on the old country-western show at The Fresno Barn.","[""Bill Aken"", ""Bill Aken"", ""Bill Aken""]",5,corrupted,transposition,any,2,2,True,hard,none,"Who wrote ""aWlknig in Ferson?""",42105772.0,"[{""edit_num"": 1, ""old"": ""Fresno"", ""new"": ""Ferson"", ""location"": ""any"", ""typo_type"": ""transposition"", ""difficulty"": ""hard"", ""word_index"": 4, ""char_indices"": [1, 4], ""operation_count"": 2}, {""edit_num"": 2, ""old"": ""Walking"", ""new"": ""aWlknig"", ""location"": ""any"", ""typo_type"": ""transposition"", ""difficulty"": ""hard"", ""word_index"": 2, ""char_indices"": [0, 4], ""operation_count"": 2}]",0.0,4,Bill Aken,1.0,1.0,1.0,,1.0370482809998975,
Qwen/Qwen3-4B,,hf,squad,5728f9342ca10214002dab53,idf,What do some believe about this pronunciation?,"Ludwig Krapf recorded the name as both Kenia and Kegnia believed by most to be a corruption of the Kamba version. Others say that this was—on the contrary—a very precise notation of a correct African pronunciation /ˈkɛnjə/. An 1882 map drawn by Joseph Thompsons, a Scottish geologist and naturalist, indicated Mt. Kenya as Mt. Kenia, 1862. Controversy over the actual meaning of the word Kenya notwithstanding, it is clear that the mountain's name became widely accepted, pars pro toto, as the name of the country.","[""a very precise notation of a correct African pronunciation"", ""precise"", ""precise""]",7,corrupted,transposition,any,2,2,True,hard,none,What do some believe aobtu this pronuncaiiton?,42115779.0,"[{""edit_num"": 1, ""old"": ""pronunciation"", ""new"": ""pronuncaiiton"", ""location"": ""any"", ""typo_type"": ""transposition"", ""difficulty"": ""hard"", ""word_index"": 6, ""char_indices"": [7, 9], ""operation_count"": 2}, {""edit_num"": 2, ""old"": ""about"", ""new"": ""aobtu"", ""location"": ""any"", ""typo_type"": ""transposition"", ""difficulty"": ""hard"", ""word_index"": 4, ""char_indices"": [1, 3], ""operation_count"": 2}]",0.0,4,corruption of the Kamba version,0.0,0.18181818181818182,0.0,,1.3241555439999502,
Qwen/Qwen3-4B,,hf,squad,5725ba5038643c19005acbea,idf,Who was the deputy administrator of NASA in 1960?,"In July 1960, NASA Deputy Administrator Hugh L. Dryden announced the Apollo program to industry representatives at a series of Space Task Group conferences. Preliminary specifications were laid out for a spacecraft with a mission module cabin separate from the command module (piloting and re-entry cabin), and a propulsion and equipment module. On August 30, a feasibility study competition was announced, and on October 25, three study contracts were awarded to General Dynamics/Convair, General Electric, and the Glenn L. Martin Company. Meanwhile, NASA performed its own in-house spacecraft design studies led by Maxime Faget, to serve as a gauge to judge and monitor the three industry designs.","[""Hugh L. Dryden"", ""Maxime Faget"", ""Hugh L. Dryden"", ""Hugh L. Dryden"", ""Hugh L. Dryden""]",8,corrupted,transposition,any,2,2,True,hard,none,Who was the edpuyt admiinstrtaor of NASA in 1960?,42125786.0,"[{""edit_num"": 1, ""old"": ""deputy"", ""new"": ""edpuyt"", ""location"": ""any"", ""typo_type"": ""transposition"", ""difficulty"": ""hard"", ""word_index"": 3, ""char_indices"": [0, 4], ""operation_count"": 2}, {""edit_num"": 2, ""old"": ""administrator"", ""new"": ""admiinstrtaor"", ""location"": ""any"", ""typo_type"": ""transposition"", ""difficulty"": ""hard"", ""word_index"": 4, ""char_indices"": [4, 9], ""operation_count"": 2}]",0.0,4,Hugh L. Dryden,1.0,1.0,1.0,,1.1042893310000181,
Qwen/Qwen3-4B,,hf,squad,5730cb8df6cb411900e244c2,idf,What is the guidebook for local churches and pastors?,"The Book of Discipline is the guidebook for local churches and pastors and describes in considerable detail the organizational structure of local United Methodist churches. All UM churches must have a board of trustees with at least three members and no more than nine members and it is recommended that no gender should hold more than a 2/3 majority. All churches must also have a nominations committee, a finance committee and a church council or administrative council. Other committees are suggested but not required such as a missions committee, or evangelism or worship committee. Term limits are set for some committees but not for all. The church conference is an annual meeting of all the officers of the church and any interested members. This committee has the exclusive power to set pastors' salaries (compensation packages for tax purposes) and to elect officers to the committees.","[""The Book of Discipline"", ""The Book of Discipline"", ""The Book of Discipline""]",9,corrupted,transposition,any,2,2,True,hard,none,hWta is the guidebook for local hcurcehs and pastors?,42135793.0,"[{""edit_num"": 1, ""old"": ""churches"", ""new"": ""hcurcehs"", ""location"": ""any"", ""typo_type"": ""transposition"", ""difficulty"": ""hard"", ""word_index"": 6, ""char_indices"": [0, 5], ""operation_count"": 2}, {""edit_num"": 2, ""old"": ""What"", ""new"": ""hWta"", ""location"": ""any"", ""typo_type"": ""transposition"", ""difficulty"": ""hard"", ""word_index"": 0, ""char_indices"": [0, 2], ""operation_count"": 2}]",0.0,4,The Book of Discipline,1.0,1.0,1.0,,1.067481878000308,
Qwen/Qwen3-4B,,hf,squad,5730b10b8ab72b1400f9c69e,idf,Is the UMC pro-life or pro-choice?,"The United Methodist Church upholds the sanctity of human life both of the child and the mother. As a result, the church is ""reluctant to affirm abortion as an acceptable practice,"" and condemns the use of late-term or partial birth abortion except as a medical necessity. The denomination as a whole is committed to ""assist[ing] the ministry of crisis pregnancy centers and pregnancy resource centers that compassionately help women find feasible alternatives to abortion."" Still, the denomination is pro-choice and also ""was a founding member of the Religious Coalition for Reproductive Choice...[and] 2008 General Conference [went] on record in support of the work of the Religious Coalition for Reproductive Choice"".","[""pro-choice"", ""pro-choice"", ""pro-choice""]",8,corrupted,transposition,any,2,2,True,hard,none,Is the UMC pro-ilef or pro-cohiec?,42145800.0,"[{""edit_num"": 1, ""old"": ""choice"", ""new"": ""cohiec"", ""location"": ""any"", ""typo_type"": ""transposition"", ""difficulty"": ""hard"", ""word_index"": 7, ""char_indices"": [1, 4], ""operation_count"": 2}, {""edit_num"": 2, ""old"": ""life"", ""new"": ""ilef"", ""location"": ""any"", ""typo_type"": ""transposition"", ""difficulty"": ""hard"", ""word_index"": 4, ""char_indices"": [0, 2], ""operation_count"": 2}]",0.0,4,pro-choice,1.0,1.0,1.0,,0.9497267769997961,
Qwen/Qwen3-4B,,hf,squad,5728d5793acd2414000dffb4,idf,Antigone was a play made by whom?,"One of the oldest depictions of civil disobedience is in Sophocles' play Antigone, in which Antigone, one of the daughters of former King of Thebes, Oedipus, defies Creon, the current King of Thebes, who is trying to stop her from giving her brother Polynices a proper burial. She gives a stirring speech in which she tells him that she must obey her conscience rather than human law. She is not at all afraid of the death he threatens her with (and eventually carries out), but she is afraid of how her conscience will smite her if she does not do this.","[""Sophocles"", ""Sophocles"", ""Sophocles"", ""Sophocles"", ""Sophocles""]",7,corrupted,transposition,any,2,2,True,hard,none,Antiogen was a play made by hwmo?,42155807.0,"[{""edit_num"": 1, ""old"": ""whom"", ""new"": ""hwmo"", ""location"": ""any"", ""typo_type"": ""transposition"", ""difficulty"": ""hard"", ""word_index"": 6, ""char_indices"": [0, 2], ""operation_count"": 2}, {""edit_num"": 2, ""old"": ""Antigone"", ""new"": ""Antiogen"", ""location"": ""any"", ""typo_type"": ""transposition"", ""difficulty"": ""hard"", ""word_index"": 0, ""char_indices"": [4, 6], ""operation_count"": 2}]",0.0,4,Sophocles,1.0,1.0,1.0,,0.988194439000381,
Qwen/Qwen3-4B,,hf,squad,572655e5f1498d1400e8dc61,idf,What is the main component of the aboral organ?,"The largest single sensory feature is the aboral organ (at the opposite end from the mouth). Its main component is a statocyst, a balance sensor consisting of a statolith, a solid particle supported on four bundles of cilia, called ""balancers"", that sense its orientation. The statocyst is protected by a transparent dome made of long, immobile cilia. A ctenophore does not automatically try to keep the statolith resting equally on all the balancers. Instead its response is determined by the animal's ""mood"", in other words the overall state of the nervous system. For example, if a ctenophore with trailing tentacles captures prey, it will often put some comb rows into reverse, spinning the mouth towards the prey.","[""a statocyst"", ""statocyst"", ""statocyst""]",9,corrupted,transposition,any,2,2,True,hard,none,What is the main component of the baorla ogrna?,42165814.0,"[{""edit_num"": 1, ""old"": ""organ"", ""new"": ""ogrna"", ""location"": ""any"", ""typo_type"": ""transposition"", ""difficulty"": ""hard"", ""word_index"": 8, ""char_indices"": [1, 3], ""operation_count"": 2}, {""edit_num"": 2, ""old"": ""aboral"", ""new"": ""baorla"", ""location"": ""any"", ""typo_type"": ""transposition"", ""difficulty"": ""hard"", ""word_index"": 7, ""char_indices"": [0, 4], ""operation_count"": 2}]",0.0,4,statocyst,1.0,1.0,1.0,,1.02201194700001,
Qwen/Qwen3-4B,,hf,squad,572a12386aef051400155235,idf,Hormones released during sleep support the interaction of T-cells and what species?,"In addition to the negative consequences of sleep deprivation, sleep and the intertwined circadian system have been shown to have strong regulatory effects on immunological functions affecting both the innate and the adaptive immunity. First, during the early slow-wave-sleep stage, a sudden drop in blood levels of cortisol, epinephrine, and norepinephrine induce increased blood levels of the hormones leptin, pituitary growth hormone, and prolactin. These signals induce a pro-inflammatory state through the production of the pro-inflammatory cytokines interleukin-1, interleukin-12, TNF-alpha and IFN-gamma. These cytokines then stimulate immune functions such as immune cells activation, proliferation, and differentiation. It is during this time that undifferentiated, or less differentiated, like naïve and central memory T cells, peak (i.e. during a time of a slowly evolving adaptive immune response). In addition to these effects, the milieu of hormones produced at this time (leptin, pituitary growth hormone, and prolactin) support the interactions between APCs and T-cells, a shift of the Th1/Th2 cytokine balance towards one that supports Th1, an increase in overall Th cell proliferation, and naïve T cell migration to lymph nodes. This milieu is also thought to support the formation of long-lasting immune memory through the initiation of Th1 immune responses.","[""APCs"", ""APCs"", ""APCs""]",13,corrupted,transposition,any,2,2,True,hard,none,Hormones released during selpe support the interaction of T-clesl and what species?,42175821.0,"[{""edit_num"": 1, ""old"": ""sleep"", ""new"": ""selpe"", ""location"": ""any"", ""typo_type"": ""transposition"", ""difficulty"": ""hard"", ""word_index"": 3, ""char_indices"": [1, 3], ""operation_count"": 2}, {""edit_num"": 2, ""old"": ""cells"", ""new"": ""clesl"", ""location"": ""any"", ""typo_type"": ""transposition"", ""difficulty"": ""hard"", ""word_index"": 9, ""char_indices"": [1, 3], ""operation_count"": 2}]",0.0,4,APCs,1.0,1.0,1.0,,1.4015503929999795,
Qwen/Qwen3-4B,,hf,squad,571c97e2dd7acb1400e4c11e,idf,Where does oxygen rank by mass in the planet's biosphere?,"Oxygen is the most abundant chemical element by mass in the Earth's biosphere, air, sea and land. Oxygen is the third most abundant chemical element in the universe, after hydrogen and helium. About 0.9% of the Sun's mass is oxygen. Oxygen constitutes 49.2% of the Earth's crust by mass and is the major component of the world's oceans (88.8% by mass). Oxygen gas is the second most common component of the Earth's atmosphere, taking up 20.8% of its volume and 23.1% of its mass (some 1015 tonnes).[d] Earth is unusual among the planets of the Solar System in having such a high concentration of oxygen gas in its atmosphere: Mars (with 0.1% O
2 by volume) and Venus have far lower concentrations. The O
2 surrounding these other planets is produced solely by ultraviolet radiation impacting oxygen-containing molecules such as carbon dioxide.","[""most abundant"", ""most"", ""most abundant"", ""most abundant"", ""most abundant""]",11,corrupted,transposition,any,2,2,True,hard,none,Where does xogyen rank by mass in the lpnaet's biosphere?,42185828.0,"[{""edit_num"": 1, ""old"": ""planet"", ""new"": ""lpnaet"", ""location"": ""any"", ""typo_type"": ""transposition"", ""difficulty"": ""hard"", ""word_index"": 8, ""char_indices"": [0, 2], ""operation_count"": 2}, {""edit_num"": 2, ""old"": ""oxygen"", ""new"": ""xogyen"", ""location"": ""any"", ""typo_type"": ""transposition"", ""difficulty"": ""hard"", ""word_index"": 2, ""char_indices"": [0, 2], ""operation_count"": 2}]",0.0,4,Most abundant,1.0,1.0,1.0,,1.1745794989997194,
Qwen/Qwen3-4B,,hf,squad,5728ec6a4b864d19001650ae,idf,What type of sentences were the protesters given?,"When the Committee for Non-Violent Action sponsored a protest in August 1957, at the Camp Mercury nuclear test site near Las Vegas, Nevada, 13 of the protesters attempted to enter the test site knowing that they faced arrest. At a pre-arranged announced time, one at a time they stepped across the ""line"" and were immediately arrested. They were put on a bus and taken to the Nye County seat of Tonopah, Nevada, and arraigned for trial before the local Justice of the Peace, that afternoon. A well known civil rights attorney, Francis Heisler, had volunteered to defend the arrested persons, advising them to plead ""nolo contendere"", as an alternative to pleading either guilty or not-guilty. The arrested persons were found ""guilty,"" nevertheless, and given suspended sentences, conditional on their not reentering the test site grounds.[citation needed]","[""suspended sentences"", ""suspended sentences"", ""suspended"", ""suspended"", ""suspended""]",8,corrupted,transposition,any,2,2,True,hard,none,What type of sentences ewer the prtoestesr given?,42195835.0,"[{""edit_num"": 1, ""old"": ""were"", ""new"": ""ewer"", ""location"": ""any"", ""typo_type"": ""transposition"", ""difficulty"": ""hard"", ""word_index"": 4, ""char_indices"": [0, 2], ""operation_count"": 2}, {""edit_num"": 2, ""old"": ""protesters"", ""new"": ""prtoestesr"", ""location"": ""any"", ""typo_type"": ""transposition"", ""difficulty"": ""hard"", ""word_index"": 6, ""char_indices"": [2, 8], ""operation_count"": 2}]",0.0,4,suspended sentences,1.0,1.0,1.0,,1.2202535479996186,
Qwen/Qwen3-4B,,hf,squad,572fffb404bcaa1900d76ff2,idf,When did rapid warming begin and help vegetation?,"As northwest Europe slowly began to warm up from 22,000 years ago onward, frozen subsoil and expanded alpine glaciers began to thaw and fall-winter snow covers melted in spring. Much of the discharge was routed to the Rhine and its downstream extension. Rapid warming and changes of vegetation, to open forest, began about 13,000 BP. By 9000 BP, Europe was fully forested. With globally shrinking ice-cover, ocean water levels rose and the English Channel and North Sea re-inundated. Meltwater, adding to the ocean and land subsidence, drowned the former coasts of Europe transgressionally.","[""13,000 BP"", ""13,000 BP"", ""13,000 BP""]",8,corrupted,transposition,any,3,3,True,hard,none,hWne did rapid wramign bgeni and help vegetation?,42005702.0,"[{""edit_num"": 1, ""old"": ""begin"", ""new"": ""bgeni"", ""location"": ""any"", ""typo_type"": ""transposition"", ""difficulty"": ""hard"", ""word_index"": 4, ""char_indices"": [1, 3], ""operation_count"": 2}, {""edit_num"": 2, ""old"": ""When"", ""new"": ""hWne"", ""location"": ""any"", ""typo_type"": ""transposition"", ""difficulty"": ""hard"", ""word_index"": 0, ""char_indices"": [0, 2], ""operation_count"": 2}, {""edit_num"": 3, ""old"": ""warming"", ""new"": ""wramign"", ""location"": ""any"", ""typo_type"": ""transposition"", ""difficulty"": ""hard"", ""word_index"": 3, ""char_indices"": [1, 5], ""operation_count"": 2}]",0.0,6,"13,000 BP",1.0,1.0,1.0,,1.2008774149999226,
Qwen/Qwen3-4B,,hf,squad,5725bd4b38643c19005acc33,idf,How long did it take Johnson to respond to Kennedy?,"On April 20, Kennedy sent a memo to Vice President Lyndon B. Johnson, asking Johnson to look into the status of America's space program, and into programs that could offer NASA the opportunity to catch up. Johnson responded approximately one week later, concluding that ""we are neither making maximum effort nor achieving results necessary if this country is to reach a position of leadership."" His memo concluded that a manned Moon landing was far enough in the future that it was likely the United States would achieve it first.","[""approximately one week"", ""one week"", ""one week"", ""one week"", ""one week""]",10,corrupted,transposition,any,3,3,True,hard,none,How olgn did it take Johnson to repsnod to eKnendy?,42015709.0,"[{""edit_num"": 1, ""old"": ""long"", ""new"": ""olgn"", ""location"": ""any"", ""typo_type"": ""transposition"", ""difficulty"": ""hard"", ""word_index"": 1, ""char_indices"": [0, 2], ""operation_count"": 2}, {""edit_num"": 2, ""old"": ""Kennedy"", ""new"": ""eKnendy"", ""location"": ""any"", ""typo_type"": ""transposition"", ""difficulty"": ""hard"", ""word_index"": 9, ""char_indices"": [0, 3], ""operation_count"": 2}, {""edit_num"": 3, ""old"": ""respond"", ""new"": ""repsnod"", ""location"": ""any"", ""typo_type"": ""transposition"", ""difficulty"": ""hard"", ""word_index"": 7, ""char_indices"": [2, 4], ""operation_count"": 2}]",0.0,6,one week,1.0,1.0,1.0,,0.7881220709996342,
Qwen/Qwen3-4B,,hf,squad,56e1cbe2cd28a01900c67bae,idf,What measurement of time is used in polynomial time reduction?,"The most commonly used reduction is a polynomial-time reduction. This means that the reduction process takes polynomial time. For example, the problem of squaring an integer can be reduced to the problem of multiplying two integers. This means an algorithm for multiplying two integers can be used to square an integer. Indeed, this can be done by giving the same input to both inputs of the multiplication algorithm. Thus we see that squaring is not more difficult than multiplication, since squaring can be reduced to multiplication.","[""polynomial time"", ""polynomial"", ""polynomial time""]",10,corrupted,transposition,any,3,3,True,hard,none,What measurement of time is used in ploynomail item rdeutcion?,42025716.0,"[{""edit_num"": 1, ""old"": ""polynomial"", ""new"": ""ploynomail"", ""location"": ""any"", ""typo_type"": ""transposition"", ""difficulty"": ""hard"", ""word_index"": 7, ""char_indices"": [1, 7], ""operation_count"": 2}, {""edit_num"": 2, ""old"": ""time"", ""new"": ""item"", ""location"": ""any"", ""typo_type"": ""transposition"", ""difficulty"": ""hard"", ""word_index"": 8, ""char_indices"": [0, 2], ""operation_count"": 2}, {""edit_num"": 3, ""old"": ""reduction"", ""new"": ""rdeutcion"", ""location"": ""any"", ""typo_type"": ""transposition"", ""difficulty"": ""hard"", ""word_index"": 9, ""char_indices"": [1, 4], ""operation_count"": 2}]",0.0,6,polynomial-time,0.0,0.0,1.0,,0.8531958799999302,
Qwen/Qwen3-4B,,hf,squad,5729f39a6aef05140015514d,idf,What is the receptor that killer T cells use to bind to specific antigens that are complexed with the MHC Class 1 receptor of another cell?,"Killer T cells are a sub-group of T cells that kill cells that are infected with viruses (and other pathogens), or are otherwise damaged or dysfunctional. As with B cells, each type of T cell recognizes a different antigen. Killer T cells are activated when their T cell receptor (TCR) binds to this specific antigen in a complex with the MHC Class I receptor of another cell. Recognition of this MHC:antigen complex is aided by a co-receptor on the T cell, called CD8. The T cell then travels throughout the body in search of cells where the MHC I receptors bear this antigen. When an activated T cell contacts such cells, it releases cytotoxins, such as perforin, which form pores in the target cell's plasma membrane, allowing ions, water and toxins to enter. The entry of another toxin called granulysin (a protease) induces the target cell to undergo apoptosis. T cell killing of host cells is particularly important in preventing the replication of viruses. T cell activation is tightly controlled and generally requires a very strong MHC/antigen activation signal, or additional activation signals provided by ""helper"" T cells (see below).","[""T cell receptor (TCR)"", ""T cell receptor"", ""T cell receptor (TCR)""]",25,corrupted,transposition,any,3,3,True,hard,none,What is the receptor that killer T eclsl use to bind to specific antigens htta are complexed with the MHC lCsas 1 receptor of another cell?,42035723.0,"[{""edit_num"": 1, ""old"": ""Class"", ""new"": ""lCsas"", ""location"": ""any"", ""typo_type"": ""transposition"", ""difficulty"": ""hard"", ""word_index"": 20, ""char_indices"": [0, 2], ""operation_count"": 2}, {""edit_num"": 2, ""old"": ""that"", ""new"": ""htta"", ""location"": ""any"", ""typo_type"": ""transposition"", ""difficulty"": ""hard"", ""word_index"": 14, ""char_indices"": [0, 2], ""operation_count"": 2}, {""edit_num"": 3, ""old"": ""cells"", ""new"": ""eclsl"", ""location"": ""any"", ""typo_type"": ""transposition"", ""difficulty"": ""hard"", ""word_index"": 7, ""char_indices"": [0, 3], ""operation_count"": 2}]",0.0,6,T cell receptor (TCR),1.0,1.0,1.0,,1.7365054970000529,
Qwen/Qwen3-4B,,hf,squad,571136b8a58dae1900cd6d22,idf,"Along with poppet valve gears, what type of gears utilized separate admission and exhaust valves to give ideal events?","In the 1840s and 50s, there were attempts to overcome this problem by means of various patent valve gears with a separate, variable cutoff expansion valve riding on the back of the main slide valve; the latter usually had fixed or limited cutoff. The combined setup gave a fair approximation of the ideal events, at the expense of increased friction and wear, and the mechanism tended to be complicated. The usual compromise solution has been to provide lap by lengthening rubbing surfaces of the valve in such a way as to overlap the port on the admission side, with the effect that the exhaust side remains open for a longer period after cut-off on the admission side has occurred. This expedient has since been generally considered satisfactory for most purposes and makes possible the use of the simpler Stephenson, Joy and Walschaerts motions. Corliss, and later, poppet valve gears had separate admission and exhaust valves driven by trip mechanisms or cams profiled so as to give ideal events; most of these gears never succeeded outside of the stationary marketplace due to various other issues including leakage and more delicate mechanisms.","[""Corliss"", ""patent valve"", ""Corliss""]",19,corrupted,transposition,any,3,3,True,hard,none,"Along with poppet valve gaesr, what type of gears utilized separate daimssion and exhaust valves to give ideal evnest?",42045730.0,"[{""edit_num"": 1, ""old"": ""admission"", ""new"": ""daimssion"", ""location"": ""any"", ""typo_type"": ""transposition"", ""difficulty"": ""hard"", ""word_index"": 11, ""char_indices"": [0, 2], ""operation_count"": 2}, {""edit_num"": 2, ""old"": ""events"", ""new"": ""evnest"", ""location"": ""any"", ""typo_type"": ""transposition"", ""difficulty"": ""hard"", ""word_index"": 18, ""char_indices"": [2, 4], ""operation_count"": 2}, {""edit_num"": 3, ""old"": ""gears"", ""new"": ""gaesr"", ""location"": ""any"", ""typo_type"": ""transposition"", ""difficulty"": ""hard"", ""word_index"": 4, ""char_indices"": [1, 3], ""operation_count"": 2}]",0.0,6,Corliss,1.0,1.0,1.0,,1.2493372630001431,
Qwen/Qwen3-4B,,hf,squad,56e089ab231d4119001ac285,idf,When was a patent-sharing agreement signed between Westinghouse Electric and General Electric?,"The mid 1890s saw the conglomerate General Electric, backed by financier J. P. Morgan, involved in takeover attempts and patent battles with Westinghouse Electric. Although a patent-sharing agreement was signed between the two companies in 1896 Westinghouse was still cash-strapped from the financial warfare. To secure further loans, Westinghouse was forced to revisit Tesla's AC patent, which bankers considered a financial strain on the company (at that point Westinghouse had paid out an estimated $200,000 in licenses and royalties to Tesla, Brown, and Peck). In 1897, Westinghouse explained his financial difficulties to Tesla in stark terms, saying that if things continue the way they were he would no longer be in control of Westinghouse Electric and Tesla would have to ""deal with the bankers"" to try to collect future royalties. Westinghouse convinced Tesla to release his company from the licensing agreement over Tesla's AC patents in exchange for Westinghouse Electric purchasing the patents for a lump sum payment of $216,000; this provided Westinghouse a break from what, due to alternating current's rapid gain in popularity, had turned out to be an overly generous $2.50 per AC horsepower royalty.","[""1896"", ""1896"", ""1896""]",13,corrupted,transposition,any,3,3,True,hard,none,When was a patent-sharing agreement signed btewene Wesitnghuose Electric and General Eeltcric?,42055737.0,"[{""edit_num"": 1, ""old"": ""Westinghouse"", ""new"": ""Wesitnghuose"", ""location"": ""any"", ""typo_type"": ""transposition"", ""difficulty"": ""hard"", ""word_index"": 8, ""char_indices"": [3, 8], ""operation_count"": 2}, {""edit_num"": 2, ""old"": ""between"", ""new"": ""btewene"", ""location"": ""any"", ""typo_type"": ""transposition"", ""difficulty"": ""hard"", ""word_index"": 7, ""char_indices"": [1, 5], ""operation_count"": 2}, {""edit_num"": 3, ""old"": ""Electric"", ""new"": ""Eeltcric"", ""location"": ""any"", ""typo_type"": ""transposition"", ""difficulty"": ""hard"", ""word_index"": 12, ""char_indices"": [1, 3], ""operation_count"": 2}]",0.0,6,1896,1.0,1.0,1.0,,1.491485238000223,
Qwen/Qwen3-4B,,hf,squad,570d29c2b3d812140066d4c0,idf,How many Victorians are Buddhist?,"About 61.1% of Victorians describe themselves as Christian. Roman Catholics form the single largest religious group in the state with 26.7% of the Victorian population, followed by Anglicans and members of the Uniting Church. Buddhism is the state's largest non-Christian religion, with 168,637 members as of the most recent census. Victoria is also home of 152,775 Muslims and 45,150 Jews. Hinduism is the fastest growing religion. Around 20% of Victorians claim no religion. Amongst those who declare a religious affiliation, church attendance is low.","[""168,637"", ""168,637"", ""168,637""]",5,corrupted,transposition,any,3,3,True,hard,none,How amyn Victoirnas are Bdudhits?,42065744.0,"[{""edit_num"": 1, ""old"": ""many"", ""new"": ""amyn"", ""location"": ""any"", ""typo_type"": ""transposition"", ""difficulty"": ""hard"", ""word_index"": 1, ""char_indices"": [0, 2], ""operation_count"": 2}, {""edit_num"": 2, ""old"": ""Victorians"", ""new"": ""Victoirnas"", ""location"": ""any"", ""typo_type"": ""transposition"", ""difficulty"": ""hard"", ""word_index"": 2, ""char_indices"": [5, 7], ""operation_count"": 2}, {""edit_num"": 3, ""old"": ""Buddhist"", ""new"": ""Bdudhits"", ""location"": ""any"", ""typo_type"": ""transposition"", ""difficulty"": ""hard"", ""word_index"": 4, ""char_indices"": [1, 6], ""operation_count"": 2}]",0.0,6,"168,637",1.0,1.0,1.0,,1.2136576090001654,
Qwen/Qwen3-4B,,hf,squad,57267ebfdd62a815002e872c,idf,Zones in which mountains are built along convergent tectonic plate boundaries are called what?,"Among the most well-known experiments in structural geology are those involving orogenic wedges, which are zones in which mountains are built along convergent tectonic plate boundaries. In the analog versions of these experiments, horizontal layers of sand are pulled along a lower surface into a back stop, which results in realistic-looking patterns of faulting and the growth of a critically tapered (all angles remain the same) orogenic wedge. Numerical models work in the same way as these analog models, though they are often more sophisticated and can include patterns of erosion and uplift in the mountain belt. This helps to show the relationship between erosion and the shape of the mountain range. These studies can also give useful information about pathways for metamorphism through pressure, temperature, space, and time.","[""orogenic wedges"", ""orogenic wedges"", ""orogenic wedges""]",14,corrupted,transposition,any,3,3,True,hard,none,Zones in which mountains are built laogn convergent tectonic plate boundaries are acllde hwta?,42075751.0,"[{""edit_num"": 1, ""old"": ""along"", ""new"": ""laogn"", ""location"": ""any"", ""typo_type"": ""transposition"", ""difficulty"": ""hard"", ""word_index"": 6, ""char_indices"": [0, 3], ""operation_count"": 2}, {""edit_num"": 2, ""old"": ""called"", ""new"": ""acllde"", ""location"": ""any"", ""typo_type"": ""transposition"", ""difficulty"": ""hard"", ""word_index"": 12, ""char_indices"": [0, 4], ""operation_count"": 2}, {""edit_num"": 3, ""old"": ""what"", ""new"": ""hwta"", ""location"": ""any"", ""typo_type"": ""transposition"", ""difficulty"": ""hard"", ""word_index"": 13, ""char_indices"": [0, 2], ""operation_count"": 2}]",0.0,6,orogenic wedges,1.0,1.0,1.0,,1.0671148970000104,
Qwen/Qwen3-4B,,hf,squad,57115e532419e314009555b1,idf,What was compounding seen as being in the locomotive construction industry?,"The adoption of compounding was common for industrial units, for road engines and almost universal for marine engines after 1880; it was not universally popular in railway locomotives where it was often perceived as complicated. This is partly due to the harsh railway operating environment and limited space afforded by the loading gauge (particularly in Britain, where compounding was never common and not employed after 1930). However, although never in the majority, it was popular in many other countries.","[""complicated"", ""complicated"", ""complicated""]",11,corrupted,transposition,any,3,3,True,hard,none,What was copmounidng seen as being in the olcomotiev cosnturction industry?,42085758.0,"[{""edit_num"": 1, ""old"": ""locomotive"", ""new"": ""olcomotiev"", ""location"": ""any"", ""typo_type"": ""transposition"", ""difficulty"": ""hard"", ""word_index"": 8, ""char_indices"": [0, 8], ""operation_count"": 2}, {""edit_num"": 2, ""old"": ""compounding"", ""new"": ""copmounidng"", ""location"": ""any"", ""typo_type"": ""transposition"", ""difficulty"": ""hard"", ""word_index"": 2, ""char_indices"": [2, 7], ""operation_count"": 2}, {""edit_num"": 3, ""old"": ""construction"", ""new"": ""cosnturction"", ""location"": ""any"", ""typo_type"": ""transposition"", ""difficulty"": ""hard"", ""word_index"": 9, ""char_indices"": [2, 5], ""operation_count"": 2}]",0.0,6,complicated,1.0,1.0,1.0,,0.7545077639997544,
Qwen/Qwen3-4B,,hf,squad,5726e3c4dd62a815002e9405,idf,What is the origin of clinical pharmacy?,"Pharmacists provide direct patient care services that optimizes the use of medication and promotes health, wellness, and disease prevention. Clinical pharmacists care for patients in all health care settings, but the clinical pharmacy movement initially began inside hospitals and clinics. Clinical pharmacists often collaborate with physicians and other healthcare professionals to improve pharmaceutical care. Clinical pharmacists are now an integral part of the interdisciplinary approach to patient care. They often participate in patient care rounds drug product selection.","[""inside hospitals and clinics"", ""inside hospitals and clinics"", ""the clinical pharmacy movement initially began inside hospitals and clinics""]",7,corrupted,transposition,any,3,3,True,hard,none,hWta is the orgini of clincila pharmacy?,42095765.0,"[{""edit_num"": 1, ""old"": ""clinical"", ""new"": ""clincila"", ""location"": ""any"", ""typo_type"": ""transposition"", ""difficulty"": ""hard"", ""word_index"": 5, ""char_indices"": [4, 6], ""operation_count"": 2}, {""edit_num"": 2, ""old"": ""origin"", ""new"": ""orgini"", ""location"": ""any"", ""typo_type"": ""transposition"", ""difficulty"": ""hard"", ""word_index"": 3, ""char_indices"": [2, 4], ""operation_count"": 2}, {""edit_num"": 3, ""old"": ""What"", ""new"": ""hWta"", ""location"": ""any"", ""typo_type"": ""transposition"", ""difficulty"": ""hard"", ""word_index"": 0, ""char_indices"": [0, 2], ""operation_count"": 2}]",0.0,6,hospitals and clinics,0.0,0.8571428571428571,0.0,,0.9189509000002545,
Qwen/Qwen3-4B,,hf,squad,5725d42a89a1e219009abf58,idf,"Who wrote ""Walking in Fresno?""","In the 1970s, the city was the subject of a song, ""Walking Into Fresno"", written by Hall Of Fame guitarist Bill Aken and recorded by Bob Gallion of the world-famous ""WWVA Jamboree"" radio and television show in Wheeling, West Virginia. Aken, adopted by Mexican movie actress Lupe Mayorga, grew up in the neighboring town of Madera and his song chronicled the hardships faced by the migrant farm workers he saw as a child. Aken also made his first TV appearance playing guitar on the old country-western show at The Fresno Barn.","[""Bill Aken"", ""Bill Aken"", ""Bill Aken""]",5,corrupted,transposition,any,3,3,True,hard,none,"Who rwoet ""aWlknig in Ferson?""",42105772.0,"[{""edit_num"": 1, ""old"": ""Fresno"", ""new"": ""Ferson"", ""location"": ""any"", ""typo_type"": ""transposition"", ""difficulty"": ""hard"", ""word_index"": 4, ""char_indices"": [1, 4], ""operation_count"": 2}, {""edit_num"": 2, ""old"": ""Walking"", ""new"": ""aWlknig"", ""location"": ""any"", ""typo_type"": ""transposition"", ""difficulty"": ""hard"", ""word_index"": 2, ""char_indices"": [0, 4], ""operation_count"": 2}, {""edit_num"": 3, ""old"": ""wrote"", ""new"": ""rwoet"", ""location"": ""any"", ""typo_type"": ""transposition"", ""difficulty"": ""hard"", ""word_index"": 1, ""char_indices"": [0, 3], ""operation_count"": 2}]",0.0,6,Bill Aken,1.0,1.0,1.0,,0.9980742080001619,
Qwen/Qwen3-4B,,hf,squad,5728f9342ca10214002dab53,idf,What do some believe about this pronunciation?,"Ludwig Krapf recorded the name as both Kenia and Kegnia believed by most to be a corruption of the Kamba version. Others say that this was—on the contrary—a very precise notation of a correct African pronunciation /ˈkɛnjə/. An 1882 map drawn by Joseph Thompsons, a Scottish geologist and naturalist, indicated Mt. Kenya as Mt. Kenia, 1862. Controversy over the actual meaning of the word Kenya notwithstanding, it is clear that the mountain's name became widely accepted, pars pro toto, as the name of the country.","[""a very precise notation of a correct African pronunciation"", ""precise"", ""precise""]",7,corrupted,transposition,any,3,3,True,hard,none,hWta do some believe aobtu this pronuncaiiton?,42115779.0,"[{""edit_num"": 1, ""old"": ""pronunciation"", ""new"": ""pronuncaiiton"", ""location"": ""any"", ""typo_type"": ""transposition"", ""difficulty"": ""hard"", ""word_index"": 6, ""char_indices"": [7, 9], ""operation_count"": 2}, {""edit_num"": 2, ""old"": ""about"", ""new"": ""aobtu"", ""location"": ""any"", ""typo_type"": ""transposition"", ""difficulty"": ""hard"", ""word_index"": 4, ""char_indices"": [1, 3], ""operation_count"": 2}, {""edit_num"": 3, ""old"": ""What"", ""new"": ""hWta"", ""location"": ""any"", ""typo_type"": ""transposition"", ""difficulty"": ""hard"", ""word_index"": 0, ""char_indices"": [0, 2], ""operation_count"": 2}]",0.0,6,corruption of the Kamba version,0.0,0.18181818181818182,0.0,,1.2344365159997324,
Qwen/Qwen3-4B,,hf,squad,5725ba5038643c19005acbea,idf,Who was the deputy administrator of NASA in 1960?,"In July 1960, NASA Deputy Administrator Hugh L. Dryden announced the Apollo program to industry representatives at a series of Space Task Group conferences. Preliminary specifications were laid out for a spacecraft with a mission module cabin separate from the command module (piloting and re-entry cabin), and a propulsion and equipment module. On August 30, a feasibility study competition was announced, and on October 25, three study contracts were awarded to General Dynamics/Convair, General Electric, and the Glenn L. Martin Company. Meanwhile, NASA performed its own in-house spacecraft design studies led by Maxime Faget, to serve as a gauge to judge and monitor the three industry designs.","[""Hugh L. Dryden"", ""Maxime Faget"", ""Hugh L. Dryden"", ""Hugh L. Dryden"", ""Hugh L. Dryden""]",8,corrupted,transposition,any,3,3,True,hard,none,Who was the edpuyt admiinstrtaor of ANAS in 1960?,42125786.0,"[{""edit_num"": 1, ""old"": ""deputy"", ""new"": ""edpuyt"", ""location"": ""any"", ""typo_type"": ""transposition"", ""difficulty"": ""hard"", ""word_index"": 3, ""char_indices"": [0, 4], ""operation_count"": 2}, {""edit_num"": 2, ""old"": ""administrator"", ""new"": ""admiinstrtaor"", ""location"": ""any"", ""typo_type"": ""transposition"", ""difficulty"": ""hard"", ""word_index"": 4, ""char_indices"": [4, 9], ""operation_count"": 2}, {""edit_num"": 3, ""old"": ""NASA"", ""new"": ""ANAS"", ""location"": ""any"", ""typo_type"": ""transposition"", ""difficulty"": ""hard"", ""word_index"": 6, ""char_indices"": [0, 2], ""operation_count"": 2}]",0.0,6,Hugh L. Dryden,1.0,1.0,1.0,,1.1084563909998906,
Qwen/Qwen3-4B,,hf,squad,5730cb8df6cb411900e244c2,idf,What is the guidebook for local churches and pastors?,"The Book of Discipline is the guidebook for local churches and pastors and describes in considerable detail the organizational structure of local United Methodist churches. All UM churches must have a board of trustees with at least three members and no more than nine members and it is recommended that no gender should hold more than a 2/3 majority. All churches must also have a nominations committee, a finance committee and a church council or administrative council. Other committees are suggested but not required such as a missions committee, or evangelism or worship committee. Term limits are set for some committees but not for all. The church conference is an annual meeting of all the officers of the church and any interested members. This committee has the exclusive power to set pastors' salaries (compensation packages for tax purposes) and to elect officers to the committees.","[""The Book of Discipline"", ""The Book of Discipline"", ""The Book of Discipline""]",9,corrupted,transposition,any,3,3,True,hard,none,hWta is the guidebook for local hcurcehs and patsosr?,42135793.0,"[{""edit_num"": 1, ""old"": ""churches"", ""new"": ""hcurcehs"", ""location"": ""any"", ""typo_type"": ""transposition"", ""difficulty"": ""hard"", ""word_index"": 6, ""char_indices"": [0, 5], ""operation_count"": 2}, {""edit_num"": 2, ""old"": ""What"", ""new"": ""hWta"", ""location"": ""any"", ""typo_type"": ""transposition"", ""difficulty"": ""hard"", ""word_index"": 0, ""char_indices"": [0, 2], ""operation_count"": 2}, {""edit_num"": 3, ""old"": ""pastors"", ""new"": ""patsosr"", ""location"": ""any"", ""typo_type"": ""transposition"", ""difficulty"": ""hard"", ""word_index"": 8, ""char_indices"": [2, 5], ""operation_count"": 2}]",0.0,6,The Book of Discipline,1.0,1.0,1.0,,1.1433067159996426,
Qwen/Qwen3-4B,,hf,squad,5730b10b8ab72b1400f9c69e,idf,Is the UMC pro-life or pro-choice?,"The United Methodist Church upholds the sanctity of human life both of the child and the mother. As a result, the church is ""reluctant to affirm abortion as an acceptable practice,"" and condemns the use of late-term or partial birth abortion except as a medical necessity. The denomination as a whole is committed to ""assist[ing] the ministry of crisis pregnancy centers and pregnancy resource centers that compassionately help women find feasible alternatives to abortion."" Still, the denomination is pro-choice and also ""was a founding member of the Religious Coalition for Reproductive Choice...[and] 2008 General Conference [went] on record in support of the work of the Religious Coalition for Reproductive Choice"".","[""pro-choice"", ""pro-choice"", ""pro-choice""]",8,corrupted,transposition,any,3,2,False,hard,none,Is the UMC pro-ilef or pro-cohiec?,42145800.0,"[{""edit_num"": 1, ""old"": ""choice"", ""new"": ""cohiec"", ""location"": ""any"", ""typo_type"": ""transposition"", ""difficulty"": ""hard"", ""word_index"": 7, ""char_indices"": [1, 4], ""operation_count"": 2}, {""edit_num"": 2, ""old"": ""life"", ""new"": ""ilef"", ""location"": ""any"", ""typo_type"": ""transposition"", ""difficulty"": ""hard"", ""word_index"": 4, ""char_indices"": [0, 2], ""operation_count"": 2}]",0.0,4,pro-choice,1.0,1.0,1.0,,0.9674974270001258,
Qwen/Qwen3-4B,,hf,squad,5728d5793acd2414000dffb4,idf,Antigone was a play made by whom?,"One of the oldest depictions of civil disobedience is in Sophocles' play Antigone, in which Antigone, one of the daughters of former King of Thebes, Oedipus, defies Creon, the current King of Thebes, who is trying to stop her from giving her brother Polynices a proper burial. She gives a stirring speech in which she tells him that she must obey her conscience rather than human law. She is not at all afraid of the death he threatens her with (and eventually carries out), but she is afraid of how her conscience will smite her if she does not do this.","[""Sophocles"", ""Sophocles"", ""Sophocles"", ""Sophocles"", ""Sophocles""]",7,corrupted,transposition,any,3,3,True,hard,none,Antiogen was a play amed by hwmo?,42155807.0,"[{""edit_num"": 1, ""old"": ""whom"", ""new"": ""hwmo"", ""location"": ""any"", ""typo_type"": ""transposition"", ""difficulty"": ""hard"", ""word_index"": 6, ""char_indices"": [0, 2], ""operation_count"": 2}, {""edit_num"": 2, ""old"": ""Antigone"", ""new"": ""Antiogen"", ""location"": ""any"", ""typo_type"": ""transposition"", ""difficulty"": ""hard"", ""word_index"": 0, ""char_indices"": [4, 6], ""operation_count"": 2}, {""edit_num"": 3, ""old"": ""made"", ""new"": ""amed"", ""location"": ""any"", ""typo_type"": ""transposition"", ""difficulty"": ""hard"", ""word_index"": 4, ""char_indices"": [0, 2], ""operation_count"": 2}]",0.0,6,Sophocles,1.0,1.0,1.0,,1.0288528719997885,
Qwen/Qwen3-4B,,hf,squad,572655e5f1498d1400e8dc61,idf,What is the main component of the aboral organ?,"The largest single sensory feature is the aboral organ (at the opposite end from the mouth). Its main component is a statocyst, a balance sensor consisting of a statolith, a solid particle supported on four bundles of cilia, called ""balancers"", that sense its orientation. The statocyst is protected by a transparent dome made of long, immobile cilia. A ctenophore does not automatically try to keep the statolith resting equally on all the balancers. Instead its response is determined by the animal's ""mood"", in other words the overall state of the nervous system. For example, if a ctenophore with trailing tentacles captures prey, it will often put some comb rows into reverse, spinning the mouth towards the prey.","[""a statocyst"", ""statocyst"", ""statocyst""]",9,corrupted,transposition,any,3,3,True,hard,none,hWta is the main component of the baorla ogrna?,42165814.0,"[{""edit_num"": 1, ""old"": ""organ"", ""new"": ""ogrna"", ""location"": ""any"", ""typo_type"": ""transposition"", ""difficulty"": ""hard"", ""word_index"": 8, ""char_indices"": [1, 3], ""operation_count"": 2}, {""edit_num"": 2, ""old"": ""aboral"", ""new"": ""baorla"", ""location"": ""any"", ""typo_type"": ""transposition"", ""difficulty"": ""hard"", ""word_index"": 7, ""char_indices"": [0, 4], ""operation_count"": 2}, {""edit_num"": 3, ""old"": ""What"", ""new"": ""hWta"", ""location"": ""any"", ""typo_type"": ""transposition"", ""difficulty"": ""hard"", ""word_index"": 0, ""char_indices"": [0, 2], ""operation_count"": 2}]",0.0,6,statocyst,1.0,1.0,1.0,,1.079537731000073,
Qwen/Qwen3-4B,,hf,squad,572a12386aef051400155235,idf,Hormones released during sleep support the interaction of T-cells and what species?,"In addition to the negative consequences of sleep deprivation, sleep and the intertwined circadian system have been shown to have strong regulatory effects on immunological functions affecting both the innate and the adaptive immunity. First, during the early slow-wave-sleep stage, a sudden drop in blood levels of cortisol, epinephrine, and norepinephrine induce increased blood levels of the hormones leptin, pituitary growth hormone, and prolactin. These signals induce a pro-inflammatory state through the production of the pro-inflammatory cytokines interleukin-1, interleukin-12, TNF-alpha and IFN-gamma. These cytokines then stimulate immune functions such as immune cells activation, proliferation, and differentiation. It is during this time that undifferentiated, or less differentiated, like naïve and central memory T cells, peak (i.e. during a time of a slowly evolving adaptive immune response). In addition to these effects, the milieu of hormones produced at this time (leptin, pituitary growth hormone, and prolactin) support the interactions between APCs and T-cells, a shift of the Th1/Th2 cytokine balance towards one that supports Th1, an increase in overall Th cell proliferation, and naïve T cell migration to lymph nodes. This milieu is also thought to support the formation of long-lasting immune memory through the initiation of Th1 immune responses.","[""APCs"", ""APCs"", ""APCs""]",13,corrupted,transposition,any,3,3,True,hard,none,Hormones released during selpe support the interaction of T-clesl and what pseices?,42175821.0,"[{""edit_num"": 1, ""old"": ""sleep"", ""new"": ""selpe"", ""location"": ""any"", ""typo_type"": ""transposition"", ""difficulty"": ""hard"", ""word_index"": 3, ""char_indices"": [1, 3], ""operation_count"": 2}, {""edit_num"": 2, ""old"": ""cells"", ""new"": ""clesl"", ""location"": ""any"", ""typo_type"": ""transposition"", ""difficulty"": ""hard"", ""word_index"": 9, ""char_indices"": [1, 3], ""operation_count"": 2}, {""edit_num"": 3, ""old"": ""species"", ""new"": ""pseices"", ""location"": ""any"", ""typo_type"": ""transposition"", ""difficulty"": ""hard"", ""word_index"": 12, ""char_indices"": [0, 3], ""operation_count"": 2}]",0.0,6,APCs,1.0,1.0,1.0,,1.3836045379998723,
Qwen/Qwen3-4B,,hf,squad,571c97e2dd7acb1400e4c11e,idf,Where does oxygen rank by mass in the planet's biosphere?,"Oxygen is the most abundant chemical element by mass in the Earth's biosphere, air, sea and land. Oxygen is the third most abundant chemical element in the universe, after hydrogen and helium. About 0.9% of the Sun's mass is oxygen. Oxygen constitutes 49.2% of the Earth's crust by mass and is the major component of the world's oceans (88.8% by mass). Oxygen gas is the second most common component of the Earth's atmosphere, taking up 20.8% of its volume and 23.1% of its mass (some 1015 tonnes).[d] Earth is unusual among the planets of the Solar System in having such a high concentration of oxygen gas in its atmosphere: Mars (with 0.1% O
2 by volume) and Venus have far lower concentrations. The O
2 surrounding these other planets is produced solely by ultraviolet radiation impacting oxygen-containing molecules such as carbon dioxide.","[""most abundant"", ""most"", ""most abundant"", ""most abundant"", ""most abundant""]",11,corrupted,transposition,any,3,3,True,hard,none,Where does xogyen arkn by mass in the lpnaet's biosphere?,42185828.0,"[{""edit_num"": 1, ""old"": ""planet"", ""new"": ""lpnaet"", ""location"": ""any"", ""typo_type"": ""transposition"", ""difficulty"": ""hard"", ""word_index"": 8, ""char_indices"": [0, 2], ""operation_count"": 2}, {""edit_num"": 2, ""old"": ""oxygen"", ""new"": ""xogyen"", ""location"": ""any"", ""typo_type"": ""transposition"", ""difficulty"": ""hard"", ""word_index"": 2, ""char_indices"": [0, 2], ""operation_count"": 2}, {""edit_num"": 3, ""old"": ""rank"", ""new"": ""arkn"", ""location"": ""any"", ""typo_type"": ""transposition"", ""difficulty"": ""hard"", ""word_index"": 3, ""char_indices"": [0, 2], ""operation_count"": 2}]",0.0,6,Earth's biosphere,0.0,0.0,0.0,,1.2804705949997697,
Qwen/Qwen3-4B,,hf,squad,5728ec6a4b864d19001650ae,idf,What type of sentences were the protesters given?,"When the Committee for Non-Violent Action sponsored a protest in August 1957, at the Camp Mercury nuclear test site near Las Vegas, Nevada, 13 of the protesters attempted to enter the test site knowing that they faced arrest. At a pre-arranged announced time, one at a time they stepped across the ""line"" and were immediately arrested. They were put on a bus and taken to the Nye County seat of Tonopah, Nevada, and arraigned for trial before the local Justice of the Peace, that afternoon. A well known civil rights attorney, Francis Heisler, had volunteered to defend the arrested persons, advising them to plead ""nolo contendere"", as an alternative to pleading either guilty or not-guilty. The arrested persons were found ""guilty,"" nevertheless, and given suspended sentences, conditional on their not reentering the test site grounds.[citation needed]","[""suspended sentences"", ""suspended sentences"", ""suspended"", ""suspended"", ""suspended""]",8,corrupted,transposition,any,3,3,True,hard,none,hWta type of sentences ewer the prtoestesr given?,42195835.0,"[{""edit_num"": 1, ""old"": ""were"", ""new"": ""ewer"", ""location"": ""any"", ""typo_type"": ""transposition"", ""difficulty"": ""hard"", ""word_index"": 4, ""char_indices"": [0, 2], ""operation_count"": 2}, {""edit_num"": 2, ""old"": ""protesters"", ""new"": ""prtoestesr"", ""location"": ""any"", ""typo_type"": ""transposition"", ""difficulty"": ""hard"", ""word_index"": 6, ""char_indices"": [2, 8], ""operation_count"": 2}, {""edit_num"": 3, ""old"": ""What"", ""new"": ""hWta"", ""location"": ""any"", ""typo_type"": ""transposition"", ""difficulty"": ""hard"", ""word_index"": 0, ""char_indices"": [0, 2], ""operation_count"": 2}]",0.0,6,suspended sentences,1.0,1.0,1.0,,1.2210270180003135,
